Place_ID X Date,target
0OS9LVX X 2020-01-02,44.428190
0OS9LVX X 2020-01-03,38.407011
0OS9LVX X 2020-01-04,32.163006
0OS9LVX X 2020-01-05,29.670440
0OS9LVX X 2020-01-06,36.752275
0OS9LVX X 2020-01-07,35.562475
0OS9LVX X 2020-01-08,40.391610
0OS9LVX X 2020-01-09,36.987014
0OS9LVX X 2020-01-10,40.978219
0OS9LVX X 2020-01-11,44.929020
0OS9LVX X 2020-01-12,46.621917
0OS9LVX X 2020-01-13,48.849460
0OS9LVX X 2020-01-14,44.935505
0OS9LVX X 2020-01-15,50.018761
0OS9LVX X 2020-01-16,43.178989
0OS9LVX X 2020-01-17,47.490620
0OS9LVX X 2020-01-18,48.479392
0OS9LVX X 2020-01-19,38.977152
0OS9LVX X 2020-01-20,41.661761
0OS9LVX X 2020-01-21,31.944484
0OS9LVX X 2020-01-22,37.264123
0OS9LVX X 2020-01-23,26.870093
0OS9LVX X 2020-01-24,23.548457
0OS9LVX X 2020-01-25,35.470319
0OS9LVX X 2020-01-26,26.600323
0OS9LVX X 2020-01-27,28.901533
0OS9LVX X 2020-01-28,27.980533
0OS9LVX X 2020-01-29,30.716966
0OS9LVX X 2020-01-30,37.207657
0OS9LVX X 2020-01-31,43.421126
0OS9LVX X 2020-02-01,41.000237
0OS9LVX X 2020-02-02,42.771704
0OS9LVX X 2020-02-03,40.574971
0OS9LVX X 2020-02-04,42.143202
0OS9LVX X 2020-02-05,39.148019
0OS9LVX X 2020-02-06,33.399539
0OS9LVX X 2020-02-07,36.396643
0OS9LVX X 2020-02-08,45.470396
0OS9LVX X 2020-02-09,43.965183
0OS9LVX X 2020-02-10,41.249090
0OS9LVX X 2020-02-11,40.083863
0OS9LVX X 2020-02-12,37.393909
0OS9LVX X 2020-02-13,33.738181
0OS9LVX X 2020-02-14,28.992719
0OS9LVX X 2020-02-15,25.410606
0OS9LVX X 2020-02-16,28.330168
0OS9LVX X 2020-02-17,30.219608
0OS9LVX X 2020-02-18,37.423550
0OS9LVX X 2020-02-19,37.983365
0OS9LVX X 2020-02-20,44.711938
0OS9LVX X 2020-02-21,30.682869
0OS9LVX X 2020-02-22,37.640597
0OS9LVX X 2020-02-23,27.702519
0OS9LVX X 2020-02-24,26.555678
0OS9LVX X 2020-02-25,28.068194
0OS9LVX X 2020-02-26,30.042386
0OS9LVX X 2020-02-27,30.480013
0OS9LVX X 2020-02-28,39.415218
0OS9LVX X 2020-02-29,30.071241
0OS9LVX X 2020-03-01,34.407112
0OS9LVX X 2020-03-02,31.863642
0OS9LVX X 2020-03-03,40.290313
0OS9LVX X 2020-03-04,49.935878
0OS9LVX X 2020-03-05,48.598644
0OS9LVX X 2020-03-06,40.041938
0OS9LVX X 2020-03-07,40.396426
0OS9LVX X 2020-03-08,38.234397
0OS9LVX X 2020-03-09,32.717536
0OS9LVX X 2020-03-10,28.973423
0OS9LVX X 2020-03-11,34.562380
0OS9LVX X 2020-03-12,33.721755
0OS9LVX X 2020-03-13,40.322982
0OS9LVX X 2020-03-14,38.842807
0OS9LVX X 2020-03-15,35.567693
0OS9LVX X 2020-03-16,39.540854
0OS9LVX X 2020-03-17,31.399356
0OS9LVX X 2020-03-18,41.005166
0OS9LVX X 2020-03-19,34.694503
0OS9LVX X 2020-03-20,27.318930
0OS9LVX X 2020-03-21,25.504305
0OS9LVX X 2020-03-22,33.223049
0OS9LVX X 2020-03-23,39.983246
0OS9LVX X 2020-03-24,46.757787
0OS9LVX X 2020-03-25,45.977119
0OS9LVX X 2020-03-26,31.457284
0OS9LVX X 2020-03-27,33.184112
0OS9LVX X 2020-03-28,42.637998
0OS9LVX X 2020-03-29,41.354306
0OS9LVX X 2020-03-30,51.545581
0OS9LVX X 2020-03-31,48.400913
0OS9LVX X 2020-04-01,50.544153
0OS9LVX X 2020-04-02,33.890978
0OS9LVX X 2020-04-03,41.832680
0OS9LVX X 2020-04-04,71.316496
0Q2LTOG X 2020-01-02,112.842380
0Q2LTOG X 2020-01-03,103.409945
0Q2LTOG X 2020-01-04,132.363161
0Q2LTOG X 2020-01-05,116.521552
0Q2LTOG X 2020-01-06,62.318468
0Q2LTOG X 2020-01-07,45.495766
0Q2LTOG X 2020-01-08,37.862529
0Q2LTOG X 2020-01-09,112.567114
0Q2LTOG X 2020-01-10,120.379107
0Q2LTOG X 2020-01-11,145.854917
0Q2LTOG X 2020-01-12,99.247804
0Q2LTOG X 2020-01-13,54.316459
0Q2LTOG X 2020-01-14,117.405251
0Q2LTOG X 2020-01-15,96.913365
0Q2LTOG X 2020-01-16,107.039083
0Q2LTOG X 2020-01-17,152.570399
0Q2LTOG X 2020-01-18,92.546899
0Q2LTOG X 2020-01-19,137.550694
0Q2LTOG X 2020-01-20,116.511646
0Q2LTOG X 2020-01-21,93.767497
0Q2LTOG X 2020-01-22,145.659280
0Q2LTOG X 2020-01-23,112.222607
0Q2LTOG X 2020-01-24,89.724066
0Q2LTOG X 2020-01-25,80.468819
0Q2LTOG X 2020-01-26,106.969396
0Q2LTOG X 2020-01-27,41.963062
0Q2LTOG X 2020-01-28,66.967246
0Q2LTOG X 2020-01-29,88.507731
0Q2LTOG X 2020-01-30,107.499516
0Q2LTOG X 2020-01-31,117.601829
0Q2LTOG X 2020-02-01,111.738857
0Q2LTOG X 2020-02-02,103.390381
0Q2LTOG X 2020-02-03,81.567307
0Q2LTOG X 2020-02-04,93.947976
0Q2LTOG X 2020-02-05,68.373345
0Q2LTOG X 2020-02-06,91.435172
0Q2LTOG X 2020-02-07,100.071307
0Q2LTOG X 2020-02-08,92.576556
0Q2LTOG X 2020-02-09,83.569739
0Q2LTOG X 2020-02-10,113.946981
0Q2LTOG X 2020-02-11,113.111257
0Q2LTOG X 2020-02-12,62.605278
0Q2LTOG X 2020-02-13,102.276528
0Q2LTOG X 2020-02-14,114.394439
0Q2LTOG X 2020-02-15,61.788664
0Q2LTOG X 2020-02-16,46.639187
0Q2LTOG X 2020-02-17,42.782857
0Q2LTOG X 2020-02-18,68.996080
0Q2LTOG X 2020-02-19,138.639697
0Q2LTOG X 2020-02-20,120.701496
0Q2LTOG X 2020-02-21,141.337421
0Q2LTOG X 2020-02-22,69.319467
0Q2LTOG X 2020-02-23,79.453683
0Q2LTOG X 2020-02-24,81.811548
0Q2LTOG X 2020-02-25,45.126139
0Q2LTOG X 2020-02-26,92.969714
0Q2LTOG X 2020-02-27,93.212286
0Q2LTOG X 2020-02-28,98.146952
0Q2LTOG X 2020-02-29,74.306980
0Q2LTOG X 2020-03-01,91.828742
0Q2LTOG X 2020-03-02,71.917807
0Q2LTOG X 2020-03-03,92.360651
0Q2LTOG X 2020-03-04,61.902324
0Q2LTOG X 2020-03-05,80.782425
0Q2LTOG X 2020-03-06,93.522768
0Q2LTOG X 2020-03-07,139.882779
0Q2LTOG X 2020-03-08,114.411422
0Q2LTOG X 2020-03-09,170.687377
0Q2LTOG X 2020-03-10,35.665153
0Q2LTOG X 2020-03-11,51.187188
0Q2LTOG X 2020-03-12,77.028817
0Q2LTOG X 2020-03-13,44.018646
0Q2LTOG X 2020-03-14,78.509885
0Q2LTOG X 2020-03-15,49.008885
0Q2LTOG X 2020-03-16,73.137434
0Q2LTOG X 2020-03-17,80.813865
0Q2LTOG X 2020-03-18,77.381294
0Q2LTOG X 2020-03-19,67.334549
0Q2LTOG X 2020-03-20,71.979176
0Q2LTOG X 2020-03-21,109.037832
0Q2LTOG X 2020-03-22,49.157683
0Q2LTOG X 2020-03-23,81.124774
0Q2LTOG X 2020-03-24,104.760390
0Q2LTOG X 2020-03-25,119.371091
0Q2LTOG X 2020-03-26,75.747225
0Q2LTOG X 2020-03-27,66.568485
0Q2LTOG X 2020-03-28,65.373265
0Q2LTOG X 2020-03-29,71.741614
0Q2LTOG X 2020-03-30,82.287648
0Q2LTOG X 2020-03-31,75.486034
0Q2LTOG X 2020-04-01,67.991097
0Q2LTOG X 2020-04-02,79.206690
0Q2LTOG X 2020-04-03,66.904421
0Q2LTOG X 2020-04-04,55.893615
15WCXN1 X 2020-01-02,203.299937
15WCXN1 X 2020-01-03,219.241762
15WCXN1 X 2020-01-04,197.462366
15WCXN1 X 2020-01-05,187.380488
15WCXN1 X 2020-01-06,144.136844
15WCXN1 X 2020-01-07,41.835098
15WCXN1 X 2020-01-08,127.746377
15WCXN1 X 2020-01-09,192.568722
15WCXN1 X 2020-01-10,205.509020
15WCXN1 X 2020-01-11,172.453271
15WCXN1 X 2020-01-12,182.458612
15WCXN1 X 2020-01-13,142.625413
15WCXN1 X 2020-01-14,138.037849
15WCXN1 X 2020-01-15,197.401591
15WCXN1 X 2020-01-16,176.484790
15WCXN1 X 2020-01-17,151.320692
15WCXN1 X 2020-01-18,182.894303
15WCXN1 X 2020-01-19,58.245933
15WCXN1 X 2020-01-20,123.069483
15WCXN1 X 2020-01-21,164.946358
15WCXN1 X 2020-01-22,186.161763
15WCXN1 X 2020-01-23,125.060712
15WCXN1 X 2020-01-24,108.360214
15WCXN1 X 2020-01-25,144.987167
15WCXN1 X 2020-01-26,161.831378
15WCXN1 X 2020-01-27,122.638627
15WCXN1 X 2020-01-28,159.507049
15WCXN1 X 2020-01-29,130.894925
15WCXN1 X 2020-01-30,112.685143
15WCXN1 X 2020-01-31,155.681304
15WCXN1 X 2020-02-01,154.526603
15WCXN1 X 2020-02-02,112.809437
15WCXN1 X 2020-02-03,107.774118
15WCXN1 X 2020-02-04,78.819086
15WCXN1 X 2020-02-05,100.858611
15WCXN1 X 2020-02-06,158.344586
15WCXN1 X 2020-02-07,163.862530
15WCXN1 X 2020-02-08,105.572071
15WCXN1 X 2020-02-09,114.618873
15WCXN1 X 2020-02-10,151.037896
15WCXN1 X 2020-02-11,141.586262
15WCXN1 X 2020-02-12,96.623351
15WCXN1 X 2020-02-13,122.043284
15WCXN1 X 2020-02-14,95.610627
15WCXN1 X 2020-02-15,109.426909
15WCXN1 X 2020-02-16,92.799573
15WCXN1 X 2020-02-17,136.683542
15WCXN1 X 2020-02-18,144.241888
15WCXN1 X 2020-02-19,124.879746
15WCXN1 X 2020-02-20,80.134443
15WCXN1 X 2020-02-21,109.879966
15WCXN1 X 2020-02-22,104.884224
15WCXN1 X 2020-02-23,113.132661
15WCXN1 X 2020-02-24,90.282813
15WCXN1 X 2020-02-25,76.065306
15WCXN1 X 2020-02-26,41.737190
15WCXN1 X 2020-02-27,116.230175
15WCXN1 X 2020-02-28,91.157044
15WCXN1 X 2020-02-29,108.228702
15WCXN1 X 2020-03-01,78.457930
15WCXN1 X 2020-03-02,135.794093
15WCXN1 X 2020-03-03,119.166596
15WCXN1 X 2020-03-04,117.106929
15WCXN1 X 2020-03-05,125.372458
15WCXN1 X 2020-03-06,66.357046
15WCXN1 X 2020-03-07,63.379213
15WCXN1 X 2020-03-08,66.758392
15WCXN1 X 2020-03-09,115.820095
15WCXN1 X 2020-03-10,96.535754
15WCXN1 X 2020-03-11,93.972757
15WCXN1 X 2020-03-12,69.454999
15WCXN1 X 2020-03-13,92.079750
15WCXN1 X 2020-03-14,112.041619
15WCXN1 X 2020-03-15,32.653931
15WCXN1 X 2020-03-16,80.671831
15WCXN1 X 2020-03-17,68.454136
15WCXN1 X 2020-03-18,98.479619
15WCXN1 X 2020-03-19,42.319409
15WCXN1 X 2020-03-20,97.480757
15WCXN1 X 2020-03-21,84.358632
15WCXN1 X 2020-03-22,97.831391
15WCXN1 X 2020-03-23,53.466856
15WCXN1 X 2020-03-24,112.783739
15WCXN1 X 2020-03-25,84.445595
15WCXN1 X 2020-03-26,37.837786
15WCXN1 X 2020-03-27,56.213908
15WCXN1 X 2020-03-28,68.738774
15WCXN1 X 2020-03-29,98.744437
15WCXN1 X 2020-03-30,115.235508
15WCXN1 X 2020-03-31,114.878546
15WCXN1 X 2020-04-01,69.207138
15WCXN1 X 2020-04-02,80.011503
15WCXN1 X 2020-04-03,55.432015
15WCXN1 X 2020-04-04,60.436020
19090SM X 2020-01-02,79.225257
19090SM X 2020-01-03,91.317257
19090SM X 2020-01-04,125.835312
19090SM X 2020-01-05,130.712354
19090SM X 2020-01-06,86.015820
19090SM X 2020-01-07,88.465198
19090SM X 2020-01-08,50.979849
19090SM X 2020-01-09,148.448292
19090SM X 2020-01-10,122.161757
19090SM X 2020-01-11,81.028786
19090SM X 2020-01-12,43.787444
19090SM X 2020-01-13,101.607873
19090SM X 2020-01-14,43.949060
19090SM X 2020-01-15,76.927310
19090SM X 2020-01-16,94.304800
19090SM X 2020-01-17,56.484729
19090SM X 2020-01-18,49.352111
19090SM X 2020-01-19,62.141200
19090SM X 2020-01-20,143.251103
19090SM X 2020-01-21,58.751963
19090SM X 2020-01-22,72.994820
19090SM X 2020-01-23,155.775390
19090SM X 2020-02-18,74.085287
19090SM X 2020-02-19,51.655020
19090SM X 2020-02-20,51.904524
19090SM X 2020-02-21,96.642361
19090SM X 2020-02-22,57.762324
19090SM X 2020-02-23,51.244008
19090SM X 2020-02-24,61.249440
19090SM X 2020-02-25,32.734631
19090SM X 2020-02-26,99.184556
19090SM X 2020-02-27,115.836026
19090SM X 2020-02-28,90.252388
19090SM X 2020-02-29,128.136889
19090SM X 2020-03-01,54.935026
19090SM X 2020-03-02,42.952411
19090SM X 2020-03-03,77.916382
19090SM X 2020-03-04,60.186587
19090SM X 2020-03-05,61.967413
19090SM X 2020-03-06,85.931684
19090SM X 2020-03-07,44.634409
19090SM X 2020-03-08,78.557409
19090SM X 2020-03-09,63.316608
19090SM X 2020-03-10,119.967107
19090SM X 2020-03-11,115.122819
19090SM X 2020-03-12,60.645280
19090SM X 2020-03-13,26.851159
19090SM X 2020-03-14,35.886167
19090SM X 2020-03-15,68.645738
19090SM X 2020-03-16,96.115815
19090SM X 2020-03-17,66.748233
19090SM X 2020-03-18,39.512873
19090SM X 2020-03-19,53.756210
19090SM X 2020-03-20,70.686526
19090SM X 2020-03-21,51.014167
19090SM X 2020-03-22,59.290062
19090SM X 2020-03-23,46.767778
19090SM X 2020-03-24,88.704918
19090SM X 2020-03-25,46.468632
19090SM X 2020-03-26,69.427673
19090SM X 2020-03-27,47.248197
19090SM X 2020-03-28,49.400520
19090SM X 2020-03-29,50.775497
19090SM X 2020-03-30,65.708876
19090SM X 2020-03-31,53.022037
19090SM X 2020-04-01,53.196489
19090SM X 2020-04-02,47.833782
19090SM X 2020-04-03,50.582706
19090SM X 2020-04-04,57.210196
1BD5TVT X 2020-01-02,87.934979
1BD5TVT X 2020-01-03,73.776544
1BD5TVT X 2020-01-04,71.150853
1BD5TVT X 2020-01-05,77.068304
1BD5TVT X 2020-01-06,71.887103
1BD5TVT X 2020-01-07,63.991623
1BD5TVT X 2020-01-08,73.450440
1BD5TVT X 2020-01-09,81.792093
1BD5TVT X 2020-01-10,70.589097
1BD5TVT X 2020-01-11,71.676097
1BD5TVT X 2020-01-12,62.194524
1BD5TVT X 2020-01-13,76.757882
1BD5TVT X 2020-01-14,128.274833
1BD5TVT X 2020-01-15,64.067543
1BD5TVT X 2020-01-16,77.771941
1BD5TVT X 2020-01-17,80.224085
1BD5TVT X 2020-01-18,76.885845
1BD5TVT X 2020-01-19,73.410525
1BD5TVT X 2020-01-20,81.564362
1BD5TVT X 2020-01-21,113.902135
1BD5TVT X 2020-01-22,69.598316
1BD5TVT X 2020-01-23,74.064873
1BD5TVT X 2020-01-24,70.827361
1BD5TVT X 2020-01-25,66.949968
1BD5TVT X 2020-01-26,90.956423
1BD5TVT X 2020-01-27,94.149147
1BD5TVT X 2020-01-28,87.853778
1BD5TVT X 2020-01-29,70.262198
1BD5TVT X 2020-01-30,103.115710
1BD5TVT X 2020-01-31,104.717910
1BD5TVT X 2020-02-01,92.473671
1BD5TVT X 2020-02-02,86.253213
1BD5TVT X 2020-02-03,63.351310
1BD5TVT X 2020-02-04,61.781246
1BD5TVT X 2020-02-05,67.895978
1BD5TVT X 2020-02-06,107.776796
1BD5TVT X 2020-02-07,74.389001
1BD5TVT X 2020-02-08,78.223708
1BD5TVT X 2020-02-09,51.790049
1BD5TVT X 2020-02-10,83.911655
1BD5TVT X 2020-02-11,109.059913
1BD5TVT X 2020-02-12,88.745054
1BD5TVT X 2020-02-13,99.829159
1BD5TVT X 2020-02-14,82.199058
1BD5TVT X 2020-02-15,69.994790
1BD5TVT X 2020-02-16,67.950060
1BD5TVT X 2020-02-17,111.981854
1BD5TVT X 2020-02-18,129.728488
1BD5TVT X 2020-02-19,134.304816
1BD5TVT X 2020-02-20,79.148313
1BD5TVT X 2020-02-21,80.034066
1BD5TVT X 2020-02-22,79.718143
1BD5TVT X 2020-02-23,93.201867
1BD5TVT X 2020-02-24,79.321103
1BD5TVT X 2020-02-25,80.065524
1BD5TVT X 2020-02-26,83.093245
1BD5TVT X 2020-02-27,89.048944
1BD5TVT X 2020-02-28,85.441607
1BD5TVT X 2020-02-29,76.800841
1BD5TVT X 2020-03-01,55.258179
1BD5TVT X 2020-03-02,66.264913
1BD5TVT X 2020-03-03,67.267214
1BD5TVT X 2020-03-04,61.447026
1BD5TVT X 2020-03-05,80.306060
1BD5TVT X 2020-03-06,128.869628
1BD5TVT X 2020-03-07,117.994321
1BD5TVT X 2020-03-08,88.693151
1BD5TVT X 2020-03-09,93.397734
1BD5TVT X 2020-03-10,91.323481
1BD5TVT X 2020-03-11,86.292554
1BD5TVT X 2020-03-12,73.925758
1BD5TVT X 2020-03-13,80.279557
1BD5TVT X 2020-03-14,53.110067
1BD5TVT X 2020-03-15,73.141603
1BD5TVT X 2020-03-16,79.312370
1BD5TVT X 2020-03-17,68.270354
1BD5TVT X 2020-03-18,54.039876
1BD5TVT X 2020-03-19,49.089484
1BD5TVT X 2020-03-20,121.082881
1BD5TVT X 2020-03-21,79.920203
1BD5TVT X 2020-03-22,72.359306
1BD5TVT X 2020-03-23,71.814967
1BD5TVT X 2020-03-24,79.942734
1BD5TVT X 2020-03-25,61.239668
1BD5TVT X 2020-03-26,71.564782
1BD5TVT X 2020-03-27,77.750753
1BD5TVT X 2020-03-28,48.993923
1BD5TVT X 2020-03-29,51.295630
1BD5TVT X 2020-03-30,53.875889
1BD5TVT X 2020-03-31,58.386468
1BD5TVT X 2020-04-01,79.933693
1BD5TVT X 2020-04-02,78.541635
1BD5TVT X 2020-04-03,77.103312
1BD5TVT X 2020-04-04,40.537975
1JJE0UY X 2020-01-02,28.307039
1JJE0UY X 2020-01-03,28.112970
1JJE0UY X 2020-01-04,35.458258
1JJE0UY X 2020-01-05,32.980471
1JJE0UY X 2020-01-06,37.250862
1JJE0UY X 2020-01-07,31.071106
1JJE0UY X 2020-01-08,33.580085
1JJE0UY X 2020-01-09,23.112656
1JJE0UY X 2020-01-10,41.277845
1JJE0UY X 2020-01-11,22.660946
1JJE0UY X 2020-01-12,18.499591
1JJE0UY X 2020-01-13,22.931554
1JJE0UY X 2020-01-14,23.208745
1JJE0UY X 2020-01-15,34.308583
1JJE0UY X 2020-01-16,39.180013
1JJE0UY X 2020-01-17,40.614980
1JJE0UY X 2020-01-18,36.465444
1JJE0UY X 2020-01-19,60.354437
1JJE0UY X 2020-01-20,70.324349
1JJE0UY X 2020-01-21,66.671907
1JJE0UY X 2020-01-22,59.874503
1JJE0UY X 2020-01-23,63.171865
1JJE0UY X 2020-01-24,46.461347
1JJE0UY X 2020-01-25,44.223509
1JJE0UY X 2020-01-26,37.730599
1JJE0UY X 2020-01-27,23.667615
1JJE0UY X 2020-01-28,20.984270
1JJE0UY X 2020-01-29,21.558727
1JJE0UY X 2020-01-30,19.185861
1JJE0UY X 2020-01-31,29.749187
1JJE0UY X 2020-02-01,22.589484
1JJE0UY X 2020-02-02,30.089776
1JJE0UY X 2020-02-03,26.236553
1JJE0UY X 2020-02-04,32.558389
1JJE0UY X 2020-02-05,62.179155
1JJE0UY X 2020-02-06,66.481409
1JJE0UY X 2020-02-07,71.728806
1JJE0UY X 2020-02-08,28.239344
1JJE0UY X 2020-02-09,16.221886
1JJE0UY X 2020-02-10,21.502436
1JJE0UY X 2020-02-11,20.377426
1JJE0UY X 2020-02-12,23.324730
1JJE0UY X 2020-02-13,24.158401
1JJE0UY X 2020-02-14,47.060656
1JJE0UY X 2020-02-15,28.919914
1JJE0UY X 2020-02-16,25.594910
1JJE0UY X 2020-02-17,26.017152
1JJE0UY X 2020-02-18,26.096488
1JJE0UY X 2020-02-19,24.630638
1JJE0UY X 2020-02-20,20.119933
1JJE0UY X 2020-02-21,28.216301
1JJE0UY X 2020-02-22,20.472270
1JJE0UY X 2020-02-23,24.525456
1JJE0UY X 2020-02-24,32.654487
1JJE0UY X 2020-02-25,18.283736
1JJE0UY X 2020-02-26,27.033036
1JJE0UY X 2020-02-27,33.219532
1JJE0UY X 2020-02-28,25.571266
1JJE0UY X 2020-02-29,19.783572
1JJE0UY X 2020-03-01,20.208542
1JJE0UY X 2020-03-02,36.144679
1JJE0UY X 2020-03-03,35.848578
1JJE0UY X 2020-03-04,36.946696
1JJE0UY X 2020-03-05,34.907552
1JJE0UY X 2020-03-06,59.731126
1JJE0UY X 2020-03-07,32.524114
1JJE0UY X 2020-03-08,18.598040
1JJE0UY X 2020-03-09,24.448019
1JJE0UY X 2020-03-10,16.933746
1JJE0UY X 2020-03-11,33.923455
1JJE0UY X 2020-03-12,23.752858
1JJE0UY X 2020-03-13,30.918175
1JJE0UY X 2020-03-14,46.525516
1JJE0UY X 2020-03-15,23.896234
1JJE0UY X 2020-03-16,41.673743
1JJE0UY X 2020-03-17,22.906969
1JJE0UY X 2020-03-18,19.472333
1JJE0UY X 2020-03-19,52.715796
1JJE0UY X 2020-03-20,32.648546
1JJE0UY X 2020-03-21,36.649290
1JJE0UY X 2020-03-22,40.345029
1JJE0UY X 2020-03-23,50.539146
1JJE0UY X 2020-03-24,72.073464
1JJE0UY X 2020-03-25,53.921465
1JJE0UY X 2020-03-26,70.712702
1JJE0UY X 2020-03-27,60.912171
1JJE0UY X 2020-03-28,26.221722
1JJE0UY X 2020-03-29,25.003798
1JJE0UY X 2020-03-30,29.906795
1JJE0UY X 2020-03-31,34.924516
1JJE0UY X 2020-04-01,26.672362
1JJE0UY X 2020-04-02,25.543873
1JJE0UY X 2020-04-03,29.512154
1JJE0UY X 2020-04-04,39.717499
1PILPB3 X 2020-01-02,61.174962
1PILPB3 X 2020-01-03,60.366819
1PILPB3 X 2020-01-04,44.144040
1PILPB3 X 2020-01-05,68.606738
1PILPB3 X 2020-01-06,64.099612
1PILPB3 X 2020-01-07,38.141053
1PILPB3 X 2020-01-08,46.504824
1PILPB3 X 2020-01-09,89.787381
1PILPB3 X 2020-01-10,38.621921
1PILPB3 X 2020-01-11,57.205302
1PILPB3 X 2020-01-12,55.069915
1PILPB3 X 2020-01-13,70.096143
1PILPB3 X 2020-01-14,80.580821
1PILPB3 X 2020-01-15,51.273952
1PILPB3 X 2020-01-16,53.410952
1PILPB3 X 2020-01-17,101.898978
1PILPB3 X 2020-01-18,54.385257
1PILPB3 X 2020-01-19,90.296687
1PILPB3 X 2020-01-20,54.795743
1PILPB3 X 2020-01-21,69.133054
1PILPB3 X 2020-01-22,52.577857
1PILPB3 X 2020-01-23,68.049853
1PILPB3 X 2020-01-24,58.012640
1PILPB3 X 2020-01-25,67.712683
1PILPB3 X 2020-01-26,54.512214
1PILPB3 X 2020-01-27,57.511071
1PILPB3 X 2020-01-28,37.757567
1PILPB3 X 2020-01-29,51.293549
1PILPB3 X 2020-01-30,60.097492
1PILPB3 X 2020-01-31,44.132742
1PILPB3 X 2020-02-01,41.832639
1PILPB3 X 2020-02-02,105.739111
1PILPB3 X 2020-02-03,84.558276
1PILPB3 X 2020-02-04,100.554028
1PILPB3 X 2020-02-05,40.792635
1PILPB3 X 2020-02-06,78.232492
1PILPB3 X 2020-02-07,53.857810
1PILPB3 X 2020-02-08,40.833159
1PILPB3 X 2020-02-09,82.239156
1PILPB3 X 2020-02-10,51.180925
1PILPB3 X 2020-02-11,81.677772
1PILPB3 X 2020-02-12,45.992802
1PILPB3 X 2020-02-13,93.454955
1PILPB3 X 2020-02-14,116.804602
1PILPB3 X 2020-02-15,79.551865
1PILPB3 X 2020-02-16,60.230313
1PILPB3 X 2020-02-17,101.462132
1PILPB3 X 2020-02-18,63.821004
1PILPB3 X 2020-02-19,52.522135
1PILPB3 X 2020-02-20,64.108764
1PILPB3 X 2020-02-21,67.179940
1PILPB3 X 2020-02-22,47.107363
1PILPB3 X 2020-02-23,47.551790
1PILPB3 X 2020-02-24,66.486989
1PILPB3 X 2020-02-25,85.096430
1PILPB3 X 2020-02-26,59.370131
1PILPB3 X 2020-02-27,60.111893
1PILPB3 X 2020-02-28,48.034700
1PILPB3 X 2020-02-29,66.602368
1PILPB3 X 2020-03-01,91.498893
1PILPB3 X 2020-03-02,90.555242
1PILPB3 X 2020-03-03,61.311730
1PILPB3 X 2020-03-04,48.421310
1PILPB3 X 2020-03-05,55.020504
1PILPB3 X 2020-03-06,64.536173
1PILPB3 X 2020-03-07,74.663560
1PILPB3 X 2020-03-08,36.684996
1PILPB3 X 2020-03-09,55.060216
1PILPB3 X 2020-03-10,46.076333
1PILPB3 X 2020-03-11,39.275921
1PILPB3 X 2020-03-12,71.043471
1PILPB3 X 2020-03-13,66.774438
1PILPB3 X 2020-03-14,45.258069
1PILPB3 X 2020-03-15,43.098431
1PILPB3 X 2020-03-16,45.672332
1PILPB3 X 2020-03-17,76.314206
1PILPB3 X 2020-03-18,100.339159
1PILPB3 X 2020-03-19,44.782390
1PILPB3 X 2020-03-20,40.975591
1PILPB3 X 2020-03-21,130.673587
1PILPB3 X 2020-03-22,69.327934
1PILPB3 X 2020-03-23,76.547306
1PILPB3 X 2020-03-24,82.151278
1PILPB3 X 2020-03-25,72.411667
1PILPB3 X 2020-03-26,50.258040
1PILPB3 X 2020-03-27,47.976335
1PILPB3 X 2020-03-28,51.918019
1PILPB3 X 2020-03-29,53.017304
1PILPB3 X 2020-03-30,47.215515
1PILPB3 X 2020-03-31,48.519516
1PILPB3 X 2020-04-01,48.579664
1PILPB3 X 2020-04-02,54.779286
1PILPB3 X 2020-04-03,57.995013
1PILPB3 X 2020-04-04,79.764778
1WV2OIN X 2020-01-02,59.456853
1WV2OIN X 2020-01-03,84.459909
1WV2OIN X 2020-01-04,96.377905
1WV2OIN X 2020-01-05,70.644857
1WV2OIN X 2020-01-06,69.298544
1WV2OIN X 2020-01-07,50.510536
1WV2OIN X 2020-01-08,103.969348
1WV2OIN X 2020-01-09,98.825378
1WV2OIN X 2020-01-10,81.176328
1WV2OIN X 2020-01-11,73.558487
1WV2OIN X 2020-01-12,63.730413
1WV2OIN X 2020-01-13,109.410135
1WV2OIN X 2020-01-14,102.742258
1WV2OIN X 2020-01-15,73.768074
1WV2OIN X 2020-01-16,119.660524
1WV2OIN X 2020-01-17,102.867411
1WV2OIN X 2020-01-18,60.300471
1WV2OIN X 2020-01-19,55.138101
1WV2OIN X 2020-01-20,88.178542
1WV2OIN X 2020-01-21,65.164772
1WV2OIN X 2020-01-22,60.608607
1WV2OIN X 2020-01-23,73.542255
1WV2OIN X 2020-01-24,65.503864
1WV2OIN X 2020-01-25,87.444963
1WV2OIN X 2020-01-26,85.756606
1WV2OIN X 2020-01-27,116.611888
1WV2OIN X 2020-01-28,100.479807
1WV2OIN X 2020-01-29,124.521230
1WV2OIN X 2020-01-30,101.451962
1WV2OIN X 2020-01-31,113.392837
1WV2OIN X 2020-02-01,80.911748
1WV2OIN X 2020-02-02,73.067225
1WV2OIN X 2020-02-03,87.977003
1WV2OIN X 2020-02-04,69.891734
1WV2OIN X 2020-02-05,80.905624
1WV2OIN X 2020-02-06,101.818024
1WV2OIN X 2020-02-07,96.414630
1WV2OIN X 2020-02-08,86.008971
1WV2OIN X 2020-02-09,87.374337
1WV2OIN X 2020-02-10,81.785585
1WV2OIN X 2020-02-11,86.605263
1WV2OIN X 2020-02-12,64.682487
1WV2OIN X 2020-02-13,92.926803
1WV2OIN X 2020-02-14,130.887414
1WV2OIN X 2020-02-15,108.946767
1WV2OIN X 2020-02-16,93.431836
1WV2OIN X 2020-02-17,83.017741
1WV2OIN X 2020-02-18,90.459357
1WV2OIN X 2020-02-19,110.297717
1WV2OIN X 2020-02-20,104.046103
1WV2OIN X 2020-02-21,99.478615
1WV2OIN X 2020-02-22,91.855123
1WV2OIN X 2020-02-23,91.305917
1WV2OIN X 2020-02-24,102.688810
1WV2OIN X 2020-02-25,100.664635
1WV2OIN X 2020-02-26,89.608053
1WV2OIN X 2020-02-27,86.522109
1WV2OIN X 2020-02-28,84.856602
1WV2OIN X 2020-02-29,98.696960
1WV2OIN X 2020-03-01,88.173840
1WV2OIN X 2020-03-02,91.654365
1WV2OIN X 2020-03-03,96.859177
1WV2OIN X 2020-03-04,112.847458
1WV2OIN X 2020-03-05,84.737180
1WV2OIN X 2020-03-06,69.054202
1WV2OIN X 2020-03-07,84.855795
1WV2OIN X 2020-03-08,66.553610
1WV2OIN X 2020-03-09,77.276552
1WV2OIN X 2020-03-10,77.447614
1WV2OIN X 2020-03-11,118.839422
1WV2OIN X 2020-03-12,96.711315
1WV2OIN X 2020-03-13,91.955464
1WV2OIN X 2020-03-14,97.136762
1WV2OIN X 2020-03-15,90.627317
1WV2OIN X 2020-03-16,82.601356
1WV2OIN X 2020-03-17,81.987317
1WV2OIN X 2020-03-18,90.016730
1WV2OIN X 2020-03-19,104.227983
1WV2OIN X 2020-03-20,91.947566
1WV2OIN X 2020-03-21,123.580790
1WV2OIN X 2020-03-22,73.816944
1WV2OIN X 2020-03-23,87.167385
1WV2OIN X 2020-03-24,87.844095
1WV2OIN X 2020-03-25,88.971151
1WV2OIN X 2020-03-26,72.036127
1WV2OIN X 2020-03-27,65.718879
1WV2OIN X 2020-03-28,75.726527
1WV2OIN X 2020-03-29,73.927941
1WV2OIN X 2020-03-30,79.868742
1WV2OIN X 2020-03-31,77.465550
1WV2OIN X 2020-04-01,79.220442
1WV2OIN X 2020-04-02,108.330798
1WV2OIN X 2020-04-03,73.393357
1WV2OIN X 2020-04-04,97.372282
27N3G71 X 2020-01-02,29.032571
27N3G71 X 2020-01-03,40.735101
27N3G71 X 2020-01-04,40.128861
27N3G71 X 2020-01-05,30.843648
27N3G71 X 2020-01-06,34.543772
27N3G71 X 2020-01-07,69.122183
27N3G71 X 2020-01-08,47.573097
27N3G71 X 2020-01-09,31.111860
27N3G71 X 2020-01-10,29.522134
27N3G71 X 2020-01-11,49.094802
27N3G71 X 2020-01-12,48.955418
27N3G71 X 2020-01-13,34.562003
27N3G71 X 2020-01-14,63.917468
27N3G71 X 2020-01-15,42.590610
27N3G71 X 2020-01-16,49.363987
27N3G71 X 2020-01-17,69.979476
27N3G71 X 2020-01-18,48.901480
27N3G71 X 2020-01-19,51.505061
27N3G71 X 2020-01-20,66.103536
27N3G71 X 2020-01-21,36.710841
27N3G71 X 2020-01-22,58.380184
27N3G71 X 2020-01-23,51.745595
27N3G71 X 2020-01-24,37.570828
27N3G71 X 2020-01-25,50.553511
27N3G71 X 2020-01-26,33.880608
27N3G71 X 2020-01-27,61.876575
27N3G71 X 2020-01-28,38.262651
27N3G71 X 2020-01-29,32.465578
27N3G71 X 2020-01-30,30.793298
27N3G71 X 2020-01-31,29.356166
27N3G71 X 2020-02-01,25.208615
27N3G71 X 2020-02-02,33.769175
27N3G71 X 2020-02-03,60.722771
27N3G71 X 2020-02-04,33.790868
27N3G71 X 2020-02-05,50.508841
27N3G71 X 2020-02-06,29.924320
27N3G71 X 2020-02-07,42.087567
27N3G71 X 2020-02-08,65.593825
27N3G71 X 2020-02-09,31.630728
27N3G71 X 2020-02-10,68.944868
27N3G71 X 2020-02-11,38.511081
27N3G71 X 2020-02-12,87.727382
27N3G71 X 2020-02-13,40.240161
27N3G71 X 2020-02-14,52.477365
27N3G71 X 2020-02-15,52.411594
27N3G71 X 2020-02-16,53.366266
27N3G71 X 2020-02-17,43.256787
27N3G71 X 2020-02-18,47.270034
27N3G71 X 2020-02-19,34.192651
27N3G71 X 2020-02-20,56.234009
27N3G71 X 2020-02-21,43.592006
27N3G71 X 2020-02-22,51.618554
27N3G71 X 2020-02-23,33.103735
27N3G71 X 2020-02-24,62.312606
27N3G71 X 2020-02-25,63.564336
27N3G71 X 2020-02-26,30.109561
27N3G71 X 2020-02-27,28.273170
27N3G71 X 2020-02-28,50.338282
27N3G71 X 2020-02-29,55.222644
27N3G71 X 2020-03-01,58.593528
27N3G71 X 2020-03-02,62.366842
27N3G71 X 2020-03-03,56.693131
27N3G71 X 2020-03-04,39.889123
27N3G71 X 2020-03-05,36.112783
27N3G71 X 2020-03-06,31.841886
27N3G71 X 2020-03-07,40.698095
27N3G71 X 2020-03-08,54.988653
27N3G71 X 2020-03-09,54.800298
27N3G71 X 2020-03-10,52.411611
27N3G71 X 2020-03-11,33.075548
27N3G71 X 2020-03-12,42.744373
27N3G71 X 2020-03-13,54.356763
27N3G71 X 2020-03-14,47.366339
27N3G71 X 2020-03-15,30.784292
27N3G71 X 2020-03-16,37.442197
27N3G71 X 2020-03-17,54.457905
27N3G71 X 2020-03-18,47.780459
27N3G71 X 2020-03-19,69.447235
27N3G71 X 2020-03-20,32.090722
27N3G71 X 2020-03-21,77.415519
27N3G71 X 2020-03-22,139.866098
27N3G71 X 2020-03-23,35.891631
27N3G71 X 2020-03-24,35.214095
27N3G71 X 2020-03-25,46.529563
27N3G71 X 2020-03-26,64.691053
27N3G71 X 2020-03-27,56.415492
27N3G71 X 2020-03-28,34.612099
27N3G71 X 2020-03-29,39.472671
27N3G71 X 2020-03-30,45.988768
27N3G71 X 2020-03-31,40.859336
27N3G71 X 2020-04-01,39.390065
27N3G71 X 2020-04-02,55.440458
27N3G71 X 2020-04-03,61.063384
27N3G71 X 2020-04-04,103.591570
2DIIB3S X 2020-01-02,36.630085
2DIIB3S X 2020-01-03,22.760675
2DIIB3S X 2020-01-04,25.124325
2DIIB3S X 2020-01-05,40.184176
2DIIB3S X 2020-01-06,35.506985
2DIIB3S X 2020-01-07,29.816889
2DIIB3S X 2020-01-08,37.502201
2DIIB3S X 2020-01-09,31.021752
2DIIB3S X 2020-01-10,47.630011
2DIIB3S X 2020-01-11,26.052727
2DIIB3S X 2020-01-12,22.066766
2DIIB3S X 2020-01-13,24.036047
2DIIB3S X 2020-01-14,24.373387
2DIIB3S X 2020-01-15,35.363584
2DIIB3S X 2020-01-16,24.723353
2DIIB3S X 2020-01-17,37.174636
2DIIB3S X 2020-01-18,31.848916
2DIIB3S X 2020-01-19,81.057053
2DIIB3S X 2020-01-20,68.004536
2DIIB3S X 2020-01-21,46.294303
2DIIB3S X 2020-01-22,47.230616
2DIIB3S X 2020-01-23,52.724171
2DIIB3S X 2020-01-24,52.924804
2DIIB3S X 2020-01-25,40.461044
2DIIB3S X 2020-01-26,35.936619
2DIIB3S X 2020-01-27,26.966208
2DIIB3S X 2020-01-28,30.054112
2DIIB3S X 2020-01-29,23.235441
2DIIB3S X 2020-01-30,22.121706
2DIIB3S X 2020-01-31,32.708828
2DIIB3S X 2020-02-01,21.985541
2DIIB3S X 2020-02-02,32.956041
2DIIB3S X 2020-02-03,25.380064
2DIIB3S X 2020-02-04,29.114378
2DIIB3S X 2020-02-05,55.343517
2DIIB3S X 2020-02-06,63.711265
2DIIB3S X 2020-02-07,61.976149
2DIIB3S X 2020-02-11,22.430439
2DIIB3S X 2020-02-12,23.626865
2DIIB3S X 2020-02-13,42.116134
2DIIB3S X 2020-02-14,29.290147
2DIIB3S X 2020-02-15,28.467906
2DIIB3S X 2020-02-16,25.694759
2DIIB3S X 2020-02-17,34.525135
2DIIB3S X 2020-02-18,27.562955
2DIIB3S X 2020-02-19,27.023758
2DIIB3S X 2020-02-20,29.960222
2DIIB3S X 2020-02-21,28.184275
2DIIB3S X 2020-02-22,25.695464
2DIIB3S X 2020-02-23,29.179245
2DIIB3S X 2020-02-24,79.381715
2DIIB3S X 2020-02-25,23.503868
2DIIB3S X 2020-02-26,22.143583
2DIIB3S X 2020-02-27,30.793279
2DIIB3S X 2020-02-28,23.336784
2DIIB3S X 2020-02-29,24.734196
2DIIB3S X 2020-03-01,20.948393
2DIIB3S X 2020-03-02,34.511325
2DIIB3S X 2020-03-03,39.818041
2DIIB3S X 2020-03-04,42.743349
2DIIB3S X 2020-03-05,48.345577
2DIIB3S X 2020-03-06,59.696429
2DIIB3S X 2020-03-07,43.470142
2DIIB3S X 2020-03-08,22.614987
2DIIB3S X 2020-03-09,32.233472
2DIIB3S X 2020-03-10,22.668340
2DIIB3S X 2020-03-11,36.623164
2DIIB3S X 2020-03-12,27.303440
2DIIB3S X 2020-03-13,30.473032
2DIIB3S X 2020-03-14,41.476460
2DIIB3S X 2020-03-15,33.153369
2DIIB3S X 2020-03-16,39.433280
2DIIB3S X 2020-03-17,36.176452
2DIIB3S X 2020-03-18,23.016247
2DIIB3S X 2020-03-19,51.659746
2DIIB3S X 2020-03-20,35.649439
2DIIB3S X 2020-03-21,41.938736
2DIIB3S X 2020-03-22,53.122536
2DIIB3S X 2020-03-23,51.686282
2DIIB3S X 2020-03-24,49.101266
2DIIB3S X 2020-03-25,68.094124
2DIIB3S X 2020-03-26,69.731290
2DIIB3S X 2020-03-27,59.692679
2DIIB3S X 2020-03-28,24.328740
2DIIB3S X 2020-03-29,29.439422
2DIIB3S X 2020-03-30,29.982874
2DIIB3S X 2020-03-31,28.434044
2DIIB3S X 2020-04-01,26.282321
2DIIB3S X 2020-04-02,23.673290
2DIIB3S X 2020-04-03,26.440832
2DIIB3S X 2020-04-04,36.281261
33H2WX0 X 2020-01-02,39.211008
33H2WX0 X 2020-01-03,80.126683
33H2WX0 X 2020-01-04,62.367149
33H2WX0 X 2020-01-05,79.486972
33H2WX0 X 2020-01-06,64.805645
33H2WX0 X 2020-01-07,77.498418
33H2WX0 X 2020-01-08,89.375496
33H2WX0 X 2020-01-09,38.545597
33H2WX0 X 2020-01-10,95.122352
33H2WX0 X 2020-01-11,68.908664
33H2WX0 X 2020-01-12,33.237356
33H2WX0 X 2020-01-13,45.025861
33H2WX0 X 2020-01-14,84.200940
33H2WX0 X 2020-01-15,73.720917
33H2WX0 X 2020-01-16,60.164021
33H2WX0 X 2020-01-17,52.707615
33H2WX0 X 2020-01-18,41.279380
33H2WX0 X 2020-01-19,58.580438
33H2WX0 X 2020-01-20,60.550966
33H2WX0 X 2020-01-21,54.600333
33H2WX0 X 2020-01-22,46.788724
33H2WX0 X 2020-01-23,62.491238
33H2WX0 X 2020-01-24,50.878972
33H2WX0 X 2020-01-25,67.415085
33H2WX0 X 2020-01-26,77.957153
33H2WX0 X 2020-01-27,57.503230
33H2WX0 X 2020-01-28,56.346538
33H2WX0 X 2020-01-29,43.531767
33H2WX0 X 2020-01-30,48.779595
33H2WX0 X 2020-01-31,63.417286
33H2WX0 X 2020-02-01,45.336813
33H2WX0 X 2020-02-02,40.284202
33H2WX0 X 2020-02-03,57.923571
33H2WX0 X 2020-02-04,67.676825
33H2WX0 X 2020-02-05,49.703509
33H2WX0 X 2020-02-06,46.215948
33H2WX0 X 2020-02-07,46.508278
33H2WX0 X 2020-02-08,43.559587
33H2WX0 X 2020-02-09,42.860947
33H2WX0 X 2020-02-10,41.441858
33H2WX0 X 2020-02-11,62.455807
33H2WX0 X 2020-02-12,44.369500
33H2WX0 X 2020-02-13,54.811943
33H2WX0 X 2020-02-14,69.896790
33H2WX0 X 2020-02-15,51.323238
33H2WX0 X 2020-02-16,60.448671
33H2WX0 X 2020-02-17,46.700138
33H2WX0 X 2020-02-18,39.954722
33H2WX0 X 2020-02-19,47.659397
33H2WX0 X 2020-02-20,49.630601
33H2WX0 X 2020-02-21,65.256556
33H2WX0 X 2020-02-22,40.467778
33H2WX0 X 2020-02-23,54.838938
33H2WX0 X 2020-02-24,57.439541
33H2WX0 X 2020-02-25,52.217028
33H2WX0 X 2020-02-26,76.607665
33H2WX0 X 2020-02-27,42.353739
33H2WX0 X 2020-02-28,51.514484
33H2WX0 X 2020-02-29,65.052183
33H2WX0 X 2020-03-01,77.136225
33H2WX0 X 2020-03-02,42.448843
33H2WX0 X 2020-03-03,52.584720
33H2WX0 X 2020-03-04,46.665221
33H2WX0 X 2020-03-05,47.422813
33H2WX0 X 2020-03-06,47.922278
33H2WX0 X 2020-03-07,55.035103
33H2WX0 X 2020-03-08,55.034644
33H2WX0 X 2020-03-09,72.244261
33H2WX0 X 2020-03-10,54.262852
33H2WX0 X 2020-03-11,45.336746
33H2WX0 X 2020-03-12,74.721147
33H2WX0 X 2020-03-13,76.380150
33H2WX0 X 2020-03-14,49.203085
33H2WX0 X 2020-03-15,42.317159
33H2WX0 X 2020-03-16,47.206138
33H2WX0 X 2020-03-17,59.561151
33H2WX0 X 2020-03-18,58.531595
33H2WX0 X 2020-03-19,62.266370
33H2WX0 X 2020-03-20,53.536593
33H2WX0 X 2020-03-21,67.094777
33H2WX0 X 2020-03-22,63.890956
33H2WX0 X 2020-03-23,47.311978
33H2WX0 X 2020-03-24,61.316575
33H2WX0 X 2020-03-25,47.327480
33H2WX0 X 2020-03-26,52.137609
33H2WX0 X 2020-03-27,57.452537
33H2WX0 X 2020-03-28,67.560563
33H2WX0 X 2020-03-29,38.700320
33H2WX0 X 2020-03-30,63.322226
33H2WX0 X 2020-03-31,43.341123
33H2WX0 X 2020-04-01,44.972087
33H2WX0 X 2020-04-02,49.083487
33H2WX0 X 2020-04-03,53.441624
33H2WX0 X 2020-04-04,35.546143
4B4QSFT X 2020-01-02,108.441964
4B4QSFT X 2020-01-03,116.804131
4B4QSFT X 2020-01-04,103.928308
4B4QSFT X 2020-01-05,84.399601
4B4QSFT X 2020-01-06,116.231918
4B4QSFT X 2020-01-07,54.872086
4B4QSFT X 2020-01-08,44.368022
4B4QSFT X 2020-01-09,71.855944
4B4QSFT X 2020-01-10,75.230751
4B4QSFT X 2020-01-11,121.291374
4B4QSFT X 2020-01-12,64.109614
4B4QSFT X 2020-01-13,51.953049
4B4QSFT X 2020-01-14,102.094901
4B4QSFT X 2020-01-15,63.626554
4B4QSFT X 2020-01-16,85.690317
4B4QSFT X 2020-01-17,118.930336
4B4QSFT X 2020-01-18,64.274952
4B4QSFT X 2020-01-19,109.590767
4B4QSFT X 2020-01-20,94.807402
4B4QSFT X 2020-01-21,67.554025
4B4QSFT X 2020-01-22,84.423501
4B4QSFT X 2020-01-23,104.698198
4B4QSFT X 2020-01-24,98.332776
4B4QSFT X 2020-01-25,55.775749
4B4QSFT X 2020-01-26,94.323012
4B4QSFT X 2020-01-27,33.254515
4B4QSFT X 2020-01-28,40.526565
4B4QSFT X 2020-01-29,83.379024
4B4QSFT X 2020-01-30,57.530496
4B4QSFT X 2020-01-31,68.721073
4B4QSFT X 2020-02-01,101.474788
4B4QSFT X 2020-02-02,118.880640
4B4QSFT X 2020-02-03,83.568272
4B4QSFT X 2020-02-04,64.768433
4B4QSFT X 2020-02-05,44.423066
4B4QSFT X 2020-02-06,74.161512
4B4QSFT X 2020-02-07,114.420189
4B4QSFT X 2020-02-08,73.167034
4B4QSFT X 2020-02-09,71.207025
4B4QSFT X 2020-02-10,89.457544
4B4QSFT X 2020-02-11,117.776656
4B4QSFT X 2020-02-12,78.555091
4B4QSFT X 2020-02-13,59.334575
4B4QSFT X 2020-02-14,64.958258
4B4QSFT X 2020-02-15,66.450718
4B4QSFT X 2020-02-16,47.155357
4B4QSFT X 2020-02-17,42.411140
4B4QSFT X 2020-02-18,73.791075
4B4QSFT X 2020-02-19,61.231140
4B4QSFT X 2020-02-20,79.961765
4B4QSFT X 2020-02-21,83.863063
4B4QSFT X 2020-02-22,58.474698
4B4QSFT X 2020-02-23,50.484321
4B4QSFT X 2020-02-24,78.340140
4B4QSFT X 2020-02-25,54.301149
4B4QSFT X 2020-02-26,50.358901
4B4QSFT X 2020-02-27,46.814968
4B4QSFT X 2020-02-28,57.099406
4B4QSFT X 2020-02-29,61.819049
4B4QSFT X 2020-03-01,61.117418
4B4QSFT X 2020-03-02,84.122296
4B4QSFT X 2020-03-03,60.422294
4B4QSFT X 2020-03-04,58.941082
4B4QSFT X 2020-03-05,87.420294
4B4QSFT X 2020-03-06,84.151327
4B4QSFT X 2020-03-07,48.305927
4B4QSFT X 2020-03-08,61.220036
4B4QSFT X 2020-03-09,66.243274
4B4QSFT X 2020-03-10,67.784913
4B4QSFT X 2020-03-11,53.193899
4B4QSFT X 2020-03-12,67.040847
4B4QSFT X 2020-03-13,60.867040
4B4QSFT X 2020-03-14,55.688509
4B4QSFT X 2020-03-15,101.783978
4B4QSFT X 2020-03-16,48.007017
4B4QSFT X 2020-03-17,67.529135
4B4QSFT X 2020-03-18,71.274321
4B4QSFT X 2020-03-19,62.779249
4B4QSFT X 2020-03-20,44.444421
4B4QSFT X 2020-03-21,109.968474
4B4QSFT X 2020-03-22,61.955976
4B4QSFT X 2020-03-23,64.572339
4B4QSFT X 2020-03-24,76.541922
4B4QSFT X 2020-03-25,77.572827
4B4QSFT X 2020-03-26,46.452218
4B4QSFT X 2020-03-27,57.363357
4B4QSFT X 2020-03-28,39.066540
4B4QSFT X 2020-03-29,45.340676
4B4QSFT X 2020-03-30,70.826889
4B4QSFT X 2020-03-31,64.921560
4B4QSFT X 2020-04-01,44.450106
4B4QSFT X 2020-04-02,67.628024
4B4QSFT X 2020-04-03,53.747780
4B4QSFT X 2020-04-04,65.517587
4DOKYIS X 2020-01-02,21.501087
4DOKYIS X 2020-01-03,20.370087
4DOKYIS X 2020-01-04,22.470085
4DOKYIS X 2020-01-05,15.803402
4DOKYIS X 2020-01-06,63.759567
4DOKYIS X 2020-01-07,24.904390
4DOKYIS X 2020-01-08,24.068772
4DOKYIS X 2020-01-09,22.690513
4DOKYIS X 2020-01-10,15.719348
4DOKYIS X 2020-01-11,31.646413
4DOKYIS X 2020-01-12,26.837463
4DOKYIS X 2020-01-13,35.522407
4DOKYIS X 2020-01-14,14.452487
4DOKYIS X 2020-01-15,26.785933
4DOKYIS X 2020-01-16,51.901905
4DOKYIS X 2020-01-17,25.621385
4DOKYIS X 2020-01-18,24.513080
4DOKYIS X 2020-01-19,28.917315
4DOKYIS X 2020-01-20,26.240043
4DOKYIS X 2020-01-21,24.658969
4DOKYIS X 2020-01-22,24.995877
4DOKYIS X 2020-01-23,25.418444
4DOKYIS X 2020-01-24,19.952700
4DOKYIS X 2020-01-25,22.538063
4DOKYIS X 2020-01-26,24.323205
4DOKYIS X 2020-01-27,19.391492
4DOKYIS X 2020-01-28,19.843311
4DOKYIS X 2020-01-29,16.786131
4DOKYIS X 2020-01-30,21.110254
4DOKYIS X 2020-01-31,15.530147
4DOKYIS X 2020-02-01,17.374885
4DOKYIS X 2020-02-02,15.610384
4DOKYIS X 2020-02-03,23.775876
4DOKYIS X 2020-02-04,13.021147
4DOKYIS X 2020-02-05,20.782225
4DOKYIS X 2020-02-06,22.633957
4DOKYIS X 2020-02-07,20.429790
4DOKYIS X 2020-02-08,29.079968
4DOKYIS X 2020-02-09,26.341574
4DOKYIS X 2020-02-10,25.959621
4DOKYIS X 2020-02-11,29.872345
4DOKYIS X 2020-02-12,15.088003
4DOKYIS X 2020-02-13,16.487583
4DOKYIS X 2020-02-14,15.420952
4DOKYIS X 2020-02-15,18.625567
4DOKYIS X 2020-02-16,16.274858
4DOKYIS X 2020-02-17,14.076865
4DOKYIS X 2020-02-18,16.396502
4DOKYIS X 2020-02-19,20.772772
4DOKYIS X 2020-02-20,21.681456
4DOKYIS X 2020-02-21,27.342224
4DOKYIS X 2020-02-22,37.986175
4DOKYIS X 2020-02-23,15.590770
4DOKYIS X 2020-02-24,17.325820
4DOKYIS X 2020-02-25,16.533963
4DOKYIS X 2020-02-26,26.747811
4DOKYIS X 2020-02-27,24.341580
4DOKYIS X 2020-02-28,27.116437
4DOKYIS X 2020-02-29,30.489619
4DOKYIS X 2020-03-01,22.768033
4DOKYIS X 2020-03-02,23.020067
4DOKYIS X 2020-03-03,28.974294
4DOKYIS X 2020-03-04,14.993306
4DOKYIS X 2020-03-05,22.785182
4DOKYIS X 2020-03-06,23.761104
4DOKYIS X 2020-03-07,22.638737
4DOKYIS X 2020-03-08,15.987840
4DOKYIS X 2020-03-09,15.696925
4DOKYIS X 2020-03-10,14.606282
4DOKYIS X 2020-03-11,17.967841
4DOKYIS X 2020-03-12,16.563556
4DOKYIS X 2020-03-13,16.614142
4DOKYIS X 2020-03-14,18.085139
4DOKYIS X 2020-03-15,28.691937
4DOKYIS X 2020-03-16,17.672786
4DOKYIS X 2020-03-17,13.463259
4DOKYIS X 2020-03-18,12.829935
4DOKYIS X 2020-03-19,20.636169
4DOKYIS X 2020-03-20,17.574135
4DOKYIS X 2020-03-21,17.815198
4DOKYIS X 2020-03-22,27.145173
4DOKYIS X 2020-03-23,26.609103
4DOKYIS X 2020-03-24,24.906070
4DOKYIS X 2020-03-25,21.973185
4DOKYIS X 2020-03-26,23.014548
4DOKYIS X 2020-03-27,20.334512
4DOKYIS X 2020-03-28,19.456525
4DOKYIS X 2020-03-29,21.570004
4DOKYIS X 2020-03-30,28.016714
4DOKYIS X 2020-03-31,23.914306
4DOKYIS X 2020-04-01,29.187397
4DOKYIS X 2020-04-02,19.683394
4DOKYIS X 2020-04-03,28.690575
4DOKYIS X 2020-04-04,38.048442
4KBBZUA X 2020-01-02,31.710763
4KBBZUA X 2020-01-03,39.589808
4KBBZUA X 2020-01-04,26.357556
4KBBZUA X 2020-01-05,26.480342
4KBBZUA X 2020-01-06,17.249833
4KBBZUA X 2020-01-07,22.296837
4KBBZUA X 2020-01-08,20.764026
4KBBZUA X 2020-01-09,21.376459
4KBBZUA X 2020-01-10,28.340616
4KBBZUA X 2020-01-11,29.724744
4KBBZUA X 2020-01-12,21.205188
4KBBZUA X 2020-01-13,26.313337
4KBBZUA X 2020-01-14,111.843692
4KBBZUA X 2020-01-15,62.308622
4KBBZUA X 2020-01-16,20.304633
4KBBZUA X 2020-01-17,30.968157
4KBBZUA X 2020-01-18,17.150389
4KBBZUA X 2020-01-19,33.961511
4KBBZUA X 2020-01-20,23.487540
4KBBZUA X 2020-01-21,19.958518
4KBBZUA X 2020-01-22,21.686234
4KBBZUA X 2020-01-23,22.820743
4KBBZUA X 2020-01-24,21.328931
4KBBZUA X 2020-01-25,20.946144
4KBBZUA X 2020-01-26,22.648794
4KBBZUA X 2020-01-27,17.838561
4KBBZUA X 2020-01-28,25.880111
4KBBZUA X 2020-01-29,31.104452
4KBBZUA X 2020-01-30,33.342113
4KBBZUA X 2020-01-31,48.042640
4KBBZUA X 2020-02-01,23.417589
4KBBZUA X 2020-02-02,17.095151
4KBBZUA X 2020-02-03,29.465257
4KBBZUA X 2020-02-04,25.309225
4KBBZUA X 2020-02-05,21.501668
4KBBZUA X 2020-02-06,21.052741
4KBBZUA X 2020-02-07,16.818360
4KBBZUA X 2020-02-08,20.995575
4KBBZUA X 2020-02-09,20.056729
4KBBZUA X 2020-02-10,18.877436
4KBBZUA X 2020-02-11,24.174272
4KBBZUA X 2020-02-12,20.599725
4KBBZUA X 2020-02-13,24.949040
4KBBZUA X 2020-02-14,17.508364
4KBBZUA X 2020-02-15,18.218464
4KBBZUA X 2020-02-16,29.006171
4KBBZUA X 2020-02-17,21.880729
4KBBZUA X 2020-02-18,18.326947
4KBBZUA X 2020-02-19,25.639091
4KBBZUA X 2020-02-20,20.477661
4KBBZUA X 2020-02-21,14.626429
4KBBZUA X 2020-02-22,25.494545
4KBBZUA X 2020-02-23,15.464868
4KBBZUA X 2020-02-24,18.729222
4KBBZUA X 2020-02-25,18.900946
4KBBZUA X 2020-02-26,11.649087
4KBBZUA X 2020-02-27,20.791274
4KBBZUA X 2020-02-28,29.306856
4KBBZUA X 2020-02-29,21.406186
4KBBZUA X 2020-03-01,21.777475
4KBBZUA X 2020-03-02,20.573130
4KBBZUA X 2020-03-03,17.630039
4KBBZUA X 2020-03-04,17.243873
4KBBZUA X 2020-03-05,33.743231
4KBBZUA X 2020-03-06,16.176062
4KBBZUA X 2020-03-07,19.200274
4KBBZUA X 2020-03-08,25.222452
4KBBZUA X 2020-03-09,21.182250
4KBBZUA X 2020-03-10,18.073587
4KBBZUA X 2020-03-11,23.168624
4KBBZUA X 2020-03-12,25.821294
4KBBZUA X 2020-03-13,23.412329
4KBBZUA X 2020-03-14,16.168872
4KBBZUA X 2020-03-15,16.656062
4KBBZUA X 2020-03-16,18.974104
4KBBZUA X 2020-03-17,21.366889
4KBBZUA X 2020-03-18,21.962867
4KBBZUA X 2020-03-19,20.836474
4KBBZUA X 2020-03-20,21.725896
4KBBZUA X 2020-03-21,19.338151
4KBBZUA X 2020-03-22,15.330766
4KBBZUA X 2020-03-23,15.519757
4KBBZUA X 2020-03-24,13.677571
4KBBZUA X 2020-03-25,19.485818
4KBBZUA X 2020-03-26,14.384406
4KBBZUA X 2020-03-27,17.443912
4KBBZUA X 2020-03-28,22.706261
4KBBZUA X 2020-03-29,18.104185
4KBBZUA X 2020-03-30,21.278703
4KBBZUA X 2020-04-01,22.058622
4KBBZUA X 2020-04-02,24.763509
4KBBZUA X 2020-04-03,24.384245
4KBBZUA X 2020-04-04,29.367456
4Y8QUA3 X 2020-01-02,25.296499
4Y8QUA3 X 2020-01-03,19.595212
4Y8QUA3 X 2020-01-04,15.784984
4Y8QUA3 X 2020-01-05,31.612333
4Y8QUA3 X 2020-01-06,27.508147
4Y8QUA3 X 2020-01-07,31.807356
4Y8QUA3 X 2020-01-08,21.732020
4Y8QUA3 X 2020-01-09,16.882172
4Y8QUA3 X 2020-01-10,33.357852
4Y8QUA3 X 2020-01-11,20.597025
4Y8QUA3 X 2020-01-12,22.514329
4Y8QUA3 X 2020-01-13,24.250657
4Y8QUA3 X 2020-01-14,20.413579
4Y8QUA3 X 2020-01-15,20.136549
4Y8QUA3 X 2020-01-16,20.649194
4Y8QUA3 X 2020-01-17,24.364298
4Y8QUA3 X 2020-01-18,26.833258
4Y8QUA3 X 2020-01-19,25.167681
4Y8QUA3 X 2020-01-20,20.654644
4Y8QUA3 X 2020-01-21,20.687085
4Y8QUA3 X 2020-01-22,19.597810
4Y8QUA3 X 2020-01-23,20.642161
4Y8QUA3 X 2020-01-24,23.082197
4Y8QUA3 X 2020-01-25,15.148144
4Y8QUA3 X 2020-01-26,26.909102
4Y8QUA3 X 2020-01-27,27.269522
4Y8QUA3 X 2020-01-28,38.822894
4Y8QUA3 X 2020-01-29,38.089534
4Y8QUA3 X 2020-01-30,35.278087
4Y8QUA3 X 2020-01-31,35.044655
4Y8QUA3 X 2020-02-01,40.053348
4Y8QUA3 X 2020-02-02,32.828561
4Y8QUA3 X 2020-02-03,15.866615
4Y8QUA3 X 2020-02-04,19.738237
4Y8QUA3 X 2020-02-05,55.905368
4Y8QUA3 X 2020-02-06,28.718763
4Y8QUA3 X 2020-02-07,42.598517
4Y8QUA3 X 2020-02-08,40.691919
4Y8QUA3 X 2020-02-09,44.940225
4Y8QUA3 X 2020-02-10,21.821667
4Y8QUA3 X 2020-02-11,21.122811
4Y8QUA3 X 2020-02-12,28.008795
4Y8QUA3 X 2020-02-13,29.483397
4Y8QUA3 X 2020-02-14,32.603528
4Y8QUA3 X 2020-02-15,30.916542
4Y8QUA3 X 2020-02-16,31.223446
4Y8QUA3 X 2020-02-17,16.072521
4Y8QUA3 X 2020-02-18,21.308389
4Y8QUA3 X 2020-02-19,21.245811
4Y8QUA3 X 2020-02-20,37.199062
4Y8QUA3 X 2020-02-21,50.423110
4Y8QUA3 X 2020-02-22,28.420857
4Y8QUA3 X 2020-02-23,19.418516
4Y8QUA3 X 2020-02-24,19.096907
4Y8QUA3 X 2020-02-25,20.112024
4Y8QUA3 X 2020-02-26,25.391082
4Y8QUA3 X 2020-02-27,26.830071
4Y8QUA3 X 2020-02-28,26.446134
4Y8QUA3 X 2020-02-29,30.471944
4Y8QUA3 X 2020-03-01,45.085951
4Y8QUA3 X 2020-03-02,37.748087
4Y8QUA3 X 2020-03-03,35.443206
4Y8QUA3 X 2020-03-04,27.852829
4Y8QUA3 X 2020-03-05,32.044355
4Y8QUA3 X 2020-03-06,19.815078
4Y8QUA3 X 2020-03-07,39.719948
4Y8QUA3 X 2020-03-08,44.659812
4Y8QUA3 X 2020-03-09,28.821552
4Y8QUA3 X 2020-03-10,37.715679
4Y8QUA3 X 2020-03-11,28.335626
4Y8QUA3 X 2020-03-12,22.802834
4Y8QUA3 X 2020-03-13,16.702492
4Y8QUA3 X 2020-03-14,18.309266
4Y8QUA3 X 2020-03-15,21.443329
4Y8QUA3 X 2020-03-16,23.768538
4Y8QUA3 X 2020-03-17,29.606158
4Y8QUA3 X 2020-03-18,28.053369
4Y8QUA3 X 2020-03-19,21.840576
4Y8QUA3 X 2020-03-20,22.546400
4Y8QUA3 X 2020-03-21,21.307190
4Y8QUA3 X 2020-03-22,70.593983
4Y8QUA3 X 2020-03-23,18.680881
4Y8QUA3 X 2020-03-24,26.333214
4Y8QUA3 X 2020-03-25,30.973202
4Y8QUA3 X 2020-03-26,31.672635
4Y8QUA3 X 2020-03-27,38.661274
4Y8QUA3 X 2020-03-28,18.383082
4Y8QUA3 X 2020-03-29,20.140536
4Y8QUA3 X 2020-03-30,27.945210
4Y8QUA3 X 2020-03-31,24.874443
4Y8QUA3 X 2020-04-01,15.652893
4Y8QUA3 X 2020-04-02,27.138308
4Y8QUA3 X 2020-04-03,16.496017
4Y8QUA3 X 2020-04-04,48.132857
5PXQINB X 2020-01-02,88.145520
5PXQINB X 2020-01-03,78.457962
5PXQINB X 2020-01-04,90.024786
5PXQINB X 2020-03-03,45.806812
5PXQINB X 2020-03-04,45.886283
5PXQINB X 2020-03-05,108.263507
5PXQINB X 2020-03-06,92.448526
5PXQINB X 2020-03-07,87.258548
5PXQINB X 2020-03-08,114.558037
5PXQINB X 2020-03-09,52.481729
5PXQINB X 2020-03-10,65.452964
5PXQINB X 2020-03-11,84.075454
5PXQINB X 2020-03-13,63.382824
5PXQINB X 2020-03-14,35.195511
5PXQINB X 2020-03-15,61.289421
5PXQINB X 2020-03-16,85.677108
5PXQINB X 2020-03-17,68.289008
5PXQINB X 2020-03-18,41.348220
5PXQINB X 2020-03-19,40.836295
5PXQINB X 2020-03-20,47.674378
5PXQINB X 2020-03-21,102.642040
5PXQINB X 2020-03-22,63.159011
5PXQINB X 2020-03-23,45.909921
5PXQINB X 2020-03-24,88.062341
5PXQINB X 2020-03-25,83.972979
5PXQINB X 2020-03-26,89.050598
5PXQINB X 2020-03-27,81.543893
5PXQINB X 2020-03-28,58.534860
5PXQINB X 2020-03-29,47.720709
5PXQINB X 2020-03-30,33.597762
5PXQINB X 2020-03-31,80.715377
5PXQINB X 2020-04-01,91.926378
5PXQINB X 2020-04-02,79.238942
5PXQINB X 2020-04-03,32.906770
5PXQINB X 2020-04-04,47.775016
5RGROX5 X 2020-01-02,75.621292
5RGROX5 X 2020-01-03,68.912393
5RGROX5 X 2020-01-04,57.356083
5RGROX5 X 2020-01-05,70.176046
5RGROX5 X 2020-01-06,71.952930
5RGROX5 X 2020-01-07,94.462196
5RGROX5 X 2020-01-08,68.362389
5RGROX5 X 2020-01-09,42.889265
5RGROX5 X 2020-01-10,30.810361
5RGROX5 X 2020-01-11,80.959111
5RGROX5 X 2020-01-12,69.586422
5RGROX5 X 2020-01-13,52.256591
5RGROX5 X 2020-01-14,38.005763
5RGROX5 X 2020-01-15,47.915409
5RGROX5 X 2020-01-16,43.011567
5RGROX5 X 2020-01-17,31.203034
5RGROX5 X 2020-01-18,58.170159
5RGROX5 X 2020-01-19,62.940944
5RGROX5 X 2020-01-20,38.431419
5RGROX5 X 2020-01-21,61.081341
5RGROX5 X 2020-01-22,82.059976
5RGROX5 X 2020-01-23,76.903466
5RGROX5 X 2020-01-24,46.638690
5RGROX5 X 2020-01-25,49.708421
5RGROX5 X 2020-01-26,74.490033
5RGROX5 X 2020-01-27,36.525258
5RGROX5 X 2020-01-28,29.020208
5RGROX5 X 2020-01-29,60.740532
5RGROX5 X 2020-01-30,32.972262
5RGROX5 X 2020-01-31,48.217747
5RGROX5 X 2020-02-01,36.428086
5RGROX5 X 2020-02-02,32.687480
5RGROX5 X 2020-02-03,33.643066
5RGROX5 X 2020-02-04,51.417631
5RGROX5 X 2020-02-05,55.762567
5RGROX5 X 2020-02-06,73.338575
5RGROX5 X 2020-02-07,47.947880
5RGROX5 X 2020-02-08,40.175940
5RGROX5 X 2020-02-09,53.254357
5RGROX5 X 2020-02-10,31.785825
5RGROX5 X 2020-02-11,73.533317
5RGROX5 X 2020-02-12,73.333028
5RGROX5 X 2020-02-13,45.176284
5RGROX5 X 2020-02-14,64.074159
5RGROX5 X 2020-02-15,62.671635
5RGROX5 X 2020-02-16,38.482389
5RGROX5 X 2020-02-17,39.533036
5RGROX5 X 2020-02-18,52.425127
5RGROX5 X 2020-02-19,47.407933
5RGROX5 X 2020-02-20,50.884889
5RGROX5 X 2020-02-21,60.586116
5RGROX5 X 2020-02-22,72.977003
5RGROX5 X 2020-02-23,60.019344
5RGROX5 X 2020-02-24,74.681816
5RGROX5 X 2020-02-25,67.358429
5RGROX5 X 2020-02-26,29.729164
5RGROX5 X 2020-02-27,51.026996
5RGROX5 X 2020-02-28,58.391825
5RGROX5 X 2020-02-29,42.439732
5RGROX5 X 2020-03-01,56.205284
5RGROX5 X 2020-03-02,36.766297
5RGROX5 X 2020-03-03,34.444085
5RGROX5 X 2020-03-04,64.003807
5RGROX5 X 2020-03-05,26.358145
5RGROX5 X 2020-03-06,61.384372
5RGROX5 X 2020-03-07,34.878009
5RGROX5 X 2020-03-08,42.615230
5RGROX5 X 2020-03-09,41.799022
5RGROX5 X 2020-03-10,65.323858
5RGROX5 X 2020-03-11,71.222577
5RGROX5 X 2020-03-12,67.551032
5RGROX5 X 2020-03-13,56.644205
5RGROX5 X 2020-03-14,60.643028
5RGROX5 X 2020-03-15,60.889440
5RGROX5 X 2020-03-16,30.714841
5RGROX5 X 2020-03-17,70.210526
5RGROX5 X 2020-03-18,58.666220
5RGROX5 X 2020-03-19,50.538183
5RGROX5 X 2020-03-20,50.175757
5RGROX5 X 2020-03-21,41.045532
5RGROX5 X 2020-03-22,41.270852
5RGROX5 X 2020-03-23,55.653019
5RGROX5 X 2020-03-24,54.777593
5RGROX5 X 2020-03-25,57.392329
5RGROX5 X 2020-03-26,35.615811
5RGROX5 X 2020-03-27,60.279496
5RGROX5 X 2020-03-28,58.909231
5RGROX5 X 2020-03-29,70.300615
5RGROX5 X 2020-03-30,37.225271
5RGROX5 X 2020-03-31,77.043770
5RGROX5 X 2020-04-01,73.423919
5RGROX5 X 2020-04-02,51.203528
5RGROX5 X 2020-04-03,54.567052
5RGROX5 X 2020-04-04,56.091098
63PPI0D X 2020-01-02,83.918798
63PPI0D X 2020-01-03,92.540362
63PPI0D X 2020-01-04,84.722930
63PPI0D X 2020-01-05,90.921075
63PPI0D X 2020-01-06,43.418271
63PPI0D X 2020-01-07,53.647708
63PPI0D X 2020-01-08,45.203922
63PPI0D X 2020-01-09,47.609877
63PPI0D X 2020-01-10,87.589996
63PPI0D X 2020-01-11,103.538947
63PPI0D X 2020-01-12,45.450889
63PPI0D X 2020-01-13,42.827325
63PPI0D X 2020-01-14,93.910601
63PPI0D X 2020-01-15,79.137086
63PPI0D X 2020-01-16,125.310623
63PPI0D X 2020-01-17,110.777317
63PPI0D X 2020-01-18,51.629919
63PPI0D X 2020-01-19,83.826380
63PPI0D X 2020-01-20,87.134022
63PPI0D X 2020-01-21,93.441389
63PPI0D X 2020-01-22,41.405290
63PPI0D X 2020-01-23,68.908534
63PPI0D X 2020-01-24,83.586532
63PPI0D X 2020-01-25,38.468872
63PPI0D X 2020-01-26,46.249817
63PPI0D X 2020-01-27,36.556206
63PPI0D X 2020-01-28,52.546857
63PPI0D X 2020-01-29,60.863515
63PPI0D X 2020-01-30,48.663437
63PPI0D X 2020-01-31,50.750526
63PPI0D X 2020-02-01,125.429603
63PPI0D X 2020-02-02,122.266956
63PPI0D X 2020-02-03,72.737046
63PPI0D X 2020-02-04,55.257731
63PPI0D X 2020-02-05,35.886357
63PPI0D X 2020-02-06,79.790546
63PPI0D X 2020-02-07,79.404342
63PPI0D X 2020-02-08,81.024238
63PPI0D X 2020-02-09,51.719710
63PPI0D X 2020-02-10,85.511897
63PPI0D X 2020-02-11,77.783452
63PPI0D X 2020-02-12,49.201300
63PPI0D X 2020-02-13,54.055234
63PPI0D X 2020-02-14,116.656908
63PPI0D X 2020-02-15,57.183651
63PPI0D X 2020-02-16,49.925956
63PPI0D X 2020-02-17,55.026925
63PPI0D X 2020-02-18,42.126720
63PPI0D X 2020-02-19,71.048776
63PPI0D X 2020-02-20,96.026742
63PPI0D X 2020-02-21,43.409127
63PPI0D X 2020-02-22,66.392132
63PPI0D X 2020-02-23,55.435548
63PPI0D X 2020-02-24,57.879151
63PPI0D X 2020-02-25,61.137238
63PPI0D X 2020-02-26,56.626677
63PPI0D X 2020-02-27,59.551123
63PPI0D X 2020-02-28,53.249635
63PPI0D X 2020-02-29,36.870251
63PPI0D X 2020-03-01,61.506517
63PPI0D X 2020-03-02,59.896471
63PPI0D X 2020-03-03,40.698417
63PPI0D X 2020-03-04,56.947964
63PPI0D X 2020-03-05,67.244980
63PPI0D X 2020-03-06,61.686060
63PPI0D X 2020-03-07,46.040979
63PPI0D X 2020-03-08,72.791161
63PPI0D X 2020-03-09,42.565243
63PPI0D X 2020-03-10,55.312824
63PPI0D X 2020-03-11,31.438448
63PPI0D X 2020-03-12,43.073480
63PPI0D X 2020-03-13,62.089937
63PPI0D X 2020-03-14,55.900439
63PPI0D X 2020-03-15,39.442060
63PPI0D X 2020-03-16,79.500698
63PPI0D X 2020-03-17,46.683603
63PPI0D X 2020-03-18,64.288796
63PPI0D X 2020-03-19,81.337942
63PPI0D X 2020-03-20,51.340050
63PPI0D X 2020-03-21,66.720250
63PPI0D X 2020-03-22,82.260643
63PPI0D X 2020-03-23,48.323270
63PPI0D X 2020-03-24,90.275460
63PPI0D X 2020-03-25,69.623356
63PPI0D X 2020-03-26,66.395590
63PPI0D X 2020-03-27,72.500224
63PPI0D X 2020-03-28,42.648476
63PPI0D X 2020-03-29,54.549167
63PPI0D X 2020-03-30,44.699950
63PPI0D X 2020-03-31,56.105937
63PPI0D X 2020-04-01,56.226108
63PPI0D X 2020-04-02,63.103464
63PPI0D X 2020-04-03,61.762446
63PPI0D X 2020-04-04,38.458167
68WXEMV X 2020-01-02,26.437208
68WXEMV X 2020-01-03,24.907357
68WXEMV X 2020-01-04,38.625520
68WXEMV X 2020-01-05,30.796944
68WXEMV X 2020-01-06,25.700356
68WXEMV X 2020-01-07,29.666845
68WXEMV X 2020-01-08,26.447406
68WXEMV X 2020-01-09,23.877161
68WXEMV X 2020-01-10,36.148150
68WXEMV X 2020-01-11,27.309980
68WXEMV X 2020-01-12,25.722015
68WXEMV X 2020-01-13,21.870403
68WXEMV X 2020-01-14,24.183184
68WXEMV X 2020-01-15,25.136261
68WXEMV X 2020-01-16,21.317771
68WXEMV X 2020-01-17,33.378219
68WXEMV X 2020-01-18,36.501571
68WXEMV X 2020-01-19,53.701459
68WXEMV X 2020-01-20,64.326675
68WXEMV X 2020-01-21,70.902189
68WXEMV X 2020-01-22,59.873070
68WXEMV X 2020-01-23,45.508644
68WXEMV X 2020-01-24,43.072731
68WXEMV X 2020-01-25,48.980374
68WXEMV X 2020-01-26,31.655000
68WXEMV X 2020-01-27,21.898386
68WXEMV X 2020-01-28,19.472663
68WXEMV X 2020-01-29,30.557137
68WXEMV X 2020-01-30,33.541370
68WXEMV X 2020-01-31,19.854996
68WXEMV X 2020-02-01,28.084563
68WXEMV X 2020-02-02,27.748300
68WXEMV X 2020-02-03,24.538593
68WXEMV X 2020-02-04,27.066866
68WXEMV X 2020-02-05,58.251722
68WXEMV X 2020-02-06,60.157369
68WXEMV X 2020-02-07,47.012394
68WXEMV X 2020-02-08,24.938016
68WXEMV X 2020-02-09,24.226664
68WXEMV X 2020-02-10,30.943701
68WXEMV X 2020-02-11,23.717930
68WXEMV X 2020-02-12,28.103915
68WXEMV X 2020-02-13,21.246954
68WXEMV X 2020-02-14,27.884185
68WXEMV X 2020-02-15,33.934183
68WXEMV X 2020-02-16,19.941810
68WXEMV X 2020-02-17,18.914193
68WXEMV X 2020-02-18,20.505568
68WXEMV X 2020-02-19,28.159655
68WXEMV X 2020-02-20,20.035486
68WXEMV X 2020-02-21,24.500075
68WXEMV X 2020-02-22,22.910698
68WXEMV X 2020-02-23,17.905091
68WXEMV X 2020-02-24,23.742971
68WXEMV X 2020-02-25,22.878714
68WXEMV X 2020-02-26,22.777677
68WXEMV X 2020-02-27,26.220577
68WXEMV X 2020-02-28,26.091504
68WXEMV X 2020-02-29,21.280403
68WXEMV X 2020-03-01,20.915095
68WXEMV X 2020-03-02,23.848305
68WXEMV X 2020-03-03,23.894839
68WXEMV X 2020-03-04,34.726963
68WXEMV X 2020-03-05,34.211679
68WXEMV X 2020-03-06,50.148672
68WXEMV X 2020-03-07,29.324338
68WXEMV X 2020-03-08,22.439482
68WXEMV X 2020-03-09,26.797222
68WXEMV X 2020-03-10,19.561280
68WXEMV X 2020-03-11,19.487711
68WXEMV X 2020-03-12,22.067478
68WXEMV X 2020-03-13,27.571718
68WXEMV X 2020-03-14,26.680991
68WXEMV X 2020-03-15,28.150226
68WXEMV X 2020-03-16,45.368069
68WXEMV X 2020-03-17,23.682355
68WXEMV X 2020-03-18,18.262694
68WXEMV X 2020-03-19,24.628279
68WXEMV X 2020-03-20,24.905090
68WXEMV X 2020-03-21,27.189238
68WXEMV X 2020-03-22,28.448319
68WXEMV X 2020-03-23,34.324718
68WXEMV X 2020-03-24,62.767480
68WXEMV X 2020-03-25,67.033817
68WXEMV X 2020-03-26,42.028902
68WXEMV X 2020-03-27,35.563583
68WXEMV X 2020-03-28,36.728310
68WXEMV X 2020-03-29,27.117925
68WXEMV X 2020-03-30,28.404369
68WXEMV X 2020-03-31,30.079670
68WXEMV X 2020-04-01,41.212893
68WXEMV X 2020-04-02,28.390859
68WXEMV X 2020-04-03,38.605210
68WXEMV X 2020-04-04,43.190192
6IHI634 X 2020-01-02,89.049431
6IHI634 X 2020-01-03,61.097523
6IHI634 X 2020-01-04,69.761405
6IHI634 X 2020-01-05,65.849335
6IHI634 X 2020-01-06,103.635877
6IHI634 X 2020-01-07,89.523095
6IHI634 X 2020-01-08,63.859952
6IHI634 X 2020-01-09,55.827918
6IHI634 X 2020-01-10,73.537095
6IHI634 X 2020-01-11,90.998828
6IHI634 X 2020-01-12,84.185528
6IHI634 X 2020-01-13,70.442501
6IHI634 X 2020-01-14,41.003077
6IHI634 X 2020-01-15,50.250531
6IHI634 X 2020-01-16,49.849413
6IHI634 X 2020-01-17,33.935971
6IHI634 X 2020-01-18,65.280487
6IHI634 X 2020-01-19,37.340631
6IHI634 X 2020-01-20,28.850160
6IHI634 X 2020-01-21,42.828398
6IHI634 X 2020-01-22,39.568508
6IHI634 X 2020-01-23,93.890361
6IHI634 X 2020-01-24,53.300172
6IHI634 X 2020-01-25,60.560000
6IHI634 X 2020-01-26,68.362635
6IHI634 X 2020-01-27,30.755646
6IHI634 X 2020-01-28,31.791528
6IHI634 X 2020-01-29,62.400060
6IHI634 X 2020-01-30,27.371316
6IHI634 X 2020-01-31,57.747872
6IHI634 X 2020-02-01,36.428690
6IHI634 X 2020-02-02,33.756153
6IHI634 X 2020-02-03,41.010992
6IHI634 X 2020-02-04,37.725708
6IHI634 X 2020-02-05,60.528574
6IHI634 X 2020-02-06,81.701364
6IHI634 X 2020-02-07,77.775361
6IHI634 X 2020-02-08,48.928869
6IHI634 X 2020-02-09,75.311112
6IHI634 X 2020-02-10,28.133495
6IHI634 X 2020-02-11,56.413459
6IHI634 X 2020-02-12,70.004828
6IHI634 X 2020-02-13,42.674325
6IHI634 X 2020-02-14,56.423433
6IHI634 X 2020-02-15,75.805044
6IHI634 X 2020-02-16,40.101869
6IHI634 X 2020-02-17,30.591345
6IHI634 X 2020-02-18,64.009554
6IHI634 X 2020-02-19,70.227623
6IHI634 X 2020-02-20,50.828636
6IHI634 X 2020-02-21,66.855167
6IHI634 X 2020-02-22,70.893450
6IHI634 X 2020-02-23,69.399149
6IHI634 X 2020-02-24,69.718373
6IHI634 X 2020-02-25,53.804556
6IHI634 X 2020-02-26,53.110940
6IHI634 X 2020-02-27,53.253772
6IHI634 X 2020-02-28,60.322759
6IHI634 X 2020-02-29,53.608813
6IHI634 X 2020-03-01,31.807667
6IHI634 X 2020-03-02,23.406187
6IHI634 X 2020-03-03,50.073984
6IHI634 X 2020-03-04,64.490889
6IHI634 X 2020-03-05,24.989426
6IHI634 X 2020-03-06,52.458267
6IHI634 X 2020-03-07,36.892452
6IHI634 X 2020-03-08,70.619680
6IHI634 X 2020-03-09,40.619620
6IHI634 X 2020-03-10,72.991009
6IHI634 X 2020-03-11,63.541660
6IHI634 X 2020-03-12,62.202939
6IHI634 X 2020-03-13,40.670105
6IHI634 X 2020-03-14,70.138900
6IHI634 X 2020-03-15,66.724284
6IHI634 X 2020-03-16,34.072610
6IHI634 X 2020-03-17,40.571079
6IHI634 X 2020-03-18,69.031602
6IHI634 X 2020-03-19,60.882179
6IHI634 X 2020-03-20,45.475325
6IHI634 X 2020-03-21,46.941770
6IHI634 X 2020-03-22,45.028231
6IHI634 X 2020-03-23,59.324078
6IHI634 X 2020-03-24,33.121217
6IHI634 X 2020-03-25,54.140374
6IHI634 X 2020-03-26,33.192114
6IHI634 X 2020-03-27,78.412488
6IHI634 X 2020-03-28,67.773081
6IHI634 X 2020-03-29,59.307987
6IHI634 X 2020-03-30,29.273845
6IHI634 X 2020-03-31,80.314082
6IHI634 X 2020-04-01,30.365734
6IHI634 X 2020-04-02,57.014159
6IHI634 X 2020-04-03,47.016147
6IHI634 X 2020-04-04,72.299627
6L6T45C X 2020-01-02,46.645700
6L6T45C X 2020-01-03,61.764254
6L6T45C X 2020-01-04,31.175004
6L6T45C X 2020-01-05,34.190918
6L6T45C X 2020-01-06,60.436407
6L6T45C X 2020-01-07,63.877180
6L6T45C X 2020-01-08,40.990753
6L6T45C X 2020-01-09,53.510669
6L6T45C X 2020-01-10,34.887241
6L6T45C X 2020-01-11,39.714151
6L6T45C X 2020-01-12,47.014426
6L6T45C X 2020-01-13,44.260966
6L6T45C X 2020-01-14,51.660397
6L6T45C X 2020-01-15,67.626790
6L6T45C X 2020-01-16,55.124822
6L6T45C X 2020-01-17,76.478782
6L6T45C X 2020-01-18,66.627721
6L6T45C X 2020-01-19,46.459903
6L6T45C X 2020-01-20,50.120135
6L6T45C X 2020-01-21,45.675753
6L6T45C X 2020-01-22,40.921089
6L6T45C X 2020-01-23,50.399913
6L6T45C X 2020-01-24,73.163385
6L6T45C X 2020-01-25,65.467312
6L6T45C X 2020-01-26,76.606357
6L6T45C X 2020-01-27,73.166820
6L6T45C X 2020-01-28,46.027459
6L6T45C X 2020-01-29,36.552071
6L6T45C X 2020-01-30,48.366579
6L6T45C X 2020-01-31,32.739243
6L6T45C X 2020-02-01,40.675403
6L6T45C X 2020-02-02,29.240114
6L6T45C X 2020-02-03,28.846274
6L6T45C X 2020-02-04,38.808172
6L6T45C X 2020-02-05,31.597639
6L6T45C X 2020-02-06,42.636117
6L6T45C X 2020-02-07,36.662508
6L6T45C X 2020-02-08,88.775505
6L6T45C X 2020-02-09,51.795241
6L6T45C X 2020-02-10,49.779435
6L6T45C X 2020-02-11,33.763909
6L6T45C X 2020-02-12,39.714136
6L6T45C X 2020-02-13,40.758954
6L6T45C X 2020-02-14,57.343019
6L6T45C X 2020-02-15,60.859369
6L6T45C X 2020-02-16,49.095794
6L6T45C X 2020-02-17,40.702382
6L6T45C X 2020-02-18,32.753854
6L6T45C X 2020-02-19,32.097623
6L6T45C X 2020-02-20,36.842017
6L6T45C X 2020-02-21,46.490628
6L6T45C X 2020-02-22,45.829417
6L6T45C X 2020-02-23,46.900730
6L6T45C X 2020-02-24,35.367084
6L6T45C X 2020-02-25,87.439604
6L6T45C X 2020-02-26,36.840430
6L6T45C X 2020-02-27,36.616944
6L6T45C X 2020-02-28,44.434541
6L6T45C X 2020-02-29,37.970160
6L6T45C X 2020-03-01,25.938754
6L6T45C X 2020-03-02,44.187974
6L6T45C X 2020-03-03,41.646013
6L6T45C X 2020-03-04,26.984967
6L6T45C X 2020-03-05,44.674016
6L6T45C X 2020-03-06,30.515910
6L6T45C X 2020-03-07,54.833070
6L6T45C X 2020-03-08,34.287504
6L6T45C X 2020-03-09,66.688594
6L6T45C X 2020-03-10,57.149903
6L6T45C X 2020-03-11,26.208944
6L6T45C X 2020-03-12,29.728283
6L6T45C X 2020-03-13,33.005759
6L6T45C X 2020-03-14,23.695625
6L6T45C X 2020-03-15,66.317421
6L6T45C X 2020-03-16,43.462139
6L6T45C X 2020-03-17,54.103479
6L6T45C X 2020-03-18,64.077849
6L6T45C X 2020-03-19,45.413409
6L6T45C X 2020-03-20,47.121885
6L6T45C X 2020-03-21,28.455770
6L6T45C X 2020-03-22,23.611120
6L6T45C X 2020-03-23,39.087892
6L6T45C X 2020-03-24,60.682742
6L6T45C X 2020-03-25,75.245857
6L6T45C X 2020-03-26,52.140833
6L6T45C X 2020-03-27,59.799484
6L6T45C X 2020-03-28,93.429683
6L6T45C X 2020-03-29,67.538269
6L6T45C X 2020-03-30,28.324190
6L6T45C X 2020-03-31,36.936365
6L6T45C X 2020-04-01,31.649636
6L6T45C X 2020-04-02,25.769798
6L6T45C X 2020-04-03,36.352175
6L6T45C X 2020-04-04,49.193620
6Q5AZWX X 2020-01-02,65.541794
6Q5AZWX X 2020-01-03,49.390099
6Q5AZWX X 2020-01-04,39.179310
6Q5AZWX X 2020-01-05,33.357134
6Q5AZWX X 2020-01-06,30.310693
6Q5AZWX X 2020-01-07,72.468821
6Q5AZWX X 2020-01-08,69.071220
6Q5AZWX X 2020-01-09,48.389538
6Q5AZWX X 2020-01-10,30.602039
6Q5AZWX X 2020-01-11,36.033487
6Q5AZWX X 2020-01-12,31.659884
6Q5AZWX X 2020-01-13,35.672669
6Q5AZWX X 2020-01-14,49.970160
6Q5AZWX X 2020-01-15,41.957604
6Q5AZWX X 2020-01-16,54.120607
6Q5AZWX X 2020-01-17,41.235048
6Q5AZWX X 2020-01-18,56.072112
6Q5AZWX X 2020-01-19,47.651758
6Q5AZWX X 2020-01-20,54.090537
6Q5AZWX X 2020-01-21,52.534897
6Q5AZWX X 2020-01-22,41.328807
6Q5AZWX X 2020-01-23,41.041976
6Q5AZWX X 2020-01-24,59.591068
6Q5AZWX X 2020-01-25,48.334714
6Q5AZWX X 2020-01-26,55.500386
6Q5AZWX X 2020-01-27,39.838165
6Q5AZWX X 2020-01-28,51.392705
6Q5AZWX X 2020-01-29,57.370784
6Q5AZWX X 2020-01-30,58.956875
6Q5AZWX X 2020-01-31,59.107915
6Q5AZWX X 2020-02-01,48.956853
6Q5AZWX X 2020-02-02,38.513265
6Q5AZWX X 2020-02-03,24.110012
6Q5AZWX X 2020-02-04,63.363864
6Q5AZWX X 2020-02-05,36.411102
6Q5AZWX X 2020-02-06,49.861265
6Q5AZWX X 2020-02-07,44.406647
6Q5AZWX X 2020-02-08,55.609218
6Q5AZWX X 2020-02-09,51.742825
6Q5AZWX X 2020-02-10,35.002347
6Q5AZWX X 2020-02-11,45.254821
6Q5AZWX X 2020-02-12,46.645759
6Q5AZWX X 2020-02-13,49.995492
6Q5AZWX X 2020-02-14,67.647644
6Q5AZWX X 2020-02-15,39.287361
6Q5AZWX X 2020-02-16,33.188622
6Q5AZWX X 2020-02-17,29.743405
6Q5AZWX X 2020-02-18,98.801139
6Q5AZWX X 2020-02-19,77.523778
6Q5AZWX X 2020-02-20,85.888161
6Q5AZWX X 2020-02-21,82.047056
6Q5AZWX X 2020-02-22,40.136231
6Q5AZWX X 2020-02-23,73.606118
6Q5AZWX X 2020-02-24,49.959246
6Q5AZWX X 2020-02-25,62.966468
6Q5AZWX X 2020-02-26,58.254546
6Q5AZWX X 2020-02-27,36.656503
6Q5AZWX X 2020-02-28,75.423058
6Q5AZWX X 2020-02-29,118.662823
6Q5AZWX X 2020-03-01,29.369471
6Q5AZWX X 2020-03-02,68.462349
6Q5AZWX X 2020-03-03,41.929127
6Q5AZWX X 2020-03-04,80.597250
6Q5AZWX X 2020-03-05,97.237298
6Q5AZWX X 2020-03-06,67.819233
6Q5AZWX X 2020-03-07,54.891791
6Q5AZWX X 2020-03-08,46.397054
6Q5AZWX X 2020-03-09,53.196226
6Q5AZWX X 2020-03-10,65.554506
6Q5AZWX X 2020-03-11,44.496319
6Q5AZWX X 2020-03-12,50.892548
6Q5AZWX X 2020-03-13,44.194480
6Q5AZWX X 2020-03-14,38.964234
6Q5AZWX X 2020-03-15,37.119684
6Q5AZWX X 2020-03-16,43.790829
6Q5AZWX X 2020-03-17,34.100233
6Q5AZWX X 2020-03-18,41.385214
6Q5AZWX X 2020-03-19,37.476889
6Q5AZWX X 2020-03-20,54.615011
6Q5AZWX X 2020-03-21,45.848680
6Q5AZWX X 2020-03-22,50.092931
6Q5AZWX X 2020-03-23,43.661577
6Q5AZWX X 2020-03-24,49.914045
6Q5AZWX X 2020-03-25,47.477726
6Q5AZWX X 2020-03-26,34.557709
6Q5AZWX X 2020-03-27,36.615632
6Q5AZWX X 2020-03-28,40.867480
6Q5AZWX X 2020-03-29,38.637800
6Q5AZWX X 2020-03-30,81.052361
6Q5AZWX X 2020-03-31,40.335028
6Q5AZWX X 2020-04-01,37.813741
6Q5AZWX X 2020-04-02,28.923216
6Q5AZWX X 2020-04-03,45.391119
6Q5AZWX X 2020-04-04,48.315917
6UUG3GR X 2020-01-02,28.722613
6UUG3GR X 2020-01-03,94.632942
6UUG3GR X 2020-01-04,60.885304
6UUG3GR X 2020-01-05,54.804793
6UUG3GR X 2020-01-06,31.934577
6UUG3GR X 2020-01-07,123.748544
6UUG3GR X 2020-01-08,79.095066
6UUG3GR X 2020-01-09,41.454821
6UUG3GR X 2020-01-10,138.893607
6UUG3GR X 2020-01-11,59.104123
6UUG3GR X 2020-01-12,85.322856
6UUG3GR X 2020-01-13,58.166726
6UUG3GR X 2020-01-14,127.484307
6UUG3GR X 2020-01-15,139.215079
6UUG3GR X 2020-01-16,64.690853
6UUG3GR X 2020-01-17,81.279437
6UUG3GR X 2020-01-18,137.152832
6UUG3GR X 2020-01-19,132.399434
6UUG3GR X 2020-01-20,131.926478
6UUG3GR X 2020-01-21,27.138054
6UUG3GR X 2020-01-22,131.005756
6UUG3GR X 2020-01-23,81.020228
6UUG3GR X 2020-01-24,29.607266
6UUG3GR X 2020-01-25,39.694901
6UUG3GR X 2020-01-26,62.897813
6UUG3GR X 2020-01-27,41.906450
6UUG3GR X 2020-01-28,74.821097
6UUG3GR X 2020-01-29,47.301317
6UUG3GR X 2020-01-30,31.205229
6UUG3GR X 2020-01-31,26.968635
6UUG3GR X 2020-02-01,35.658217
6UUG3GR X 2020-02-02,105.375175
6UUG3GR X 2020-02-03,118.689253
6UUG3GR X 2020-02-04,35.576647
6UUG3GR X 2020-02-05,122.091081
6UUG3GR X 2020-02-06,91.293313
6UUG3GR X 2020-02-07,77.069537
6UUG3GR X 2020-02-08,85.463060
6UUG3GR X 2020-02-09,84.012079
6UUG3GR X 2020-02-10,48.510651
6UUG3GR X 2020-02-11,94.655332
6UUG3GR X 2020-02-12,74.204540
6UUG3GR X 2020-02-13,75.463050
6UUG3GR X 2020-02-14,158.193399
6UUG3GR X 2020-02-15,57.789418
6UUG3GR X 2020-02-16,94.570325
6UUG3GR X 2020-02-17,45.568040
6UUG3GR X 2020-02-18,85.718594
6UUG3GR X 2020-02-19,64.337426
6UUG3GR X 2020-02-20,57.566766
6UUG3GR X 2020-02-21,43.421222
6UUG3GR X 2020-02-22,48.268680
6UUG3GR X 2020-02-23,54.144153
6UUG3GR X 2020-02-24,97.412165
6UUG3GR X 2020-02-25,76.889564
6UUG3GR X 2020-02-26,82.373151
6UUG3GR X 2020-02-27,81.109127
6UUG3GR X 2020-02-28,75.257989
6UUG3GR X 2020-02-29,82.832448
6UUG3GR X 2020-03-01,62.402571
6UUG3GR X 2020-03-02,92.765025
6UUG3GR X 2020-03-03,91.000778
6UUG3GR X 2020-03-04,81.761841
6UUG3GR X 2020-03-05,47.080761
6UUG3GR X 2020-03-06,29.794118
6UUG3GR X 2020-03-07,70.593144
6UUG3GR X 2020-03-08,66.597786
6UUG3GR X 2020-03-09,87.623345
6UUG3GR X 2020-03-10,55.720926
6UUG3GR X 2020-03-11,39.409446
6UUG3GR X 2020-03-12,55.388192
6UUG3GR X 2020-03-13,37.773899
6UUG3GR X 2020-03-14,65.696540
6UUG3GR X 2020-03-15,37.839665
6UUG3GR X 2020-03-16,40.592463
6UUG3GR X 2020-03-17,53.428299
6UUG3GR X 2020-03-18,84.358548
6UUG3GR X 2020-03-19,108.494439
6UUG3GR X 2020-03-20,45.580789
6UUG3GR X 2020-03-21,32.948769
6UUG3GR X 2020-03-22,63.157383
6UUG3GR X 2020-03-23,52.214062
6UUG3GR X 2020-03-24,37.147118
6UUG3GR X 2020-03-25,42.469874
6UUG3GR X 2020-03-26,33.365964
6UUG3GR X 2020-03-27,100.656661
6UUG3GR X 2020-03-28,69.381054
6UUG3GR X 2020-03-29,80.305127
6UUG3GR X 2020-03-30,77.105056
6UUG3GR X 2020-03-31,53.907996
6UUG3GR X 2020-04-01,57.304784
6UUG3GR X 2020-04-02,22.930670
6UUG3GR X 2020-04-03,72.575418
6UUG3GR X 2020-04-04,35.658978
6VP6JSW X 2020-01-02,96.613608
6VP6JSW X 2020-01-03,44.151103
6VP6JSW X 2020-01-04,111.280782
6VP6JSW X 2020-01-05,44.295557
6VP6JSW X 2020-01-06,56.604362
6VP6JSW X 2020-01-07,45.753659
6VP6JSW X 2020-01-08,77.834919
6VP6JSW X 2020-01-09,149.936382
6VP6JSW X 2020-01-10,163.565660
6VP6JSW X 2020-01-11,46.740107
6VP6JSW X 2020-01-12,64.160009
6VP6JSW X 2020-01-13,35.342053
6VP6JSW X 2020-01-14,48.957210
6VP6JSW X 2020-01-15,134.993529
6VP6JSW X 2020-01-16,147.347066
6VP6JSW X 2020-01-17,117.163881
6VP6JSW X 2020-01-18,121.210893
6VP6JSW X 2020-01-19,115.856030
6VP6JSW X 2020-01-20,102.357798
6VP6JSW X 2020-01-21,42.835484
6VP6JSW X 2020-01-22,57.589710
6VP6JSW X 2020-01-23,49.310310
6VP6JSW X 2020-01-24,59.387318
6VP6JSW X 2020-01-25,39.046875
6VP6JSW X 2020-01-26,103.208644
6VP6JSW X 2020-01-27,107.754488
6VP6JSW X 2020-01-28,50.974194
6VP6JSW X 2020-01-29,59.779101
6VP6JSW X 2020-01-30,132.595839
6VP6JSW X 2020-01-31,108.503056
6VP6JSW X 2020-02-01,115.404173
6VP6JSW X 2020-02-02,95.655238
6VP6JSW X 2020-02-03,141.438008
6VP6JSW X 2020-02-04,60.335455
6VP6JSW X 2020-02-05,94.894218
6VP6JSW X 2020-02-06,91.885104
6VP6JSW X 2020-02-07,157.508675
6VP6JSW X 2020-02-08,144.270813
6VP6JSW X 2020-02-09,137.568681
6VP6JSW X 2020-02-10,145.637429
6VP6JSW X 2020-02-11,53.516597
6VP6JSW X 2020-02-12,50.060307
6VP6JSW X 2020-02-13,81.882015
6VP6JSW X 2020-02-14,54.150790
6VP6JSW X 2020-02-15,106.314662
6VP6JSW X 2020-02-16,81.237198
6VP6JSW X 2020-02-17,51.796534
6VP6JSW X 2020-02-18,108.811935
6VP6JSW X 2020-02-19,40.476329
6VP6JSW X 2020-02-20,35.888614
6VP6JSW X 2020-02-21,111.152336
6VP6JSW X 2020-02-22,111.562123
6VP6JSW X 2020-02-23,73.742595
6VP6JSW X 2020-02-24,115.809770
6VP6JSW X 2020-02-25,132.496423
6VP6JSW X 2020-02-26,114.098120
6VP6JSW X 2020-02-27,97.121040
6VP6JSW X 2020-02-28,60.518657
6VP6JSW X 2020-02-29,66.843373
6VP6JSW X 2020-03-01,89.618971
6VP6JSW X 2020-03-02,131.798374
6VP6JSW X 2020-03-03,89.641604
6VP6JSW X 2020-03-04,65.083290
6VP6JSW X 2020-03-05,47.377821
6VP6JSW X 2020-03-06,53.291960
6VP6JSW X 2020-03-07,48.775044
6VP6JSW X 2020-03-08,37.471802
6VP6JSW X 2020-03-09,53.124341
6VP6JSW X 2020-03-10,67.569242
6VP6JSW X 2020-03-11,54.935925
6VP6JSW X 2020-03-12,39.434343
6VP6JSW X 2020-03-13,109.177528
6VP6JSW X 2020-03-14,75.425893
6VP6JSW X 2020-03-15,90.803888
6VP6JSW X 2020-03-16,92.213988
6VP6JSW X 2020-03-17,101.938407
6VP6JSW X 2020-03-18,121.119089
6VP6JSW X 2020-03-19,123.769814
6VP6JSW X 2020-03-20,82.502650
6VP6JSW X 2020-03-21,54.702731
6VP6JSW X 2020-03-22,60.764419
6VP6JSW X 2020-03-23,128.716935
6VP6JSW X 2020-03-24,42.604726
6VP6JSW X 2020-03-25,94.330484
6VP6JSW X 2020-03-26,58.116058
6VP6JSW X 2020-03-27,48.778639
6VP6JSW X 2020-03-28,46.899105
6VP6JSW X 2020-03-29,48.824405
6VP6JSW X 2020-03-30,50.164631
6VP6JSW X 2020-03-31,34.280972
6VP6JSW X 2020-04-01,59.076366
6VP6JSW X 2020-04-02,61.086828
6VP6JSW X 2020-04-03,74.317394
6VP6JSW X 2020-04-04,102.064746
7647I73 X 2020-01-02,87.605033
7647I73 X 2020-01-03,81.174384
7647I73 X 2020-01-04,23.373815
7647I73 X 2020-01-05,42.729944
7647I73 X 2020-01-06,62.514944
7647I73 X 2020-01-07,80.555852
7647I73 X 2020-01-08,56.292262
7647I73 X 2020-01-09,44.002720
7647I73 X 2020-01-10,58.571949
7647I73 X 2020-01-11,40.726489
7647I73 X 2020-01-12,71.167308
7647I73 X 2020-01-13,39.184869
7647I73 X 2020-01-14,87.511865
7647I73 X 2020-01-15,67.101204
7647I73 X 2020-01-16,81.911660
7647I73 X 2020-01-17,87.222377
7647I73 X 2020-01-18,39.901821
7647I73 X 2020-01-19,37.414917
7647I73 X 2020-01-20,70.871983
7647I73 X 2020-01-21,84.903349
7647I73 X 2020-01-22,84.456413
7647I73 X 2020-01-23,77.025111
7647I73 X 2020-01-24,86.029776
7647I73 X 2020-01-25,88.505112
7647I73 X 2020-01-26,74.224189
7647I73 X 2020-01-27,86.426839
7647I73 X 2020-01-28,46.566630
7647I73 X 2020-01-29,34.558989
7647I73 X 2020-01-30,46.741284
7647I73 X 2020-01-31,24.305108
7647I73 X 2020-02-01,21.079214
7647I73 X 2020-02-02,30.583825
7647I73 X 2020-02-03,29.126651
7647I73 X 2020-02-04,18.583468
7647I73 X 2020-02-05,27.518622
7647I73 X 2020-02-06,38.747371
7647I73 X 2020-02-07,67.426918
7647I73 X 2020-02-08,69.221021
7647I73 X 2020-02-09,95.100157
7647I73 X 2020-02-10,29.729146
7647I73 X 2020-02-11,20.322990
7647I73 X 2020-02-12,24.755403
7647I73 X 2020-02-13,30.576962
7647I73 X 2020-02-14,33.466807
7647I73 X 2020-02-15,73.669007
7647I73 X 2020-02-16,48.251217
7647I73 X 2020-02-17,24.518490
7647I73 X 2020-02-18,18.599862
7647I73 X 2020-02-19,36.158093
7647I73 X 2020-02-20,42.858723
7647I73 X 2020-02-21,27.963469
7647I73 X 2020-02-22,53.189545
7647I73 X 2020-02-23,20.956091
7647I73 X 2020-02-24,36.899198
7647I73 X 2020-02-25,30.287111
7647I73 X 2020-02-26,18.177745
7647I73 X 2020-02-27,30.996862
7647I73 X 2020-02-28,24.850124
7647I73 X 2020-02-29,49.975605
7647I73 X 2020-03-01,19.739886
7647I73 X 2020-03-02,28.512240
7647I73 X 2020-03-03,52.159447
7647I73 X 2020-03-04,35.984679
7647I73 X 2020-03-05,45.326241
7647I73 X 2020-03-06,44.013515
7647I73 X 2020-03-07,25.750438
7647I73 X 2020-03-08,58.885239
7647I73 X 2020-03-09,54.863003
7647I73 X 2020-03-10,43.260206
7647I73 X 2020-03-11,22.445331
7647I73 X 2020-03-12,24.998033
7647I73 X 2020-03-13,25.158466
7647I73 X 2020-03-14,38.526770
7647I73 X 2020-03-15,61.815107
7647I73 X 2020-03-16,60.999228
7647I73 X 2020-03-17,45.767746
7647I73 X 2020-03-18,53.885634
7647I73 X 2020-03-19,58.150813
7647I73 X 2020-03-20,66.192112
7647I73 X 2020-03-21,36.317333
7647I73 X 2020-03-22,34.484279
7647I73 X 2020-03-23,56.605413
7647I73 X 2020-03-24,57.365030
7647I73 X 2020-03-25,59.815270
7647I73 X 2020-03-26,51.795030
7647I73 X 2020-03-27,50.325029
7647I73 X 2020-03-28,62.773298
7647I73 X 2020-03-29,46.831828
7647I73 X 2020-03-30,45.288399
7647I73 X 2020-03-31,61.640500
76RSX1D X 2020-01-02,94.036991
76RSX1D X 2020-01-03,83.893824
76RSX1D X 2020-01-04,99.788810
76RSX1D X 2020-01-05,77.229316
76RSX1D X 2020-01-06,80.437783
76RSX1D X 2020-01-07,37.853181
76RSX1D X 2020-01-08,86.455183
76RSX1D X 2020-01-09,29.368165
76RSX1D X 2020-01-10,42.354958
76RSX1D X 2020-01-11,27.284777
76RSX1D X 2020-01-12,66.362068
76RSX1D X 2020-01-13,32.681934
76RSX1D X 2020-01-14,83.987905
76RSX1D X 2020-01-15,79.490960
76RSX1D X 2020-01-16,32.937090
76RSX1D X 2020-01-17,46.597823
76RSX1D X 2020-01-18,29.652700
76RSX1D X 2020-01-19,26.472644
76RSX1D X 2020-01-20,62.111959
76RSX1D X 2020-01-21,40.036045
76RSX1D X 2020-01-22,39.746278
76RSX1D X 2020-01-23,66.283106
76RSX1D X 2020-01-24,37.107521
76RSX1D X 2020-01-25,28.971084
76RSX1D X 2020-01-26,30.458275
76RSX1D X 2020-01-27,42.177037
76RSX1D X 2020-01-28,40.725857
76RSX1D X 2020-01-29,30.695874
76RSX1D X 2020-01-30,57.366032
76RSX1D X 2020-01-31,46.609093
76RSX1D X 2020-02-01,38.923499
76RSX1D X 2020-02-02,41.897202
76RSX1D X 2020-02-03,50.697418
76RSX1D X 2020-02-04,26.826517
76RSX1D X 2020-02-05,65.541201
76RSX1D X 2020-02-06,27.631278
76RSX1D X 2020-02-07,31.258630
76RSX1D X 2020-02-08,24.106520
76RSX1D X 2020-02-09,23.298533
76RSX1D X 2020-02-10,39.948385
76RSX1D X 2020-02-11,23.873686
76RSX1D X 2020-02-12,19.276125
76RSX1D X 2020-02-13,30.445061
76RSX1D X 2020-02-14,25.750483
76RSX1D X 2020-02-15,25.531381
76RSX1D X 2020-02-16,22.371224
76RSX1D X 2020-02-17,22.307217
76RSX1D X 2020-02-18,30.578786
76RSX1D X 2020-02-19,27.973844
76RSX1D X 2020-02-20,31.444532
76RSX1D X 2020-02-21,24.400935
76RSX1D X 2020-02-22,22.091146
76RSX1D X 2020-02-23,21.281687
76RSX1D X 2020-02-24,34.539242
76RSX1D X 2020-02-25,33.539590
76RSX1D X 2020-02-26,31.541562
76RSX1D X 2020-02-27,34.645187
76RSX1D X 2020-02-28,32.026953
76RSX1D X 2020-02-29,34.685507
76RSX1D X 2020-03-01,35.416946
76RSX1D X 2020-03-02,43.633511
76RSX1D X 2020-03-03,33.184140
76RSX1D X 2020-03-04,38.448324
76RSX1D X 2020-03-05,25.831418
76RSX1D X 2020-03-06,24.870957
76RSX1D X 2020-03-07,24.645363
76RSX1D X 2020-03-08,20.138469
76RSX1D X 2020-03-09,22.099805
76RSX1D X 2020-03-10,28.888803
76RSX1D X 2020-03-11,29.177534
76RSX1D X 2020-03-12,32.409096
76RSX1D X 2020-03-13,50.394071
76RSX1D X 2020-03-14,20.283992
76RSX1D X 2020-03-15,20.901700
76RSX1D X 2020-03-16,21.409008
76RSX1D X 2020-03-17,25.265484
76RSX1D X 2020-03-18,39.592350
76RSX1D X 2020-03-19,42.327083
76RSX1D X 2020-03-20,44.685993
76RSX1D X 2020-03-21,27.160467
76RSX1D X 2020-03-22,47.646915
76RSX1D X 2020-03-23,21.052830
76RSX1D X 2020-03-24,28.829967
76RSX1D X 2020-03-25,27.637299
76RSX1D X 2020-03-26,19.685510
76RSX1D X 2020-03-27,23.906376
76RSX1D X 2020-03-28,24.346029
76RSX1D X 2020-03-29,19.417056
76RSX1D X 2020-03-30,23.497858
76RSX1D X 2020-03-31,21.951451
76RSX1D X 2020-04-01,28.536720
76RSX1D X 2020-04-02,25.007185
76RSX1D X 2020-04-03,26.115897
76RSX1D X 2020-04-04,26.416349
7G7AG28 X 2020-01-02,82.715075
7G7AG28 X 2020-01-03,84.778856
7G7AG28 X 2020-01-04,77.719987
7G7AG28 X 2020-01-05,80.467537
7G7AG28 X 2020-01-06,64.978362
7G7AG28 X 2020-01-07,62.310235
7G7AG28 X 2020-01-08,123.961046
7G7AG28 X 2020-01-09,80.594170
7G7AG28 X 2020-01-10,83.093164
7G7AG28 X 2020-01-11,126.238553
7G7AG28 X 2020-01-12,114.888959
7G7AG28 X 2020-01-13,134.864200
7G7AG28 X 2020-01-14,146.328468
7G7AG28 X 2020-01-15,62.831762
7G7AG28 X 2020-01-16,68.420797
7G7AG28 X 2020-01-17,84.030730
7G7AG28 X 2020-01-18,121.916484
7G7AG28 X 2020-01-19,155.028974
7G7AG28 X 2020-01-20,155.885881
7G7AG28 X 2020-01-21,123.733457
7G7AG28 X 2020-01-22,93.402861
7G7AG28 X 2020-01-23,62.274291
7G7AG28 X 2020-01-24,38.540680
7G7AG28 X 2020-01-25,59.061222
7G7AG28 X 2020-01-26,63.648140
7G7AG28 X 2020-01-27,101.463104
7G7AG28 X 2020-01-28,68.786238
7G7AG28 X 2020-01-29,137.122069
7G7AG28 X 2020-01-30,133.431803
7G7AG28 X 2020-01-31,95.467604
7G7AG28 X 2020-02-01,113.157313
7G7AG28 X 2020-02-02,88.406304
7G7AG28 X 2020-02-03,127.281048
7G7AG28 X 2020-02-04,137.059401
7G7AG28 X 2020-02-05,117.884179
7G7AG28 X 2020-02-06,54.165463
7G7AG28 X 2020-02-07,83.262737
7G7AG28 X 2020-02-08,83.682001
7G7AG28 X 2020-02-09,94.760192
7G7AG28 X 2020-02-10,92.613274
7G7AG28 X 2020-02-11,92.802560
7G7AG28 X 2020-02-12,90.852717
7G7AG28 X 2020-02-13,87.370321
7G7AG28 X 2020-02-14,62.146593
7G7AG28 X 2020-02-15,33.768115
7G7AG28 X 2020-02-16,101.566175
7G7AG28 X 2020-02-17,119.690634
7G7AG28 X 2020-02-18,92.405761
7G7AG28 X 2020-02-19,77.046615
7G7AG28 X 2020-02-20,95.127968
7G7AG28 X 2020-02-21,110.872341
7G7AG28 X 2020-02-22,100.840765
7G7AG28 X 2020-02-23,103.117322
7G7AG28 X 2020-02-24,65.615405
7G7AG28 X 2020-02-25,71.731583
7G7AG28 X 2020-02-26,57.995879
7G7AG28 X 2020-02-27,85.932708
7G7AG28 X 2020-02-28,74.309406
7G7AG28 X 2020-02-29,85.189034
7G7AG28 X 2020-03-01,66.090143
7G7AG28 X 2020-03-02,44.615282
7G7AG28 X 2020-03-03,62.545204
7G7AG28 X 2020-03-04,107.083844
7G7AG28 X 2020-03-05,77.896167
7G7AG28 X 2020-03-06,51.397533
7G7AG28 X 2020-03-07,88.924226
7G7AG28 X 2020-03-08,94.735685
7G7AG28 X 2020-03-09,80.182988
7G7AG28 X 2020-03-10,81.713791
7G7AG28 X 2020-03-11,98.618979
7G7AG28 X 2020-03-12,54.838787
7G7AG28 X 2020-03-13,92.526885
7G7AG28 X 2020-03-14,139.387038
7G7AG28 X 2020-03-15,90.315011
7G7AG28 X 2020-03-16,45.995816
7G7AG28 X 2020-03-17,87.336683
7G7AG28 X 2020-03-18,118.828106
7G7AG28 X 2020-03-19,87.102840
7G7AG28 X 2020-03-20,83.939396
7G7AG28 X 2020-03-21,85.579427
7G7AG28 X 2020-03-22,68.253250
7G7AG28 X 2020-03-23,89.290795
7G7AG28 X 2020-03-24,102.896718
7G7AG28 X 2020-03-25,68.384000
7G7AG28 X 2020-03-26,85.937405
7G7AG28 X 2020-03-27,70.122237
7G7AG28 X 2020-03-28,66.416057
7G7AG28 X 2020-03-29,45.703169
7G7AG28 X 2020-03-30,57.539425
7G7AG28 X 2020-03-31,70.462960
7G7AG28 X 2020-04-01,45.273491
7G7AG28 X 2020-04-02,74.227628
7G7AG28 X 2020-04-03,75.998627
7G7AG28 X 2020-04-04,78.328607
7N5XYRU X 2020-01-02,100.869024
7N5XYRU X 2020-01-03,79.581329
7N5XYRU X 2020-01-04,115.091397
7N5XYRU X 2020-01-05,129.969192
7N5XYRU X 2020-01-06,58.085619
7N5XYRU X 2020-01-07,158.104057
7N5XYRU X 2020-01-08,48.014106
7N5XYRU X 2020-01-09,118.270103
7N5XYRU X 2020-01-10,153.849194
7N5XYRU X 2020-01-11,68.549112
7N5XYRU X 2020-01-12,66.741634
7N5XYRU X 2020-01-13,57.787438
7N5XYRU X 2020-01-14,171.810317
7N5XYRU X 2020-01-15,192.178582
7N5XYRU X 2020-01-16,95.289835
7N5XYRU X 2020-01-17,168.124745
7N5XYRU X 2020-01-18,112.835925
7N5XYRU X 2020-01-19,132.941407
7N5XYRU X 2020-01-20,153.395397
7N5XYRU X 2020-01-21,184.860565
7N5XYRU X 2020-01-22,100.383541
7N5XYRU X 2020-01-23,48.686056
7N5XYRU X 2020-01-24,60.353575
7N5XYRU X 2020-01-25,137.737610
7N5XYRU X 2020-01-26,106.199525
7N5XYRU X 2020-01-27,133.533582
7N5XYRU X 2020-01-28,81.903659
7N5XYRU X 2020-01-29,35.477540
7N5XYRU X 2020-01-30,71.464000
7N5XYRU X 2020-01-31,164.898394
7N5XYRU X 2020-02-01,47.835233
7N5XYRU X 2020-02-02,42.090471
7N5XYRU X 2020-02-03,48.341532
7N5XYRU X 2020-02-04,51.589693
7N5XYRU X 2020-02-05,53.544056
7N5XYRU X 2020-02-06,85.112488
7N5XYRU X 2020-02-07,96.899925
7N5XYRU X 2020-02-08,105.021008
7N5XYRU X 2020-02-09,53.323472
7N5XYRU X 2020-02-10,119.458675
7N5XYRU X 2020-02-11,119.896779
7N5XYRU X 2020-02-12,89.805908
7N5XYRU X 2020-02-13,30.525992
7N5XYRU X 2020-02-14,63.059595
7N5XYRU X 2020-02-15,41.916758
7N5XYRU X 2020-02-16,26.313909
7N5XYRU X 2020-02-17,58.450217
7N5XYRU X 2020-02-18,38.531677
7N5XYRU X 2020-02-19,47.663698
7N5XYRU X 2020-02-20,78.733835
7N5XYRU X 2020-02-21,97.723757
7N5XYRU X 2020-02-22,80.823967
7N5XYRU X 2020-02-23,51.774536
7N5XYRU X 2020-02-24,40.402271
7N5XYRU X 2020-02-25,52.160517
7N5XYRU X 2020-02-26,55.626940
7N5XYRU X 2020-02-27,74.415187
7N5XYRU X 2020-02-28,67.800671
7N5XYRU X 2020-02-29,82.199549
7N5XYRU X 2020-03-01,92.788217
7N5XYRU X 2020-03-02,104.884861
7N5XYRU X 2020-03-03,103.924902
7N5XYRU X 2020-03-04,54.636218
7N5XYRU X 2020-03-05,60.265754
7N5XYRU X 2020-03-06,102.299566
7N5XYRU X 2020-03-07,100.726319
7N5XYRU X 2020-03-08,49.590190
7N5XYRU X 2020-03-09,47.964798
7N5XYRU X 2020-03-10,71.529259
7N5XYRU X 2020-03-11,76.204488
7N5XYRU X 2020-03-12,27.136258
7N5XYRU X 2020-03-13,39.919540
7N5XYRU X 2020-03-14,39.399430
7N5XYRU X 2020-03-15,38.126041
7N5XYRU X 2020-03-16,66.165044
7N5XYRU X 2020-03-17,50.301294
7N5XYRU X 2020-03-18,54.078901
7N5XYRU X 2020-03-19,28.747896
7N5XYRU X 2020-03-20,55.348447
7N5XYRU X 2020-03-21,34.551044
7N5XYRU X 2020-03-22,50.756099
7N5XYRU X 2020-03-23,36.555657
7N5XYRU X 2020-03-24,76.011591
7N5XYRU X 2020-03-25,86.802436
7N5XYRU X 2020-03-26,36.831120
7N5XYRU X 2020-03-27,32.740638
7N5XYRU X 2020-03-28,46.803873
7N5XYRU X 2020-03-29,84.183124
7N5XYRU X 2020-03-30,120.964032
7N5XYRU X 2020-03-31,46.095599
7N5XYRU X 2020-04-01,53.774048
7N5XYRU X 2020-04-02,41.343507
7N5XYRU X 2020-04-03,30.140496
7N5XYRU X 2020-04-04,53.010115
7SZW1UF X 2020-01-02,76.773485
7SZW1UF X 2020-01-03,58.762853
7SZW1UF X 2020-01-04,34.132455
7SZW1UF X 2020-01-05,39.860257
7SZW1UF X 2020-01-06,77.091884
7SZW1UF X 2020-01-07,69.708517
7SZW1UF X 2020-01-08,65.007575
7SZW1UF X 2020-01-09,34.068948
7SZW1UF X 2020-01-10,56.058912
7SZW1UF X 2020-01-11,56.416389
7SZW1UF X 2020-01-12,78.516709
7SZW1UF X 2020-01-13,37.702975
7SZW1UF X 2020-01-14,46.279548
7SZW1UF X 2020-01-15,44.209618
7SZW1UF X 2020-01-16,59.771249
7SZW1UF X 2020-01-17,77.076665
7SZW1UF X 2020-01-18,37.838807
7SZW1UF X 2020-01-19,71.701278
7SZW1UF X 2020-01-20,42.593446
7SZW1UF X 2020-01-21,74.012779
7SZW1UF X 2020-01-22,48.513745
7SZW1UF X 2020-01-23,60.270306
7SZW1UF X 2020-01-24,86.216152
7SZW1UF X 2020-01-25,65.010187
7SZW1UF X 2020-01-26,74.635746
7SZW1UF X 2020-01-27,61.581997
7SZW1UF X 2020-01-28,73.319870
7SZW1UF X 2020-01-29,19.949503
7SZW1UF X 2020-01-30,29.708030
7SZW1UF X 2020-01-31,50.694067
7SZW1UF X 2020-02-01,30.409841
7SZW1UF X 2020-02-02,25.508402
7SZW1UF X 2020-02-03,34.616827
7SZW1UF X 2020-02-04,36.393905
7SZW1UF X 2020-02-05,32.068369
7SZW1UF X 2020-02-06,61.402265
7SZW1UF X 2020-02-07,66.318299
7SZW1UF X 2020-02-08,84.271012
7SZW1UF X 2020-02-09,57.652778
7SZW1UF X 2020-02-10,66.057386
7SZW1UF X 2020-02-11,36.566859
7SZW1UF X 2020-02-12,31.914538
7SZW1UF X 2020-02-13,38.070385
7SZW1UF X 2020-02-14,42.882063
7SZW1UF X 2020-02-15,52.260493
7SZW1UF X 2020-02-16,39.216815
7SZW1UF X 2020-02-17,48.513507
7SZW1UF X 2020-02-18,28.643578
7SZW1UF X 2020-02-19,37.921611
7SZW1UF X 2020-02-20,40.590554
7SZW1UF X 2020-02-21,45.000517
7SZW1UF X 2020-02-22,60.279739
7SZW1UF X 2020-02-23,39.787196
7SZW1UF X 2020-02-24,34.733598
7SZW1UF X 2020-02-25,43.062053
7SZW1UF X 2020-02-26,32.494661
7SZW1UF X 2020-02-27,50.116303
7SZW1UF X 2020-02-28,52.637516
7SZW1UF X 2020-02-29,60.359407
7SZW1UF X 2020-03-01,36.015611
7SZW1UF X 2020-03-02,38.729211
7SZW1UF X 2020-03-03,50.547483
7SZW1UF X 2020-03-04,51.866303
7SZW1UF X 2020-03-05,53.349146
7SZW1UF X 2020-03-06,48.088582
7SZW1UF X 2020-03-07,39.560734
7SZW1UF X 2020-03-08,50.360102
7SZW1UF X 2020-03-09,57.441819
7SZW1UF X 2020-03-10,55.538638
7SZW1UF X 2020-03-11,24.208647
7SZW1UF X 2020-03-12,20.419428
7SZW1UF X 2020-03-13,37.057143
7SZW1UF X 2020-03-14,32.777442
7SZW1UF X 2020-03-15,74.572218
7SZW1UF X 2020-03-16,59.666780
7SZW1UF X 2020-03-17,68.495373
7SZW1UF X 2020-03-18,73.507050
7SZW1UF X 2020-03-19,52.219317
7SZW1UF X 2020-03-20,51.749246
7SZW1UF X 2020-03-21,33.574722
7SZW1UF X 2020-03-22,31.714345
7SZW1UF X 2020-03-23,46.764295
7SZW1UF X 2020-03-24,67.676505
7SZW1UF X 2020-03-25,62.152653
7SZW1UF X 2020-03-26,77.182066
7SZW1UF X 2020-03-27,84.328302
7SZW1UF X 2020-03-28,100.666552
7SZW1UF X 2020-03-29,86.497410
7SZW1UF X 2020-03-30,25.718153
7SZW1UF X 2020-03-31,62.403799
7SZZTH1 X 2020-01-02,33.235484
7SZZTH1 X 2020-01-03,24.028918
7SZZTH1 X 2020-01-04,25.666166
7SZZTH1 X 2020-01-05,26.462819
7SZZTH1 X 2020-01-06,27.465271
7SZZTH1 X 2020-01-07,30.490685
7SZZTH1 X 2020-01-08,22.424032
7SZZTH1 X 2020-01-09,21.784744
7SZZTH1 X 2020-01-10,21.959832
7SZZTH1 X 2020-01-11,32.096811
7SZZTH1 X 2020-01-12,26.045789
7SZZTH1 X 2020-01-13,29.428251
7SZZTH1 X 2020-01-14,37.947019
7SZZTH1 X 2020-01-15,18.805610
7SZZTH1 X 2020-01-16,30.025642
7SZZTH1 X 2020-01-17,39.444529
7SZZTH1 X 2020-01-18,28.623765
7SZZTH1 X 2020-01-19,25.445013
7SZZTH1 X 2020-01-20,24.484547
7SZZTH1 X 2020-01-21,25.295563
7SZZTH1 X 2020-01-22,32.617067
7SZZTH1 X 2020-01-23,29.282726
7SZZTH1 X 2020-01-24,31.732644
7SZZTH1 X 2020-01-25,27.267962
7SZZTH1 X 2020-01-26,29.217238
7SZZTH1 X 2020-01-27,24.328525
7SZZTH1 X 2020-01-28,31.285292
7SZZTH1 X 2020-01-29,19.726176
7SZZTH1 X 2020-01-30,24.458702
7SZZTH1 X 2020-01-31,22.623756
7SZZTH1 X 2020-02-01,23.872906
7SZZTH1 X 2020-02-02,30.935095
7SZZTH1 X 2020-02-03,19.478593
7SZZTH1 X 2020-02-04,26.345483
7SZZTH1 X 2020-02-05,31.924175
7SZZTH1 X 2020-02-06,34.859708
7SZZTH1 X 2020-02-07,28.790759
7SZZTH1 X 2020-02-08,33.460288
7SZZTH1 X 2020-02-09,24.824124
7SZZTH1 X 2020-02-10,22.169031
7SZZTH1 X 2020-02-11,19.152395
7SZZTH1 X 2020-02-12,22.899911
7SZZTH1 X 2020-02-13,24.198048
7SZZTH1 X 2020-02-14,42.480090
7SZZTH1 X 2020-02-15,33.895783
7SZZTH1 X 2020-02-16,21.784597
7SZZTH1 X 2020-02-17,23.963226
7SZZTH1 X 2020-02-18,21.542673
7SZZTH1 X 2020-02-19,24.117577
7SZZTH1 X 2020-02-20,25.185795
7SZZTH1 X 2020-02-21,30.963091
7SZZTH1 X 2020-02-22,26.833553
7SZZTH1 X 2020-02-23,25.399210
7SZZTH1 X 2020-02-24,26.329938
7SZZTH1 X 2020-02-25,23.490271
7SZZTH1 X 2020-02-26,33.208179
7SZZTH1 X 2020-02-27,30.855985
7SZZTH1 X 2020-02-28,34.692433
7SZZTH1 X 2020-02-29,45.603365
7SZZTH1 X 2020-03-01,21.426156
7SZZTH1 X 2020-03-02,27.093701
7SZZTH1 X 2020-03-03,26.710677
7SZZTH1 X 2020-03-04,31.584615
7SZZTH1 X 2020-03-05,26.557222
7SZZTH1 X 2020-03-06,32.432329
7SZZTH1 X 2020-03-07,25.863935
7SZZTH1 X 2020-03-08,25.842343
7SZZTH1 X 2020-03-09,30.604823
7SZZTH1 X 2020-03-10,27.871556
7SZZTH1 X 2020-03-11,23.860061
7SZZTH1 X 2020-03-12,25.139766
7SZZTH1 X 2020-03-13,28.081747
7SZZTH1 X 2020-03-14,34.262771
7SZZTH1 X 2020-03-15,30.157782
7SZZTH1 X 2020-03-16,26.756534
7SZZTH1 X 2020-03-17,32.689636
7SZZTH1 X 2020-03-18,22.191532
7SZZTH1 X 2020-03-19,33.807733
7SZZTH1 X 2020-03-20,28.648134
7SZZTH1 X 2020-03-21,24.662596
7SZZTH1 X 2020-03-22,34.541070
7SZZTH1 X 2020-03-23,31.271917
7SZZTH1 X 2020-03-24,36.053336
7SZZTH1 X 2020-03-25,61.670729
7SZZTH1 X 2020-03-26,43.881163
7SZZTH1 X 2020-03-27,31.904633
7SZZTH1 X 2020-03-28,40.694340
7SZZTH1 X 2020-03-29,29.148497
7SZZTH1 X 2020-03-30,46.091817
7SZZTH1 X 2020-03-31,35.098873
7SZZTH1 X 2020-04-01,21.393765
7SZZTH1 X 2020-04-02,22.592782
7SZZTH1 X 2020-04-03,24.477128
7SZZTH1 X 2020-04-04,32.360716
7VQXRXL X 2020-01-02,32.241228
7VQXRXL X 2020-01-03,42.357784
7VQXRXL X 2020-01-04,71.476508
7VQXRXL X 2020-01-05,101.461024
7VQXRXL X 2020-01-06,114.428210
7VQXRXL X 2020-01-07,92.485767
7VQXRXL X 2020-01-08,94.041669
7VQXRXL X 2020-01-09,88.875579
7VQXRXL X 2020-01-10,40.446472
7VQXRXL X 2020-01-11,55.290657
7VQXRXL X 2020-01-12,71.490130
7VQXRXL X 2020-01-13,30.939667
7VQXRXL X 2020-01-14,42.522442
7VQXRXL X 2020-01-15,82.353028
7VQXRXL X 2020-01-16,105.570209
7VQXRXL X 2020-01-17,69.064228
7VQXRXL X 2020-01-18,51.202870
7VQXRXL X 2020-01-19,79.764487
7VQXRXL X 2020-01-20,91.519025
7VQXRXL X 2020-01-21,93.552934
7VQXRXL X 2020-01-22,44.644694
7VQXRXL X 2020-01-23,35.454402
7VQXRXL X 2020-01-24,27.242053
7VQXRXL X 2020-01-25,42.606798
7VQXRXL X 2020-01-26,44.996746
7VQXRXL X 2020-01-27,87.775130
7VQXRXL X 2020-01-28,91.947774
7VQXRXL X 2020-01-29,72.228472
7VQXRXL X 2020-01-30,84.356700
7VQXRXL X 2020-01-31,80.790839
7VQXRXL X 2020-02-01,37.083582
7VQXRXL X 2020-02-02,31.555811
7VQXRXL X 2020-02-03,55.817325
7VQXRXL X 2020-02-04,57.721530
7VQXRXL X 2020-02-05,57.654452
7VQXRXL X 2020-02-06,85.190183
7VQXRXL X 2020-02-07,73.856689
7VQXRXL X 2020-02-08,43.480884
7VQXRXL X 2020-02-09,31.997750
7VQXRXL X 2020-02-10,43.121328
7VQXRXL X 2020-02-11,108.903354
7VQXRXL X 2020-02-12,74.700980
7VQXRXL X 2020-02-13,63.348313
7VQXRXL X 2020-02-14,25.095360
7VQXRXL X 2020-02-15,70.580819
7VQXRXL X 2020-02-16,76.325210
7VQXRXL X 2020-02-17,91.775155
7VQXRXL X 2020-02-18,80.859574
7VQXRXL X 2020-02-19,80.410456
7VQXRXL X 2020-02-20,62.503470
7VQXRXL X 2020-02-21,88.764890
7VQXRXL X 2020-02-22,66.904773
7VQXRXL X 2020-02-23,91.465563
7VQXRXL X 2020-02-24,50.790591
7VQXRXL X 2020-02-25,52.458238
7VQXRXL X 2020-02-26,43.483023
7VQXRXL X 2020-02-27,87.227676
7VQXRXL X 2020-02-28,65.711996
7VQXRXL X 2020-02-29,50.844167
7VQXRXL X 2020-03-01,64.351640
7VQXRXL X 2020-03-02,41.326735
7VQXRXL X 2020-03-03,76.554056
7VQXRXL X 2020-03-04,71.474988
7VQXRXL X 2020-03-05,64.996619
7VQXRXL X 2020-03-06,72.923298
7VQXRXL X 2020-03-07,60.882886
7VQXRXL X 2020-03-08,77.636660
7VQXRXL X 2020-03-09,80.996587
7VQXRXL X 2020-03-10,82.752254
7VQXRXL X 2020-03-11,61.834491
7VQXRXL X 2020-03-12,49.883278
7VQXRXL X 2020-03-13,40.521013
7VQXRXL X 2020-03-14,63.745873
7VQXRXL X 2020-03-15,27.589568
7VQXRXL X 2020-03-16,71.951913
7VQXRXL X 2020-03-17,41.243083
7VQXRXL X 2020-03-18,72.278156
7VQXRXL X 2020-03-19,66.055229
7VQXRXL X 2020-03-20,50.910865
7VQXRXL X 2020-03-21,35.553516
7VQXRXL X 2020-03-22,46.278365
7VQXRXL X 2020-03-23,54.337940
7VQXRXL X 2020-03-24,60.820845
7VQXRXL X 2020-03-25,64.160909
7VQXRXL X 2020-03-26,56.504358
7VQXRXL X 2020-03-27,58.896071
7VQXRXL X 2020-03-28,74.660659
7VQXRXL X 2020-03-29,33.696258
7VQXRXL X 2020-03-30,60.522365
7VQXRXL X 2020-03-31,33.697607
7VQXRXL X 2020-04-01,51.554046
8196WE6 X 2020-01-02,27.990608
8196WE6 X 2020-01-03,19.095944
8196WE6 X 2020-01-04,18.370847
8196WE6 X 2020-01-05,17.217921
8196WE6 X 2020-01-06,20.931456
8196WE6 X 2020-01-07,25.706021
8196WE6 X 2020-01-08,21.928300
8196WE6 X 2020-01-09,21.174769
8196WE6 X 2020-01-10,29.668398
8196WE6 X 2020-01-11,30.228299
8196WE6 X 2020-01-12,21.183778
8196WE6 X 2020-01-13,22.686833
8196WE6 X 2020-01-14,22.229520
8196WE6 X 2020-01-15,20.906128
8196WE6 X 2020-01-16,22.467529
8196WE6 X 2020-01-17,25.367675
8196WE6 X 2020-01-18,26.755274
8196WE6 X 2020-01-19,21.950771
8196WE6 X 2020-01-20,21.378536
8196WE6 X 2020-01-21,25.268329
8196WE6 X 2020-01-22,25.514325
8196WE6 X 2020-01-23,35.206001
8196WE6 X 2020-01-24,31.189460
8196WE6 X 2020-01-25,23.275766
8196WE6 X 2020-01-26,29.284803
8196WE6 X 2020-01-27,30.578021
8196WE6 X 2020-01-28,34.490927
8196WE6 X 2020-01-29,73.804207
8196WE6 X 2020-01-30,27.270649
8196WE6 X 2020-01-31,27.199549
8196WE6 X 2020-02-01,25.037060
8196WE6 X 2020-02-02,18.960226
8196WE6 X 2020-02-03,17.703425
8196WE6 X 2020-02-04,18.502266
8196WE6 X 2020-02-05,28.702903
8196WE6 X 2020-02-06,25.004198
8196WE6 X 2020-02-07,26.215160
8196WE6 X 2020-02-08,23.651120
8196WE6 X 2020-02-09,37.967099
8196WE6 X 2020-02-10,28.018841
8196WE6 X 2020-02-11,21.364046
8196WE6 X 2020-02-12,24.907331
8196WE6 X 2020-02-13,37.987520
8196WE6 X 2020-02-14,29.268802
8196WE6 X 2020-02-15,26.987627
8196WE6 X 2020-02-16,29.190956
8196WE6 X 2020-02-17,18.223766
8196WE6 X 2020-02-18,20.423812
8196WE6 X 2020-02-19,27.436228
8196WE6 X 2020-02-20,51.259251
8196WE6 X 2020-02-21,20.495247
8196WE6 X 2020-02-22,18.475688
8196WE6 X 2020-02-23,20.206628
8196WE6 X 2020-02-24,23.130335
8196WE6 X 2020-02-25,29.827668
8196WE6 X 2020-02-26,31.426825
8196WE6 X 2020-02-27,23.892917
8196WE6 X 2020-02-28,40.242649
8196WE6 X 2020-02-29,36.571678
8196WE6 X 2020-03-01,33.010791
8196WE6 X 2020-03-02,22.146480
8196WE6 X 2020-03-03,61.617857
8196WE6 X 2020-03-04,25.821116
8196WE6 X 2020-03-05,28.308011
8196WE6 X 2020-03-06,25.265570
8196WE6 X 2020-03-07,34.935199
8196WE6 X 2020-03-08,45.611462
8196WE6 X 2020-03-09,36.494870
8196WE6 X 2020-03-10,28.626541
8196WE6 X 2020-03-11,34.726602
8196WE6 X 2020-03-12,22.727980
8196WE6 X 2020-03-13,19.037995
8196WE6 X 2020-03-14,18.348237
8196WE6 X 2020-03-15,24.974985
8196WE6 X 2020-03-16,23.505464
8196WE6 X 2020-03-17,36.223998
8196WE6 X 2020-03-18,29.076892
8196WE6 X 2020-03-19,23.438028
8196WE6 X 2020-03-20,30.271033
8196WE6 X 2020-03-21,31.523533
8196WE6 X 2020-03-22,46.626630
8196WE6 X 2020-03-23,35.200639
8196WE6 X 2020-03-24,23.765563
8196WE6 X 2020-03-25,34.365866
8196WE6 X 2020-03-26,34.969705
8196WE6 X 2020-03-27,40.917652
8196WE6 X 2020-03-28,17.303931
8196WE6 X 2020-03-29,19.029212
8196WE6 X 2020-03-30,23.705135
8196WE6 X 2020-03-31,28.064508
8196WE6 X 2020-04-01,16.293627
8196WE6 X 2020-04-02,20.649290
8196WE6 X 2020-04-03,15.628075
8196WE6 X 2020-04-04,19.352507
8CPKUI4 X 2020-01-02,29.395507
8CPKUI4 X 2020-01-03,30.349757
8CPKUI4 X 2020-01-04,32.522503
8CPKUI4 X 2020-01-05,36.669897
8CPKUI4 X 2020-01-06,31.819107
8CPKUI4 X 2020-01-07,32.988594
8CPKUI4 X 2020-01-08,23.707090
8CPKUI4 X 2020-01-09,31.481496
8CPKUI4 X 2020-01-10,41.760231
8CPKUI4 X 2020-01-11,29.858967
8CPKUI4 X 2020-01-12,37.278345
8CPKUI4 X 2020-01-13,30.289458
8CPKUI4 X 2020-01-14,31.572170
8CPKUI4 X 2020-01-15,30.828050
8CPKUI4 X 2020-01-16,30.342718
8CPKUI4 X 2020-01-17,35.294166
8CPKUI4 X 2020-01-18,30.821916
8CPKUI4 X 2020-01-19,30.890237
8CPKUI4 X 2020-01-20,30.739898
8CPKUI4 X 2020-01-21,30.152723
8CPKUI4 X 2020-01-22,26.413737
8CPKUI4 X 2020-01-23,29.693885
8CPKUI4 X 2020-01-24,38.012305
8CPKUI4 X 2020-01-25,28.193856
8CPKUI4 X 2020-01-26,23.494832
8CPKUI4 X 2020-01-27,40.728182
8CPKUI4 X 2020-01-28,41.777251
8CPKUI4 X 2020-01-29,30.687476
8CPKUI4 X 2020-01-30,34.754448
8CPKUI4 X 2020-01-31,50.104220
8CPKUI4 X 2020-02-01,28.519050
8CPKUI4 X 2020-02-02,27.861440
8CPKUI4 X 2020-02-03,32.013071
8CPKUI4 X 2020-02-04,30.250163
8CPKUI4 X 2020-02-05,29.452724
8D39BT5 X 2020-01-02,35.784241
8D39BT5 X 2020-01-03,78.649506
8D39BT5 X 2020-01-04,55.564875
8D39BT5 X 2020-01-05,81.594857
8D39BT5 X 2020-01-06,45.700341
8D39BT5 X 2020-01-07,29.010090
8D39BT5 X 2020-01-08,39.473987
8D39BT5 X 2020-01-09,89.516549
8D39BT5 X 2020-01-10,84.197052
8D39BT5 X 2020-01-11,76.050453
8D39BT5 X 2020-01-12,25.784626
8D39BT5 X 2020-01-13,71.696703
8D39BT5 X 2020-01-14,74.258095
8D39BT5 X 2020-01-15,66.854504
8D39BT5 X 2020-01-16,75.600261
8D39BT5 X 2020-01-17,92.354204
8D39BT5 X 2020-01-18,66.875225
8D39BT5 X 2020-01-19,72.440498
8D39BT5 X 2020-01-20,65.401263
8D39BT5 X 2020-01-21,46.827099
8D39BT5 X 2020-01-22,50.677890
8D39BT5 X 2020-01-23,17.738418
8D39BT5 X 2020-01-24,38.349479
8D39BT5 X 2020-01-25,37.545552
8D39BT5 X 2020-01-26,66.461936
8D39BT5 X 2020-02-02,87.971257
8D39BT5 X 2020-02-03,34.154778
8D39BT5 X 2020-02-04,35.053130
8D39BT5 X 2020-02-05,47.408036
8D39BT5 X 2020-02-06,30.652114
8D39BT5 X 2020-02-07,26.370577
8D39BT5 X 2020-02-08,34.742903
8D39BT5 X 2020-02-09,42.270929
8D39BT5 X 2020-02-10,49.161329
8D39BT5 X 2020-02-11,35.270242
8D39BT5 X 2020-02-12,42.804573
8D39BT5 X 2020-02-13,34.216488
8D39BT5 X 2020-02-14,62.745360
8D39BT5 X 2020-02-15,48.982409
8D39BT5 X 2020-02-16,70.272413
8D39BT5 X 2020-02-17,63.506404
8D39BT5 X 2020-02-18,45.097456
8D39BT5 X 2020-02-19,64.297143
8D39BT5 X 2020-02-20,40.541889
8D39BT5 X 2020-02-21,39.867635
8D39BT5 X 2020-02-22,45.156210
8D39BT5 X 2020-02-23,53.613353
8D39BT5 X 2020-02-24,40.229917
8D39BT5 X 2020-02-25,28.688280
8D39BT5 X 2020-02-26,33.691010
8D39BT5 X 2020-02-27,34.871829
8D39BT5 X 2020-02-28,24.553948
8D39BT5 X 2020-02-29,58.819093
8D39BT5 X 2020-03-01,54.270291
8D39BT5 X 2020-03-02,45.893037
8D39BT5 X 2020-03-03,43.915688
8D39BT5 X 2020-03-04,31.573791
8D39BT5 X 2020-03-05,32.929377
8D39BT5 X 2020-03-06,31.329266
8D39BT5 X 2020-03-07,48.912866
8D39BT5 X 2020-03-08,51.077415
8D39BT5 X 2020-03-09,40.356397
8D39BT5 X 2020-03-10,46.795837
8D39BT5 X 2020-03-11,49.276275
8D39BT5 X 2020-03-12,24.256865
8D39BT5 X 2020-03-13,33.521198
8D39BT5 X 2020-03-14,29.778749
8D39BT5 X 2020-03-15,31.545971
8D39BT5 X 2020-03-16,37.252744
8D39BT5 X 2020-03-17,56.757933
8D39BT5 X 2020-03-18,76.317437
8D39BT5 X 2020-03-19,68.585337
8D39BT5 X 2020-03-20,42.238179
8D39BT5 X 2020-03-21,72.517470
8D39BT5 X 2020-03-22,26.642334
8D39BT5 X 2020-03-23,41.742104
8D39BT5 X 2020-03-24,29.655289
8D39BT5 X 2020-03-25,31.590302
8D39BT5 X 2020-03-26,36.823153
8D39BT5 X 2020-03-27,42.380030
8D39BT5 X 2020-03-28,31.379316
8D39BT5 X 2020-03-29,42.373676
8D39BT5 X 2020-03-30,40.641887
8D39BT5 X 2020-03-31,60.484183
8D39BT5 X 2020-04-01,26.840716
8D39BT5 X 2020-04-02,63.874831
8D39BT5 X 2020-04-03,53.481321
8D39BT5 X 2020-04-04,74.339718
8F0DFNG X 2020-01-03,68.025692
8F0DFNG X 2020-01-07,46.336665
8F0DFNG X 2020-01-08,42.183171
8F0DFNG X 2020-01-09,34.803800
8F0DFNG X 2020-01-10,64.719304
8F0DFNG X 2020-01-11,28.073841
8F0DFNG X 2020-01-12,44.906438
8F0DFNG X 2020-01-13,45.478348
8F0DFNG X 2020-01-14,34.005952
8F0DFNG X 2020-01-15,40.741343
8F0DFNG X 2020-01-16,55.133852
8F0DFNG X 2020-01-17,38.624302
8F0DFNG X 2020-01-18,31.224508
8F0DFNG X 2020-01-19,29.917698
8F0DFNG X 2020-01-20,36.192692
8F0DFNG X 2020-01-21,33.390084
8F0DFNG X 2020-01-22,33.031599
8F0DFNG X 2020-01-23,63.467506
8F0DFNG X 2020-01-24,33.863787
8F0DFNG X 2020-01-25,40.675091
8F0DFNG X 2020-01-26,61.579556
8F0DFNG X 2020-01-27,38.783046
8F0DFNG X 2020-01-29,37.098242
8F0DFNG X 2020-01-30,54.112396
8F0DFNG X 2020-01-31,52.593152
8F0DFNG X 2020-02-01,54.297000
8F0DFNG X 2020-02-02,47.599980
8F0DFNG X 2020-02-03,49.358155
8F0DFNG X 2020-02-04,32.106507
8F0DFNG X 2020-02-05,31.156327
8F0DFNG X 2020-02-06,47.805862
8F0DFNG X 2020-02-07,42.798849
8F0DFNG X 2020-02-08,50.956250
8F0DFNG X 2020-02-09,62.248242
8F0DFNG X 2020-02-10,26.566020
8F0DFNG X 2020-02-11,61.157962
8F0DFNG X 2020-02-12,58.683873
8F0DFNG X 2020-02-13,28.282017
8F0DFNG X 2020-02-14,50.552500
8F0DFNG X 2020-02-17,43.849323
8F0DFNG X 2020-02-18,30.990810
8F0DFNG X 2020-02-19,53.558742
8F0DFNG X 2020-02-20,40.213346
8F0DFNG X 2020-02-21,47.603783
8F0DFNG X 2020-02-22,50.982565
8F0DFNG X 2020-02-23,46.024921
8F0DFNG X 2020-02-24,37.304804
8F0DFNG X 2020-02-25,42.272785
8F0DFNG X 2020-02-26,45.465074
8F0DFNG X 2020-02-27,30.189344
8F0DFNG X 2020-02-28,27.710040
8F0DFNG X 2020-02-29,48.512511
8F0DFNG X 2020-03-01,27.716344
8F0DFNG X 2020-03-02,33.378533
8F0DFNG X 2020-03-03,36.682815
8F0DFNG X 2020-03-04,34.088724
8F0DFNG X 2020-03-05,35.867327
8F0DFNG X 2020-03-06,28.595751
8F0DFNG X 2020-03-07,27.951828
8F0DFNG X 2020-03-08,43.105951
8F0DFNG X 2020-03-09,56.761248
8F0DFNG X 2020-03-10,38.933569
8F0DFNG X 2020-03-11,44.904681
8F0DFNG X 2020-03-12,42.815671
8F0DFNG X 2020-03-13,39.860590
8F0DFNG X 2020-03-14,35.753638
8F0DFNG X 2020-03-15,48.047095
8F0DFNG X 2020-03-16,81.608971
8F0DFNG X 2020-03-17,31.864325
8F0DFNG X 2020-03-18,35.691205
8F0DFNG X 2020-03-19,31.795497
8F0DFNG X 2020-03-20,31.857880
8F0DFNG X 2020-03-21,35.205371
8F0DFNG X 2020-03-22,47.424837
8F0DFNG X 2020-03-23,34.211840
8F0DFNG X 2020-03-27,34.248980
8F0DFNG X 2020-03-28,55.041741
8F0DFNG X 2020-03-29,57.074962
8F0DFNG X 2020-03-30,34.962947
8F0DFNG X 2020-03-31,23.773337
8F0DFNG X 2020-04-01,27.708026
8F0DFNG X 2020-04-02,46.573675
8F0DFNG X 2020-04-03,28.734773
8F0DFNG X 2020-04-04,72.292456
8RC2FY4 X 2020-01-02,83.973086
8RC2FY4 X 2020-01-03,104.678753
8RC2FY4 X 2020-01-04,94.548954
8RC2FY4 X 2020-01-05,101.080358
8RC2FY4 X 2020-01-06,75.156891
8RC2FY4 X 2020-01-07,88.081618
8RC2FY4 X 2020-01-08,96.853303
8RC2FY4 X 2020-01-09,97.611886
8RC2FY4 X 2020-01-10,72.352265
8RC2FY4 X 2020-01-11,77.240093
8RC2FY4 X 2020-01-12,67.689456
8RC2FY4 X 2020-01-13,96.995628
8RC2FY4 X 2020-01-14,89.968296
8RC2FY4 X 2020-01-15,84.200596
8RC2FY4 X 2020-01-16,86.681253
8RC2FY4 X 2020-01-17,75.488548
8RC2FY4 X 2020-01-18,99.861414
8RC2FY4 X 2020-01-19,72.842116
8RC2FY4 X 2020-01-20,76.076269
8RC2FY4 X 2020-01-21,77.314884
8RC2FY4 X 2020-01-22,78.875103
8RC2FY4 X 2020-01-23,80.021190
8RC2FY4 X 2020-01-24,92.978852
8RC2FY4 X 2020-01-25,64.310716
8RC2FY4 X 2020-01-26,67.991675
8RC2FY4 X 2020-01-27,87.375921
8RC2FY4 X 2020-01-28,86.923394
8RC2FY4 X 2020-01-29,91.745179
8RC2FY4 X 2020-01-30,89.619704
8RC2FY4 X 2020-01-31,84.880968
8RC2FY4 X 2020-02-01,76.499634
8RC2FY4 X 2020-02-02,81.836246
8RC2FY4 X 2020-02-03,72.480183
8RC2FY4 X 2020-02-04,66.144725
8RC2FY4 X 2020-02-05,61.260631
8RC2FY4 X 2020-02-06,73.374028
8RC2FY4 X 2020-02-07,63.643706
8RC2FY4 X 2020-02-08,71.448393
8RC2FY4 X 2020-02-09,87.671599
8RC2FY4 X 2020-02-10,84.906303
8RC2FY4 X 2020-02-11,66.413831
8RC2FY4 X 2020-02-12,70.267415
8RC2FY4 X 2020-02-13,67.974746
8RC2FY4 X 2020-02-14,58.027225
8RC2FY4 X 2020-02-15,58.359406
8RC2FY4 X 2020-02-16,65.620791
8RC2FY4 X 2020-02-17,75.930303
8RC2FY4 X 2020-02-18,80.152097
8RC2FY4 X 2020-02-19,92.458455
8RC2FY4 X 2020-02-20,84.850196
8RC2FY4 X 2020-02-21,92.739480
8RC2FY4 X 2020-02-22,83.273349
8RC2FY4 X 2020-02-23,80.769238
8RC2FY4 X 2020-02-24,99.741339
8RC2FY4 X 2020-02-25,75.178344
8RC2FY4 X 2020-02-26,70.891040
8RC2FY4 X 2020-02-27,81.496099
8RC2FY4 X 2020-02-28,96.690464
8RC2FY4 X 2020-02-29,65.445112
8RC2FY4 X 2020-03-01,71.695802
8RC2FY4 X 2020-03-02,70.878552
8RC2FY4 X 2020-03-03,75.732676
8RC2FY4 X 2020-03-04,71.016374
8RC2FY4 X 2020-03-05,67.985656
8RC2FY4 X 2020-03-06,79.526042
8RC2FY4 X 2020-03-07,62.564451
8RC2FY4 X 2020-03-08,65.435407
8RC2FY4 X 2020-03-09,63.062689
8RC2FY4 X 2020-03-10,73.033156
8RC2FY4 X 2020-03-11,92.827810
8RC2FY4 X 2020-03-12,92.711882
8RC2FY4 X 2020-03-13,65.474798
8RC2FY4 X 2020-03-14,75.085992
8RC2FY4 X 2020-03-15,109.599484
8RC2FY4 X 2020-03-16,86.422561
8RC2FY4 X 2020-03-17,91.823263
8RC2FY4 X 2020-03-18,75.406925
8RC2FY4 X 2020-03-19,69.425109
8RC2FY4 X 2020-03-20,82.138881
8RC2FY4 X 2020-03-21,70.030746
8RC2FY4 X 2020-03-22,77.521685
8RC2FY4 X 2020-03-23,79.252824
8RC2FY4 X 2020-03-24,71.966058
8RC2FY4 X 2020-03-25,66.570509
8RC2FY4 X 2020-03-26,59.858556
8RC2FY4 X 2020-03-27,60.393437
8RC2FY4 X 2020-03-28,56.823972
8RC2FY4 X 2020-03-29,75.695463
8RC2FY4 X 2020-03-30,75.887632
8RC2FY4 X 2020-03-31,80.329696
8RC2FY4 X 2020-04-01,66.049081
8RC2FY4 X 2020-04-02,92.270820
8RC2FY4 X 2020-04-03,72.776541
8RC2FY4 X 2020-04-04,49.560464
8V3GY99 X 2020-01-02,82.004095
8V3GY99 X 2020-01-03,65.104373
8V3GY99 X 2020-01-04,33.206173
8V3GY99 X 2020-01-05,33.212188
8V3GY99 X 2020-01-06,78.194196
8V3GY99 X 2020-01-07,88.359425
8V3GY99 X 2020-01-08,99.712467
8V3GY99 X 2020-01-09,50.195156
8V3GY99 X 2020-01-10,52.685663
8V3GY99 X 2020-01-11,46.796405
8V3GY99 X 2020-01-12,69.047111
8V3GY99 X 2020-01-13,26.681591
8V3GY99 X 2020-01-14,52.829451
8V3GY99 X 2020-01-15,61.375660
8V3GY99 X 2020-01-16,54.600421
8V3GY99 X 2020-01-17,80.066721
8V3GY99 X 2020-01-18,45.185542
8V3GY99 X 2020-01-19,47.354628
8V3GY99 X 2020-01-20,58.893996
8V3GY99 X 2020-01-21,90.259141
8V3GY99 X 2020-01-22,65.174675
8V3GY99 X 2020-01-23,62.391087
8V3GY99 X 2020-01-24,106.474435
8V3GY99 X 2020-01-25,69.626767
8V3GY99 X 2020-01-26,95.126996
8V3GY99 X 2020-01-27,78.974671
8V3GY99 X 2020-01-28,68.056552
8V3GY99 X 2020-01-29,23.706452
8V3GY99 X 2020-01-30,32.559426
8V3GY99 X 2020-01-31,42.848077
8V3GY99 X 2020-02-01,37.513089
8V3GY99 X 2020-02-02,31.628976
8V3GY99 X 2020-02-03,33.868306
8V3GY99 X 2020-02-04,38.735976
8V3GY99 X 2020-02-05,29.568722
8V3GY99 X 2020-02-06,54.916615
8V3GY99 X 2020-02-07,43.813353
8V3GY99 X 2020-02-08,95.427192
8V3GY99 X 2020-02-09,74.902608
8V3GY99 X 2020-02-10,44.154636
8V3GY99 X 2020-02-11,27.284083
8V3GY99 X 2020-02-12,33.728422
8V3GY99 X 2020-02-13,33.130786
8V3GY99 X 2020-02-14,55.563262
8V3GY99 X 2020-02-15,54.163438
8V3GY99 X 2020-02-16,51.702940
8V3GY99 X 2020-02-17,46.086325
8V3GY99 X 2020-02-18,30.392922
8V3GY99 X 2020-02-19,40.637894
8V3GY99 X 2020-02-20,37.872027
8V3GY99 X 2020-02-21,47.530730
8V3GY99 X 2020-02-22,56.627340
8V3GY99 X 2020-02-23,37.306995
8V3GY99 X 2020-02-24,35.008742
8V3GY99 X 2020-02-25,38.848512
8V3GY99 X 2020-02-26,45.957396
8V3GY99 X 2020-02-27,26.793098
8V3GY99 X 2020-02-28,48.570687
8V3GY99 X 2020-02-29,53.784840
8V3GY99 X 2020-03-01,40.216970
8V3GY99 X 2020-03-02,43.021647
8V3GY99 X 2020-03-03,34.663917
8V3GY99 X 2020-03-04,41.046194
8V3GY99 X 2020-03-05,64.241082
8V3GY99 X 2020-03-06,54.261217
8V3GY99 X 2020-03-07,34.796675
8V3GY99 X 2020-03-08,44.646344
8V3GY99 X 2020-03-09,61.045821
8V3GY99 X 2020-03-10,66.968948
8V3GY99 X 2020-03-11,24.671677
8V3GY99 X 2020-03-12,24.951289
8V3GY99 X 2020-03-13,45.268450
8V3GY99 X 2020-03-14,25.989195
8V3GY99 X 2020-03-15,51.566143
8V3GY99 X 2020-03-16,68.005149
8V3GY99 X 2020-03-17,61.889724
8V3GY99 X 2020-03-18,75.916139
8V3GY99 X 2020-03-19,59.073597
8V3GY99 X 2020-03-20,61.127823
8V3GY99 X 2020-03-21,34.093960
8V3GY99 X 2020-03-22,31.621344
8V3GY99 X 2020-03-23,47.951606
8V3GY99 X 2020-03-24,55.540942
8V3GY99 X 2020-03-25,47.395759
8V3GY99 X 2020-03-26,58.607388
8V3GY99 X 2020-03-27,56.056542
8V3GY99 X 2020-03-28,98.440759
8V3GY99 X 2020-03-29,66.775606
8V3GY99 X 2020-03-30,24.667371
8V3GY99 X 2020-03-31,65.415115
8V3GY99 X 2020-04-01,61.527040
8V3GY99 X 2020-04-02,49.475832
8V3GY99 X 2020-04-03,46.750655
8V3GY99 X 2020-04-04,52.822349
96AWIMD X 2020-01-02,113.497358
96AWIMD X 2020-01-03,175.051142
96AWIMD X 2020-01-04,200.613036
96AWIMD X 2020-01-05,57.724546
96AWIMD X 2020-01-06,46.571320
96AWIMD X 2020-01-07,152.621208
96AWIMD X 2020-01-08,101.982151
96AWIMD X 2020-01-09,96.830929
96AWIMD X 2020-01-10,148.625462
96AWIMD X 2020-01-11,174.533779
96AWIMD X 2020-01-12,170.901681
96AWIMD X 2020-01-13,153.183263
96AWIMD X 2020-01-14,180.317073
96AWIMD X 2020-01-15,115.997022
96AWIMD X 2020-01-16,171.059618
96AWIMD X 2020-01-17,197.010053
96AWIMD X 2020-01-18,99.914233
96AWIMD X 2020-01-19,81.048091
96AWIMD X 2020-01-20,115.948370
96AWIMD X 2020-01-21,176.879492
96AWIMD X 2020-01-22,182.921528
96AWIMD X 2020-01-23,72.321287
96AWIMD X 2020-01-24,106.297868
96AWIMD X 2020-01-25,143.466394
96AWIMD X 2020-01-26,140.121970
96AWIMD X 2020-01-27,152.847155
96AWIMD X 2020-01-28,136.767845
96AWIMD X 2020-01-29,133.015385
96AWIMD X 2020-01-30,131.733417
96AWIMD X 2020-01-31,167.216710
96AWIMD X 2020-02-01,150.828135
96AWIMD X 2020-02-02,74.689881
96AWIMD X 2020-02-03,139.856663
96AWIMD X 2020-02-04,160.920151
96AWIMD X 2020-02-05,118.602079
96AWIMD X 2020-02-06,94.242954
96AWIMD X 2020-02-07,91.107141
96AWIMD X 2020-02-08,146.400955
96AWIMD X 2020-02-09,103.981996
96AWIMD X 2020-02-10,133.432107
96AWIMD X 2020-02-11,147.686425
96AWIMD X 2020-02-12,160.171972
96AWIMD X 2020-02-13,158.364655
96AWIMD X 2020-02-14,78.500325
96AWIMD X 2020-02-15,74.888705
96AWIMD X 2020-02-16,65.042306
96AWIMD X 2020-02-17,81.265520
96AWIMD X 2020-02-18,123.704294
96AWIMD X 2020-02-19,148.801220
96AWIMD X 2020-02-20,83.419354
96AWIMD X 2020-02-21,57.310819
96AWIMD X 2020-02-22,96.431030
96AWIMD X 2020-02-23,143.987108
96AWIMD X 2020-02-24,110.297800
96AWIMD X 2020-02-25,156.003817
96AWIMD X 2020-02-26,132.807474
96AWIMD X 2020-02-27,51.970271
96AWIMD X 2020-02-28,84.331968
96AWIMD X 2020-02-29,159.141233
96AWIMD X 2020-03-01,82.107583
96AWIMD X 2020-03-02,77.299459
96AWIMD X 2020-03-03,80.575938
96AWIMD X 2020-03-04,131.761679
96AWIMD X 2020-03-05,141.141504
96AWIMD X 2020-03-06,158.376579
96AWIMD X 2020-03-07,135.937053
96AWIMD X 2020-03-08,55.585553
96AWIMD X 2020-03-09,102.317603
96AWIMD X 2020-03-10,54.851192
96AWIMD X 2020-03-11,90.171730
96AWIMD X 2020-03-12,45.518500
96AWIMD X 2020-03-13,113.490181
96AWIMD X 2020-03-14,96.958329
96AWIMD X 2020-03-15,124.465602
96AWIMD X 2020-03-16,76.276171
96AWIMD X 2020-03-17,92.804579
96AWIMD X 2020-03-18,70.775116
96AWIMD X 2020-03-19,97.981727
96AWIMD X 2020-03-20,129.472542
96AWIMD X 2020-03-21,58.226728
96AWIMD X 2020-03-22,123.586580
96AWIMD X 2020-03-23,146.796541
96AWIMD X 2020-03-24,131.623100
96AWIMD X 2020-03-25,133.625030
96AWIMD X 2020-03-26,66.314638
96AWIMD X 2020-03-27,59.222344
96AWIMD X 2020-03-28,59.997279
96AWIMD X 2020-03-29,79.036065
96AWIMD X 2020-03-30,74.591225
96AWIMD X 2020-03-31,120.404931
96AWIMD X 2020-04-01,54.641906
96AWIMD X 2020-04-02,81.492311
96AWIMD X 2020-04-03,61.414623
96AWIMD X 2020-04-04,56.864730
9IOQQ4T X 2020-01-02,65.820701
9IOQQ4T X 2020-01-03,29.640480
9IOQQ4T X 2020-01-04,30.083740
9IOQQ4T X 2020-01-05,46.002327
9IOQQ4T X 2020-01-06,44.002115
9IOQQ4T X 2020-01-07,38.677913
9IOQQ4T X 2020-01-08,20.700612
9IOQQ4T X 2020-01-09,31.829310
9IOQQ4T X 2020-01-10,22.549003
9IOQQ4T X 2020-01-11,38.783573
9IOQQ4T X 2020-01-12,31.936954
9IOQQ4T X 2020-01-13,49.726581
9IOQQ4T X 2020-01-14,17.906694
9IOQQ4T X 2020-01-15,20.166580
9IOQQ4T X 2020-01-16,40.023806
9IOQQ4T X 2020-01-17,23.848517
9IOQQ4T X 2020-01-18,31.914718
9IOQQ4T X 2020-01-19,48.685190
9IOQQ4T X 2020-01-20,38.985220
9IOQQ4T X 2020-01-21,67.614738
9IOQQ4T X 2020-01-22,70.496417
9IOQQ4T X 2020-01-23,68.482418
9IOQQ4T X 2020-01-24,85.309349
9IOQQ4T X 2020-01-25,65.898306
9IOQQ4T X 2020-01-26,82.543902
9IOQQ4T X 2020-01-27,27.530030
9IOQQ4T X 2020-01-28,17.732528
9IOQQ4T X 2020-01-29,28.082090
9IOQQ4T X 2020-01-30,38.623320
9IOQQ4T X 2020-01-31,23.969401
9IOQQ4T X 2020-02-01,27.337926
9IOQQ4T X 2020-02-02,30.360942
9IOQQ4T X 2020-02-03,37.243329
9IOQQ4T X 2020-02-04,25.156571
9IOQQ4T X 2020-02-05,51.792202
9IOQQ4T X 2020-02-06,60.432394
9IOQQ4T X 2020-02-07,73.366614
9IOQQ4T X 2020-02-08,43.446032
9IOQQ4T X 2020-02-09,25.235190
9IOQQ4T X 2020-02-10,24.289208
9IOQQ4T X 2020-02-11,20.662623
9IOQQ4T X 2020-02-12,25.949711
9IOQQ4T X 2020-02-13,34.433881
9IOQQ4T X 2020-02-14,32.755782
9IOQQ4T X 2020-02-15,29.769738
9IOQQ4T X 2020-02-16,20.054865
9IOQQ4T X 2020-02-17,27.655878
9IOQQ4T X 2020-02-18,29.677151
9IOQQ4T X 2020-02-19,28.593108
9IOQQ4T X 2020-02-20,23.897112
9IOQQ4T X 2020-02-21,27.762443
9IOQQ4T X 2020-02-22,23.698444
9IOQQ4T X 2020-02-23,22.626930
9IOQQ4T X 2020-02-24,23.670525
9IOQQ4T X 2020-02-25,22.333931
9IOQQ4T X 2020-02-26,31.071087
9IOQQ4T X 2020-02-27,29.989933
9IOQQ4T X 2020-02-28,39.963911
9IOQQ4T X 2020-02-29,35.666255
9IOQQ4T X 2020-03-01,22.359413
9IOQQ4T X 2020-03-02,31.809865
9IOQQ4T X 2020-03-03,42.189813
9IOQQ4T X 2020-03-04,41.245029
9IOQQ4T X 2020-03-05,35.752606
9IOQQ4T X 2020-03-06,47.041991
9IOQQ4T X 2020-03-07,48.679546
9IOQQ4T X 2020-03-08,27.107431
9IOQQ4T X 2020-03-09,29.703463
9IOQQ4T X 2020-03-10,21.437262
9IOQQ4T X 2020-03-11,27.610187
9IOQQ4T X 2020-03-12,26.736833
9IOQQ4T X 2020-03-13,26.722614
9IOQQ4T X 2020-03-14,50.633723
9IOQQ4T X 2020-03-15,30.091889
9IOQQ4T X 2020-03-16,52.415394
9IOQQ4T X 2020-03-17,47.420083
9IOQQ4T X 2020-03-18,32.787717
9IOQQ4T X 2020-03-19,46.727558
9IOQQ4T X 2020-03-20,32.604254
9IOQQ4T X 2020-03-21,32.387929
9IOQQ4T X 2020-03-22,31.536029
9IOQQ4T X 2020-03-23,56.153447
9IOQQ4T X 2020-03-24,51.437156
9IOQQ4T X 2020-03-25,55.640384
9IOQQ4T X 2020-03-26,61.390258
9IOQQ4T X 2020-03-27,63.847628
9IOQQ4T X 2020-03-28,73.459554
9IOQQ4T X 2020-03-29,26.902369
9IOQQ4T X 2020-03-30,25.094997
9IOQQ4T X 2020-03-31,40.666581
9IOQQ4T X 2020-04-01,35.287246
9IOQQ4T X 2020-04-02,45.349521
9IOQQ4T X 2020-04-03,32.366570
9IOQQ4T X 2020-04-04,44.891735
9RXF2KR X 2020-01-02,41.410267
9RXF2KR X 2020-01-03,28.751399
9RXF2KR X 2020-01-04,52.856533
9RXF2KR X 2020-01-05,47.641459
9RXF2KR X 2020-01-06,50.004743
9RXF2KR X 2020-01-07,38.711507
9RXF2KR X 2020-01-08,27.091174
9RXF2KR X 2020-01-09,47.232824
9RXF2KR X 2020-01-10,25.072053
9RXF2KR X 2020-01-11,48.224684
9RXF2KR X 2020-01-12,39.206702
9RXF2KR X 2020-01-13,33.118118
9RXF2KR X 2020-01-14,21.443861
9RXF2KR X 2020-01-15,29.886923
9RXF2KR X 2020-01-16,47.529321
9RXF2KR X 2020-01-17,25.460398
9RXF2KR X 2020-01-18,35.128584
9RXF2KR X 2020-01-19,50.811893
9RXF2KR X 2020-01-20,36.166520
9RXF2KR X 2020-01-21,55.061529
9RXF2KR X 2020-01-22,68.624464
9RXF2KR X 2020-01-23,68.403814
9RXF2KR X 2020-01-24,96.007173
9RXF2KR X 2020-01-25,84.222962
9RXF2KR X 2020-01-26,64.587228
9RXF2KR X 2020-01-27,27.403347
9RXF2KR X 2020-01-28,23.585025
9RXF2KR X 2020-01-29,23.524155
9RXF2KR X 2020-01-30,33.536200
9RXF2KR X 2020-01-31,26.651211
9RXF2KR X 2020-02-01,22.207785
9RXF2KR X 2020-02-02,21.349121
9RXF2KR X 2020-02-03,20.954049
9RXF2KR X 2020-02-04,22.345029
9RXF2KR X 2020-02-05,40.762369
9RXF2KR X 2020-02-06,45.219929
9RXF2KR X 2020-02-07,62.547839
9RXF2KR X 2020-02-08,42.293587
9RXF2KR X 2020-02-09,26.151489
9RXF2KR X 2020-02-11,23.584661
9RXF2KR X 2020-02-12,23.835842
9RXF2KR X 2020-02-13,28.546429
9RXF2KR X 2020-02-14,25.582894
9RXF2KR X 2020-02-15,30.333090
9RXF2KR X 2020-02-16,21.798306
9RXF2KR X 2020-02-17,21.995374
9RXF2KR X 2020-02-18,19.897338
9RXF2KR X 2020-02-19,27.122167
9RXF2KR X 2020-02-20,27.283112
9RXF2KR X 2020-02-21,50.638258
9RXF2KR X 2020-02-22,38.017452
9RXF2KR X 2020-02-23,20.201516
9RXF2KR X 2020-02-24,26.789655
9RXF2KR X 2020-02-25,19.295429
9RXF2KR X 2020-02-26,19.216587
9RXF2KR X 2020-02-27,35.237192
9RXF2KR X 2020-02-28,36.402827
9RXF2KR X 2020-02-29,24.705888
9RXF2KR X 2020-03-01,20.826689
9RXF2KR X 2020-03-02,19.683909
9RXF2KR X 2020-03-03,29.455743
9RXF2KR X 2020-03-04,44.268827
9RXF2KR X 2020-03-05,31.768409
9RXF2KR X 2020-03-06,21.600204
9RXF2KR X 2020-03-07,42.007778
9RXF2KR X 2020-03-08,33.519712
9RXF2KR X 2020-03-09,27.314369
9RXF2KR X 2020-03-10,22.315135
9RXF2KR X 2020-03-11,26.062738
9RXF2KR X 2020-03-12,21.399194
9RXF2KR X 2020-03-13,29.766779
9RXF2KR X 2020-03-14,64.668122
9RXF2KR X 2020-03-15,33.971198
9RXF2KR X 2020-03-16,43.586516
9RXF2KR X 2020-03-17,60.709131
9RXF2KR X 2020-03-18,60.979475
9RXF2KR X 2020-03-19,61.921250
9RXF2KR X 2020-03-20,62.251901
9RXF2KR X 2020-03-21,50.894710
9RXF2KR X 2020-03-22,34.701308
9RXF2KR X 2020-03-23,41.074405
9RXF2KR X 2020-03-24,46.222875
9RXF2KR X 2020-03-25,49.102019
9RXF2KR X 2020-03-26,42.684954
9RXF2KR X 2020-03-27,68.203291
9RXF2KR X 2020-03-28,107.456817
9RXF2KR X 2020-03-29,27.564053
9RXF2KR X 2020-03-30,26.560070
9RXF2KR X 2020-03-31,28.928459
9RXF2KR X 2020-04-01,45.622250
9RXF2KR X 2020-04-02,60.767889
9RXF2KR X 2020-04-03,51.800839
9RXF2KR X 2020-04-04,67.216595
9VUX9AI X 2020-01-02,76.511151
9VUX9AI X 2020-01-03,85.190411
9VUX9AI X 2020-01-04,75.669237
9VUX9AI X 2020-01-05,70.684411
9VUX9AI X 2020-01-06,79.695889
9VUX9AI X 2020-01-07,83.504313
9VUX9AI X 2020-01-08,94.906449
9VUX9AI X 2020-01-09,64.364827
9VUX9AI X 2020-01-10,66.723566
9VUX9AI X 2020-01-11,57.238020
9VUX9AI X 2020-01-12,67.596423
9VUX9AI X 2020-01-13,83.653869
9VUX9AI X 2020-01-14,61.765636
9VUX9AI X 2020-01-15,73.650800
9VUX9AI X 2020-01-16,86.867451
9VUX9AI X 2020-01-17,92.634679
9VUX9AI X 2020-01-18,66.161111
9VUX9AI X 2020-01-19,71.407495
9VUX9AI X 2020-01-20,69.903836
9VUX9AI X 2020-01-21,80.108880
9VUX9AI X 2020-01-22,59.201353
9VUX9AI X 2020-01-23,65.767539
9VUX9AI X 2020-01-24,79.199357
9VUX9AI X 2020-01-25,81.837857
9VUX9AI X 2020-01-26,83.155365
9VUX9AI X 2020-01-27,100.697845
9VUX9AI X 2020-01-28,86.015044
9VUX9AI X 2020-01-29,107.722230
9VUX9AI X 2020-01-30,52.024470
9VUX9AI X 2020-01-31,73.379687
9VUX9AI X 2020-02-01,71.234553
9VUX9AI X 2020-02-02,53.483918
9VUX9AI X 2020-02-03,68.917473
9VUX9AI X 2020-02-04,89.244635
9VUX9AI X 2020-02-05,83.028558
9VUX9AI X 2020-02-06,73.031543
9VUX9AI X 2020-02-07,66.042771
9VUX9AI X 2020-02-08,61.253037
9VUX9AI X 2020-02-09,58.737231
9VUX9AI X 2020-02-10,76.177298
9VUX9AI X 2020-02-11,72.409051
9VUX9AI X 2020-02-12,73.917997
9VUX9AI X 2020-02-13,80.286961
9VUX9AI X 2020-02-14,86.296972
9VUX9AI X 2020-02-15,85.513467
9VUX9AI X 2020-02-16,76.463265
9VUX9AI X 2020-02-17,88.645989
9VUX9AI X 2020-02-18,90.904857
9VUX9AI X 2020-02-19,84.298244
9VUX9AI X 2020-02-20,38.012417
9VUX9AI X 2020-02-21,85.510067
9VUX9AI X 2020-02-22,84.471160
9VUX9AI X 2020-02-23,84.277389
9VUX9AI X 2020-02-24,105.425041
9VUX9AI X 2020-02-25,61.036878
9VUX9AI X 2020-02-26,42.007234
9VUX9AI X 2020-02-27,75.064349
9VUX9AI X 2020-02-28,90.895956
9VUX9AI X 2020-02-29,76.006957
9VUX9AI X 2020-03-01,93.785271
9VUX9AI X 2020-03-02,47.962508
9VUX9AI X 2020-03-03,50.955012
9VUX9AI X 2020-03-04,75.097284
9VUX9AI X 2020-03-05,79.583971
9VUX9AI X 2020-03-06,80.696714
9VUX9AI X 2020-03-07,75.154258
9VUX9AI X 2020-03-08,66.146962
9VUX9AI X 2020-03-09,46.085976
9VUX9AI X 2020-03-10,71.934175
9VUX9AI X 2020-03-11,84.000790
9VUX9AI X 2020-03-12,91.045000
9VUX9AI X 2020-03-13,84.177106
9VUX9AI X 2020-03-14,53.561889
9VUX9AI X 2020-03-15,58.018950
9VUX9AI X 2020-03-16,49.840964
9VUX9AI X 2020-03-17,79.609948
9VUX9AI X 2020-03-18,64.990409
9VUX9AI X 2020-03-19,98.019029
9VUX9AI X 2020-03-20,80.625444
9VUX9AI X 2020-03-21,66.113583
9VUX9AI X 2020-03-22,56.547679
9VUX9AI X 2020-03-23,38.962000
9VUX9AI X 2020-03-24,69.852499
9VUX9AI X 2020-03-25,74.120351
9VUX9AI X 2020-03-26,71.436046
9VUX9AI X 2020-03-27,62.121616
9VUX9AI X 2020-03-28,51.776492
9VUX9AI X 2020-03-29,67.440020
9VUX9AI X 2020-03-30,39.269225
9VUX9AI X 2020-03-31,31.360016
9VUX9AI X 2020-04-01,49.692985
9VUX9AI X 2020-04-02,60.760526
9VUX9AI X 2020-04-03,67.921714
9VUX9AI X 2020-04-04,63.285052
A4Z5WHY X 2020-01-02,97.104221
A4Z5WHY X 2020-01-03,83.698628
A4Z5WHY X 2020-01-04,82.663649
A4Z5WHY X 2020-01-05,35.041702
A4Z5WHY X 2020-01-06,50.345161
A4Z5WHY X 2020-01-07,90.371093
A4Z5WHY X 2020-01-08,123.197702
A4Z5WHY X 2020-01-09,69.136561
A4Z5WHY X 2020-01-10,102.533068
A4Z5WHY X 2020-01-11,70.947995
A4Z5WHY X 2020-01-12,90.356840
A4Z5WHY X 2020-01-13,82.284328
A4Z5WHY X 2020-01-14,85.253481
A4Z5WHY X 2020-01-15,85.673532
A4Z5WHY X 2020-01-16,102.358254
A4Z5WHY X 2020-01-17,84.875713
A4Z5WHY X 2020-01-18,85.679891
A4Z5WHY X 2020-01-19,73.738418
A4Z5WHY X 2020-01-20,86.005481
A4Z5WHY X 2020-01-21,73.117046
A4Z5WHY X 2020-01-22,70.331085
A4Z5WHY X 2020-01-23,86.524725
A4Z5WHY X 2020-01-24,77.732717
A4Z5WHY X 2020-01-25,102.210152
A4Z5WHY X 2020-01-26,72.585261
A4Z5WHY X 2020-01-27,82.681202
A4Z5WHY X 2020-01-28,72.455190
A4Z5WHY X 2020-01-29,28.000338
A4Z5WHY X 2020-01-30,35.067673
A4Z5WHY X 2020-01-31,23.277007
A4Z5WHY X 2020-02-01,30.856251
A4Z5WHY X 2020-02-02,30.901225
A4Z5WHY X 2020-02-03,24.818940
A4Z5WHY X 2020-02-04,33.616143
A4Z5WHY X 2020-02-05,32.146386
A4Z5WHY X 2020-02-06,34.202415
A4Z5WHY X 2020-02-07,55.108774
A4Z5WHY X 2020-02-08,43.937216
A4Z5WHY X 2020-02-09,82.155688
A4Z5WHY X 2020-02-10,34.825302
A4Z5WHY X 2020-02-11,42.356741
A4Z5WHY X 2020-02-12,35.565078
A4Z5WHY X 2020-02-13,49.281675
A4Z5WHY X 2020-02-14,42.873270
A4Z5WHY X 2020-02-15,45.877335
A4Z5WHY X 2020-02-16,47.054126
A4Z5WHY X 2020-02-17,38.492728
A4Z5WHY X 2020-02-18,36.864708
A4Z5WHY X 2020-02-19,30.771087
A4Z5WHY X 2020-02-20,32.022817
A4Z5WHY X 2020-02-21,60.094911
A4Z5WHY X 2020-02-22,44.408365
A4Z5WHY X 2020-02-23,41.376575
A4Z5WHY X 2020-02-24,23.230112
A4Z5WHY X 2020-02-25,35.417143
A4Z5WHY X 2020-02-26,26.121509
A4Z5WHY X 2020-02-27,33.729274
A4Z5WHY X 2020-02-28,39.629210
A4Z5WHY X 2020-02-29,47.665024
A4Z5WHY X 2020-03-01,47.756722
A4Z5WHY X 2020-03-02,26.424029
A4Z5WHY X 2020-03-03,29.942567
A4Z5WHY X 2020-03-04,35.597856
A4Z5WHY X 2020-03-05,41.067058
A4Z5WHY X 2020-03-06,48.154376
A4Z5WHY X 2020-03-12,53.796908
A4Z5WHY X 2020-03-13,42.837835
A4Z5WHY X 2020-03-14,33.892409
A4Z5WHY X 2020-03-15,40.849738
A4Z5WHY X 2020-03-16,53.773661
A4Z5WHY X 2020-03-17,59.763823
A4Z5WHY X 2020-03-18,72.303758
A4Z5WHY X 2020-03-19,60.873118
A4Z5WHY X 2020-03-20,70.254700
A4Z5WHY X 2020-03-21,60.507286
A4Z5WHY X 2020-03-22,31.943167
A4Z5WHY X 2020-03-23,38.057202
A4Z5WHY X 2020-03-24,45.864463
A4Z5WHY X 2020-03-25,39.130813
A4Z5WHY X 2020-03-26,35.921595
A4Z5WHY X 2020-03-27,65.615208
A4Z5WHY X 2020-03-28,66.794169
A4Z5WHY X 2020-03-29,75.531565
A4Z5WHY X 2020-03-30,68.483419
A4Z5WHY X 2020-03-31,46.754485
A4Z5WHY X 2020-04-01,52.241127
A4Z5WHY X 2020-04-02,56.775135
A4Z5WHY X 2020-04-03,75.397575
A4Z5WHY X 2020-04-04,50.150062
A5Q06QS X 2020-01-02,58.140886
A5Q06QS X 2020-01-03,53.103390
A5Q06QS X 2020-01-04,52.176362
A5Q06QS X 2020-01-05,45.375036
A5Q06QS X 2020-01-06,48.420841
A5Q06QS X 2020-01-07,30.767324
A5Q06QS X 2020-01-08,35.529806
A5Q06QS X 2020-01-09,72.313602
A5Q06QS X 2020-01-10,35.327405
A5Q06QS X 2020-01-11,36.922632
A5Q06QS X 2020-01-12,35.189701
A5Q06QS X 2020-01-13,70.740164
A5Q06QS X 2020-01-14,67.568046
A5Q06QS X 2020-01-15,49.838242
A5Q06QS X 2020-01-16,89.727640
A5Q06QS X 2020-01-17,33.240793
A5Q06QS X 2020-01-18,70.027769
A5Q06QS X 2020-01-19,40.484700
A5Q06QS X 2020-01-20,117.224893
A5Q06QS X 2020-01-21,136.315016
A5Q06QS X 2020-01-22,44.189127
A5Q06QS X 2020-01-23,51.314621
A5Q06QS X 2020-01-24,61.867165
A5Q06QS X 2020-01-25,39.975695
A5Q06QS X 2020-01-26,34.925866
A5Q06QS X 2020-01-27,37.361303
A5Q06QS X 2020-01-28,41.788185
A5Q06QS X 2020-01-29,56.270858
A5Q06QS X 2020-01-30,57.197648
A5Q06QS X 2020-01-31,100.563528
A5Q06QS X 2020-02-01,75.441064
A5Q06QS X 2020-02-02,51.636595
A5Q06QS X 2020-02-03,85.222548
A5Q06QS X 2020-02-04,45.146087
A5Q06QS X 2020-02-05,37.845028
A5Q06QS X 2020-02-06,33.424783
A5Q06QS X 2020-02-07,23.562120
A5Q06QS X 2020-02-08,41.764890
A5Q06QS X 2020-02-09,80.840569
A5Q06QS X 2020-02-10,45.445134
A5Q06QS X 2020-02-11,76.306386
A5Q06QS X 2020-02-12,25.240659
A5Q06QS X 2020-02-13,62.264033
A5Q06QS X 2020-02-14,60.821754
A5Q06QS X 2020-02-15,76.986862
A5Q06QS X 2020-02-16,39.081660
A5Q06QS X 2020-02-17,60.980431
A5Q06QS X 2020-02-18,39.584038
A5Q06QS X 2020-02-19,42.424336
A5Q06QS X 2020-02-20,49.319542
A5Q06QS X 2020-02-21,59.753696
A5Q06QS X 2020-02-22,43.246341
A5Q06QS X 2020-02-23,53.894050
A5Q06QS X 2020-02-24,52.047839
A5Q06QS X 2020-02-25,48.634241
A5Q06QS X 2020-02-26,33.439007
A5Q06QS X 2020-02-27,36.456913
A5Q06QS X 2020-02-28,36.561721
A5Q06QS X 2020-02-29,31.755890
A5Q06QS X 2020-03-01,52.032623
A5Q06QS X 2020-03-02,52.941061
A5Q06QS X 2020-03-03,82.591020
A5Q06QS X 2020-03-04,40.992192
A5Q06QS X 2020-03-05,49.685778
A5Q06QS X 2020-03-06,44.002047
A5Q06QS X 2020-03-07,34.076107
A5Q06QS X 2020-03-08,54.251858
A5Q06QS X 2020-03-09,35.082439
A5Q06QS X 2020-03-10,40.326541
A5Q06QS X 2020-03-11,39.743272
A5Q06QS X 2020-03-12,46.740357
A5Q06QS X 2020-03-13,35.311919
A5Q06QS X 2020-03-14,30.798556
A5Q06QS X 2020-03-15,43.562213
A5Q06QS X 2020-03-16,40.598948
A5Q06QS X 2020-03-17,62.829409
A5Q06QS X 2020-03-18,44.979054
A5Q06QS X 2020-03-19,34.456562
A5Q06QS X 2020-03-20,44.833886
A5Q06QS X 2020-03-21,39.238205
A5Q06QS X 2020-03-22,52.477162
A5Q06QS X 2020-03-23,50.623917
A5Q06QS X 2020-03-24,40.966004
A5Q06QS X 2020-03-25,76.501448
A5Q06QS X 2020-03-26,34.842959
A5Q06QS X 2020-03-27,42.114548
A5Q06QS X 2020-03-28,35.937762
A5Q06QS X 2020-03-29,52.754316
A5Q06QS X 2020-03-30,23.378821
A5Q06QS X 2020-03-31,29.372335
A5Q06QS X 2020-04-01,34.203306
A5Q06QS X 2020-04-02,71.056997
A5Q06QS X 2020-04-03,40.125026
A5Q06QS X 2020-04-04,42.084837
B0B69RZ X 2020-01-02,84.724986
B0B69RZ X 2020-01-03,96.651948
B0B69RZ X 2020-01-04,96.403798
B0B69RZ X 2020-01-05,87.103534
B0B69RZ X 2020-01-06,91.465825
B0B69RZ X 2020-01-07,88.931067
B0B69RZ X 2020-01-08,70.562560
B0B69RZ X 2020-01-09,58.565873
B0B69RZ X 2020-01-10,86.859445
B0B69RZ X 2020-01-11,94.701642
B0B69RZ X 2020-01-12,41.885020
B0B69RZ X 2020-01-13,64.092573
B0B69RZ X 2020-01-14,67.614462
B0B69RZ X 2020-01-15,70.832623
B0B69RZ X 2020-01-16,97.265119
B0B69RZ X 2020-01-17,69.885480
B0B69RZ X 2020-01-18,62.850397
B0B69RZ X 2020-01-19,72.183913
B0B69RZ X 2020-01-20,95.669020
B0B69RZ X 2020-01-21,87.213447
B0B69RZ X 2020-01-22,87.585810
B0B69RZ X 2020-01-23,88.059331
B0B69RZ X 2020-01-24,61.096986
B0B69RZ X 2020-01-25,63.230067
B0B69RZ X 2020-01-26,71.803766
B0B69RZ X 2020-01-27,54.354345
B0B69RZ X 2020-01-28,61.995504
B0B69RZ X 2020-01-29,39.085365
B0B69RZ X 2020-01-30,61.873393
B0B69RZ X 2020-01-31,70.878123
B0B69RZ X 2020-02-01,76.689960
B0B69RZ X 2020-02-02,72.605668
B0B69RZ X 2020-02-03,67.834405
B0B69RZ X 2020-02-04,45.232435
B0B69RZ X 2020-02-05,46.626721
B0B69RZ X 2020-02-06,58.474730
B0B69RZ X 2020-02-07,50.926729
B0B69RZ X 2020-02-08,39.804369
B0B69RZ X 2020-02-09,41.086425
B0B69RZ X 2020-02-10,56.207405
B0B69RZ X 2020-02-11,116.321930
B0B69RZ X 2020-02-12,86.442833
B0B69RZ X 2020-02-13,87.959598
B0B69RZ X 2020-02-14,103.903290
B0B69RZ X 2020-02-15,82.028979
B0B69RZ X 2020-02-16,42.801796
B0B69RZ X 2020-02-17,58.111762
B0B69RZ X 2020-02-18,57.248074
B0B69RZ X 2020-02-19,72.284774
B0B69RZ X 2020-02-20,58.563467
B0B69RZ X 2020-02-21,54.834069
B0B69RZ X 2020-02-22,76.988198
B0B69RZ X 2020-02-23,49.146408
B0B69RZ X 2020-02-24,61.180634
B0B69RZ X 2020-02-25,101.119283
B0B69RZ X 2020-02-26,85.084975
B0B69RZ X 2020-02-27,55.314972
B0B69RZ X 2020-02-28,70.868635
B0B69RZ X 2020-02-29,89.338958
B0B69RZ X 2020-03-01,76.513478
B0B69RZ X 2020-03-02,49.407667
B0B69RZ X 2020-03-03,75.726341
B0B69RZ X 2020-03-04,56.847229
B0B69RZ X 2020-03-05,41.902869
B0B69RZ X 2020-03-06,53.570163
B0B69RZ X 2020-03-07,78.508584
B0B69RZ X 2020-03-08,59.168357
B0B69RZ X 2020-03-09,83.989815
B0B69RZ X 2020-03-10,45.646080
B0B69RZ X 2020-03-11,57.516849
B0B69RZ X 2020-03-12,62.633012
B0B69RZ X 2020-03-13,71.008468
B0B69RZ X 2020-03-14,51.182302
B0B69RZ X 2020-03-15,57.046433
B0B69RZ X 2020-03-16,64.072849
B0B69RZ X 2020-03-17,78.895692
B0B69RZ X 2020-03-18,83.157615
B0B69RZ X 2020-03-19,94.658131
B0B69RZ X 2020-03-20,55.283911
B0B69RZ X 2020-03-21,101.516821
B0B69RZ X 2020-03-22,87.324091
B0B69RZ X 2020-03-23,48.479770
B0B69RZ X 2020-03-24,58.989467
B0B69RZ X 2020-03-25,74.323099
B0B69RZ X 2020-03-26,75.613234
B0B69RZ X 2020-03-27,84.329774
B0B69RZ X 2020-03-28,51.688254
B0B69RZ X 2020-03-29,49.532994
B0B69RZ X 2020-03-30,67.876664
B0B69RZ X 2020-03-31,50.535898
B0B69RZ X 2020-04-01,50.670651
B0B69RZ X 2020-04-02,47.200754
B0B69RZ X 2020-04-03,51.863243
B0B69RZ X 2020-04-04,32.938398
B0BNTM9 X 2020-01-02,40.944745
B0BNTM9 X 2020-01-03,121.689454
B0BNTM9 X 2020-01-04,72.450122
B0BNTM9 X 2020-01-05,56.004993
B0BNTM9 X 2020-01-06,29.410515
B0BNTM9 X 2020-01-07,47.551056
B0BNTM9 X 2020-01-08,55.693298
B0BNTM9 X 2020-01-09,102.015452
B0BNTM9 X 2020-01-10,116.656742
B0BNTM9 X 2020-01-11,93.626299
B0BNTM9 X 2020-01-12,47.966439
B0BNTM9 X 2020-01-13,61.435599
B0BNTM9 X 2020-01-14,106.099822
B0BNTM9 X 2020-01-15,118.201376
B0BNTM9 X 2020-01-16,79.904923
B0BNTM9 X 2020-01-17,114.902856
B0BNTM9 X 2020-01-18,50.540493
B0BNTM9 X 2020-01-19,61.260738
B0BNTM9 X 2020-01-20,32.622242
B0BNTM9 X 2020-01-21,38.561237
B0BNTM9 X 2020-01-22,68.252003
B0BNTM9 X 2020-01-23,79.622761
B0BNTM9 X 2020-01-24,84.319306
B0BNTM9 X 2020-01-25,37.255354
B0BNTM9 X 2020-01-26,66.050213
B0BNTM9 X 2020-01-27,45.668607
B0BNTM9 X 2020-01-28,42.254341
B0BNTM9 X 2020-01-29,28.738932
B0BNTM9 X 2020-01-30,94.978479
B0BNTM9 X 2020-01-31,56.458176
B0BNTM9 X 2020-02-01,41.524646
B0BNTM9 X 2020-02-02,35.912750
B0BNTM9 X 2020-02-03,41.405530
B0BNTM9 X 2020-02-04,39.970146
B0BNTM9 X 2020-02-05,30.729548
B0BNTM9 X 2020-02-06,27.076393
B0BNTM9 X 2020-02-07,44.478091
B0BNTM9 X 2020-02-08,59.296339
B0BNTM9 X 2020-02-09,86.056899
B0BNTM9 X 2020-02-10,35.220962
B0BNTM9 X 2020-02-11,43.898607
B0BNTM9 X 2020-02-12,40.735016
B0BNTM9 X 2020-02-13,45.177533
B0BNTM9 X 2020-02-14,40.274909
B0BNTM9 X 2020-02-15,29.165476
B0BNTM9 X 2020-02-16,63.394149
B0BNTM9 X 2020-02-17,80.173179
B0BNTM9 X 2020-02-18,44.528614
B0BNTM9 X 2020-02-19,34.740890
B0BNTM9 X 2020-02-20,71.049830
B0BNTM9 X 2020-02-21,61.867571
B0BNTM9 X 2020-02-22,39.469234
B0BNTM9 X 2020-02-23,49.502948
B0BNTM9 X 2020-02-24,34.375333
B0BNTM9 X 2020-02-25,56.711173
B0BNTM9 X 2020-02-26,32.195675
B0BNTM9 X 2020-02-27,27.714913
B0BNTM9 X 2020-02-28,33.141582
B0BNTM9 X 2020-02-29,39.493651
B0BNTM9 X 2020-03-01,30.970274
B0BNTM9 X 2020-03-02,26.244492
B0BNTM9 X 2020-03-03,26.971518
B0BNTM9 X 2020-03-04,37.376131
B0BNTM9 X 2020-03-05,64.983488
B0BNTM9 X 2020-03-06,29.807485
B0BNTM9 X 2020-03-07,57.345216
B0BNTM9 X 2020-03-08,38.486327
B0BNTM9 X 2020-03-09,55.023382
B0BNTM9 X 2020-03-10,52.609851
B0BNTM9 X 2020-03-11,76.030393
B0BNTM9 X 2020-03-12,61.388074
B0BNTM9 X 2020-03-13,61.337352
B0BNTM9 X 2020-03-14,62.264511
B0BNTM9 X 2020-03-15,35.712937
B0BNTM9 X 2020-03-16,44.867075
B0BNTM9 X 2020-03-17,91.803902
B0BNTM9 X 2020-03-18,57.848032
B0BNTM9 X 2020-03-19,98.109704
B0BNTM9 X 2020-03-20,56.854643
B0BNTM9 X 2020-03-21,72.874893
B0BNTM9 X 2020-03-22,42.510608
B0BNTM9 X 2020-03-23,31.306766
B0BNTM9 X 2020-03-24,33.409037
B0BNTM9 X 2020-03-25,39.565742
B0BNTM9 X 2020-03-26,29.170349
B0BNTM9 X 2020-03-27,50.868821
B0BNTM9 X 2020-03-28,58.197409
B0BNTM9 X 2020-03-29,59.217190
B0BNTM9 X 2020-03-30,73.746865
B0BNTM9 X 2020-03-31,44.284050
B0BNTM9 X 2020-04-01,31.911521
B0BNTM9 X 2020-04-02,39.840882
B0BNTM9 X 2020-04-03,65.674642
B0BNTM9 X 2020-04-04,39.035329
B61EFVW X 2020-01-02,31.779004
B61EFVW X 2020-01-03,76.172272
B61EFVW X 2020-01-04,40.332748
B61EFVW X 2020-01-05,29.232830
B61EFVW X 2020-01-06,28.102155
B61EFVW X 2020-01-07,71.404200
B61EFVW X 2020-01-08,59.641444
B61EFVW X 2020-01-09,36.644259
B61EFVW X 2020-01-10,49.981933
B61EFVW X 2020-01-11,37.142575
B61EFVW X 2020-01-12,46.403456
B61EFVW X 2020-01-13,40.060169
B61EFVW X 2020-01-14,44.406798
B61EFVW X 2020-01-15,53.154040
B61EFVW X 2020-01-16,38.629370
B61EFVW X 2020-01-17,45.562075
B61EFVW X 2020-01-18,36.971839
B61EFVW X 2020-01-19,52.294437
B61EFVW X 2020-01-20,36.229722
B61EFVW X 2020-01-21,31.742988
B61EFVW X 2020-01-22,76.486638
B61EFVW X 2020-01-23,51.613147
B61EFVW X 2020-01-24,53.637448
B61EFVW X 2020-01-25,57.564710
B61EFVW X 2020-01-26,63.569838
B61EFVW X 2020-01-27,65.495563
B61EFVW X 2020-01-28,40.443279
B61EFVW X 2020-01-29,39.317729
B61EFVW X 2020-01-30,36.444214
B61EFVW X 2020-01-31,28.600228
B61EFVW X 2020-02-01,24.267937
B61EFVW X 2020-02-02,26.558347
B61EFVW X 2020-02-03,53.687816
B61EFVW X 2020-02-04,34.470890
B61EFVW X 2020-02-05,60.852246
B61EFVW X 2020-02-06,38.473993
B61EFVW X 2020-02-07,32.286685
B61EFVW X 2020-02-08,36.409655
B61EFVW X 2020-02-09,31.204810
B61EFVW X 2020-02-10,68.262663
B61EFVW X 2020-02-11,28.188739
B61EFVW X 2020-02-12,39.595452
B61EFVW X 2020-02-13,46.150730
B61EFVW X 2020-02-14,55.632058
B61EFVW X 2020-02-15,47.974409
B61EFVW X 2020-02-16,59.397151
B61EFVW X 2020-02-17,29.194261
B61EFVW X 2020-02-18,33.790672
B61EFVW X 2020-02-19,35.384880
B61EFVW X 2020-02-20,42.042390
B61EFVW X 2020-02-21,43.891619
B61EFVW X 2020-02-22,42.727163
B61EFVW X 2020-02-23,37.896423
B61EFVW X 2020-02-24,38.466511
B61EFVW X 2020-02-25,79.474520
B61EFVW X 2020-02-26,70.143071
B61EFVW X 2020-02-27,35.855971
B61EFVW X 2020-02-28,34.143163
B61EFVW X 2020-02-29,53.029989
B61EFVW X 2020-03-01,31.653843
B61EFVW X 2020-03-02,46.916091
B61EFVW X 2020-03-03,28.867218
B61EFVW X 2020-03-04,53.273317
B61EFVW X 2020-03-05,35.345274
B61EFVW X 2020-03-06,32.555276
B61EFVW X 2020-03-07,44.546631
B61EFVW X 2020-03-08,69.297676
B61EFVW X 2020-03-09,46.093337
B61EFVW X 2020-03-10,42.752139
B61EFVW X 2020-03-11,32.201746
B61EFVW X 2020-03-12,34.159442
B61EFVW X 2020-03-13,41.239306
B61EFVW X 2020-03-14,56.100119
B61EFVW X 2020-03-15,42.930373
B61EFVW X 2020-03-16,43.199669
B61EFVW X 2020-03-17,34.781758
B61EFVW X 2020-03-18,38.355566
B61EFVW X 2020-03-19,62.037197
B61EFVW X 2020-03-20,40.818205
B61EFVW X 2020-03-21,32.581821
B61EFVW X 2020-03-22,58.868812
B61EFVW X 2020-03-23,35.126706
B61EFVW X 2020-03-24,38.887608
B61EFVW X 2020-03-25,32.641984
B61EFVW X 2020-03-26,57.759532
B61EFVW X 2020-03-27,41.488639
B61EFVW X 2020-03-28,33.994026
B61EFVW X 2020-03-29,40.812532
B61EFVW X 2020-03-30,32.535631
B61EFVW X 2020-03-31,54.324060
B61EFVW X 2020-04-01,30.548955
B61EFVW X 2020-04-02,30.806933
B61EFVW X 2020-04-03,47.025841
B61EFVW X 2020-04-04,67.974563
B6D31F4 X 2020-01-02,29.558552
B6D31F4 X 2020-01-03,45.497782
B6D31F4 X 2020-01-04,29.456462
B6D31F4 X 2020-01-05,24.825046
B6D31F4 X 2020-01-06,53.355275
B6D31F4 X 2020-01-07,28.675135
B6D31F4 X 2020-01-08,33.073424
B6D31F4 X 2020-01-09,29.665553
B6D31F4 X 2020-01-10,26.807616
B6D31F4 X 2020-01-11,24.900841
B6D31F4 X 2020-01-12,27.642152
B6D31F4 X 2020-01-13,33.984471
B6D31F4 X 2020-01-14,27.778755
B6D31F4 X 2020-01-15,28.621720
B6D31F4 X 2020-01-16,71.127333
B6D31F4 X 2020-01-17,59.940926
B6D31F4 X 2020-01-18,37.580108
B6D31F4 X 2020-01-19,37.849127
B6D31F4 X 2020-01-20,37.584546
B6D31F4 X 2020-01-21,29.700289
B6D31F4 X 2020-01-22,44.714078
B6D31F4 X 2020-01-23,33.529662
B6D31F4 X 2020-01-24,35.489237
B6D31F4 X 2020-01-25,37.806919
B6D31F4 X 2020-01-26,33.361413
B6D31F4 X 2020-01-27,23.544487
B6D31F4 X 2020-01-28,36.707983
B6D31F4 X 2020-01-29,29.828046
B6D31F4 X 2020-01-30,30.089125
B6D31F4 X 2020-01-31,31.812859
B6D31F4 X 2020-02-01,36.309690
B6D31F4 X 2020-02-02,30.272721
B6D31F4 X 2020-02-03,28.350650
B6D31F4 X 2020-02-04,26.685415
B6D31F4 X 2020-02-05,25.831245
B6D31F4 X 2020-02-06,24.407603
B6D31F4 X 2020-02-07,27.429662
B6D31F4 X 2020-02-08,29.381614
B6D31F4 X 2020-02-09,34.406666
B6D31F4 X 2020-02-10,33.295701
B6D31F4 X 2020-02-11,35.378039
B6D31F4 X 2020-02-12,24.020630
B6D31F4 X 2020-02-13,30.991141
B6D31F4 X 2020-02-14,30.180596
B6D31F4 X 2020-02-15,30.656313
B6D31F4 X 2020-02-16,26.689972
B6D31F4 X 2020-02-17,34.991418
B6D31F4 X 2020-02-18,31.033378
B6D31F4 X 2020-02-19,30.447364
B6D31F4 X 2020-02-20,27.272946
B6D31F4 X 2020-02-21,37.440644
B6D31F4 X 2020-02-22,45.363294
B6D31F4 X 2020-02-23,35.685008
B6D31F4 X 2020-02-24,29.386017
B6D31F4 X 2020-02-25,28.343477
B6D31F4 X 2020-02-26,31.869792
B6D31F4 X 2020-02-27,39.492112
B6D31F4 X 2020-02-28,35.939360
B6D31F4 X 2020-02-29,34.422606
B6D31F4 X 2020-03-01,31.552770
B6D31F4 X 2020-03-02,28.885750
B6D31F4 X 2020-03-03,34.205899
B6D31F4 X 2020-03-04,43.028222
B6D31F4 X 2020-03-05,30.391551
B6D31F4 X 2020-03-06,40.972595
B6D31F4 X 2020-03-07,25.299457
B6D31F4 X 2020-03-08,26.932133
B6D31F4 X 2020-03-09,25.103281
B6D31F4 X 2020-03-10,29.126290
B6D31F4 X 2020-03-11,28.661104
B6D31F4 X 2020-03-12,33.705724
B6D31F4 X 2020-03-13,24.276255
B6D31F4 X 2020-03-14,26.518702
B6D31F4 X 2020-03-15,33.021353
B6D31F4 X 2020-03-16,23.732581
B6D31F4 X 2020-03-17,41.041028
B6D31F4 X 2020-03-18,25.041530
B6D31F4 X 2020-03-19,31.744576
B6D31F4 X 2020-03-20,31.749479
B6D31F4 X 2020-03-21,40.333820
B6D31F4 X 2020-03-22,32.550663
B6D31F4 X 2020-03-23,41.560675
B6D31F4 X 2020-03-24,23.679931
B6D31F4 X 2020-03-25,24.087129
B6D31F4 X 2020-03-26,25.065784
B6D31F4 X 2020-03-27,27.458563
B6D31F4 X 2020-03-28,26.567485
B6D31F4 X 2020-03-29,29.445279
B6D31F4 X 2020-03-30,22.975963
B6D31F4 X 2020-03-31,24.190693
B6D31F4 X 2020-04-01,32.538114
B6D31F4 X 2020-04-02,31.391680
B6D31F4 X 2020-04-03,50.416056
B6D31F4 X 2020-04-04,39.539361
BFYKI97 X 2020-01-02,71.269806
BFYKI97 X 2020-01-03,72.887187
BFYKI97 X 2020-01-04,64.837093
BFYKI97 X 2020-01-05,53.286196
BFYKI97 X 2020-01-06,48.153766
BFYKI97 X 2020-01-07,36.699380
BFYKI97 X 2020-01-08,58.634889
BFYKI97 X 2020-01-09,86.949979
BFYKI97 X 2020-01-10,57.609726
BFYKI97 X 2020-01-11,83.100595
BFYKI97 X 2020-01-12,49.552802
BFYKI97 X 2020-01-13,77.467874
BFYKI97 X 2020-01-14,98.979648
BFYKI97 X 2020-01-15,58.095456
BFYKI97 X 2020-01-16,99.182495
BFYKI97 X 2020-01-17,51.510634
BFYKI97 X 2020-01-18,79.849831
BFYKI97 X 2020-01-19,118.009209
BFYKI97 X 2020-01-20,85.612312
BFYKI97 X 2020-01-21,77.314282
BFYKI97 X 2020-01-22,47.598583
BFYKI97 X 2020-01-23,69.887214
BFYKI97 X 2020-01-24,78.860127
BFYKI97 X 2020-01-25,86.679644
BFYKI97 X 2020-01-26,55.934649
BFYKI97 X 2020-01-27,33.586849
BFYKI97 X 2020-01-28,40.100382
BFYKI97 X 2020-01-29,79.661432
BFYKI97 X 2020-01-30,47.728626
BFYKI97 X 2020-01-31,72.494739
BFYKI97 X 2020-02-01,42.109934
BFYKI97 X 2020-02-02,85.938585
BFYKI97 X 2020-02-03,102.316607
BFYKI97 X 2020-02-04,59.543766
BFYKI97 X 2020-02-05,53.844646
BFYKI97 X 2020-02-06,75.432949
BFYKI97 X 2020-02-07,49.930352
BFYKI97 X 2020-02-08,34.945845
BFYKI97 X 2020-02-09,72.659666
BFYKI97 X 2020-02-10,54.662901
BFYKI97 X 2020-02-11,72.474758
BFYKI97 X 2020-02-12,38.145649
BFYKI97 X 2020-02-13,49.717909
BFYKI97 X 2020-02-14,64.327631
BFYKI97 X 2020-02-15,82.036593
BFYKI97 X 2020-02-16,58.224652
BFYKI97 X 2020-02-17,38.035160
BFYKI97 X 2020-02-18,42.108603
BFYKI97 X 2020-02-19,65.839458
BFYKI97 X 2020-02-20,77.607833
BFYKI97 X 2020-02-21,83.475231
BFYKI97 X 2020-02-22,49.539468
BFYKI97 X 2020-02-23,37.820111
BFYKI97 X 2020-02-24,54.575325
BFYKI97 X 2020-02-25,66.985775
BFYKI97 X 2020-02-26,61.811921
BFYKI97 X 2020-02-27,70.661663
BFYKI97 X 2020-02-28,66.256828
BFYKI97 X 2020-02-29,76.792747
BFYKI97 X 2020-03-01,99.224647
BFYKI97 X 2020-03-02,62.264485
BFYKI97 X 2020-03-03,98.423070
BFYKI97 X 2020-03-04,67.652148
BFYKI97 X 2020-03-05,41.950106
BFYKI97 X 2020-03-06,56.255451
BFYKI97 X 2020-03-07,94.066488
BFYKI97 X 2020-03-08,56.325075
BFYKI97 X 2020-03-09,60.663516
BFYKI97 X 2020-03-10,47.706009
BFYKI97 X 2020-03-11,35.316231
BFYKI97 X 2020-03-12,77.979535
BFYKI97 X 2020-03-13,78.706460
BFYKI97 X 2020-03-14,54.642955
BFYKI97 X 2020-03-15,35.715246
BFYKI97 X 2020-03-16,37.731992
BFYKI97 X 2020-03-17,89.496734
BFYKI97 X 2020-03-18,86.792772
BFYKI97 X 2020-03-19,69.279190
BFYKI97 X 2020-03-20,40.178554
BFYKI97 X 2020-03-21,64.803812
BFYKI97 X 2020-03-22,66.087125
BFYKI97 X 2020-03-23,66.056996
BFYKI97 X 2020-03-24,72.806337
BFYKI97 X 2020-03-25,76.036421
BFYKI97 X 2020-03-26,67.938310
BFYKI97 X 2020-03-27,44.215861
BFYKI97 X 2020-03-28,63.174522
BFYKI97 X 2020-03-29,59.644411
BFYKI97 X 2020-03-30,33.275067
BFYKI97 X 2020-03-31,48.363165
BFYKI97 X 2020-04-01,59.696238
BFYKI97 X 2020-04-02,73.973091
BFYKI97 X 2020-04-03,61.974791
BFYKI97 X 2020-04-04,39.945611
BHDVVZ1 X 2020-01-02,97.974747
BHDVVZ1 X 2020-01-03,73.937909
BHDVVZ1 X 2020-01-04,24.366791
BHDVVZ1 X 2020-01-05,40.490975
BHDVVZ1 X 2020-01-06,72.122992
BHDVVZ1 X 2020-01-07,83.683940
BHDVVZ1 X 2020-01-08,63.021618
BHDVVZ1 X 2020-01-09,32.010804
BHDVVZ1 X 2020-01-10,48.942610
BHDVVZ1 X 2020-01-11,37.077123
BHDVVZ1 X 2020-01-12,66.731902
BHDVVZ1 X 2020-01-13,45.131073
BHDVVZ1 X 2020-01-14,67.000873
BHDVVZ1 X 2020-01-15,73.152841
BHDVVZ1 X 2020-01-16,92.909975
BHDVVZ1 X 2020-01-17,84.457118
BHDVVZ1 X 2020-01-18,47.833413
BHDVVZ1 X 2020-01-19,39.014901
BHDVVZ1 X 2020-01-20,63.915019
BHDVVZ1 X 2020-01-21,86.433396
BHDVVZ1 X 2020-01-22,95.684902
BHDVVZ1 X 2020-01-23,75.483332
BHDVVZ1 X 2020-01-24,77.257107
BHDVVZ1 X 2020-01-25,86.459222
BHDVVZ1 X 2020-01-26,68.735437
BHDVVZ1 X 2020-01-27,82.625527
BHDVVZ1 X 2020-01-28,39.659057
BHDVVZ1 X 2020-01-29,19.680295
BHDVVZ1 X 2020-01-30,29.636495
BHDVVZ1 X 2020-01-31,28.171462
BHDVVZ1 X 2020-02-01,23.289268
BHDVVZ1 X 2020-02-02,19.926052
BHDVVZ1 X 2020-02-03,29.900026
BHDVVZ1 X 2020-02-04,26.016808
BHDVVZ1 X 2020-02-05,27.625968
BHDVVZ1 X 2020-02-06,53.998866
BHDVVZ1 X 2020-02-07,50.193531
BHDVVZ1 X 2020-02-08,76.222028
BHDVVZ1 X 2020-02-09,69.222139
BHDVVZ1 X 2020-02-10,37.139423
BHDVVZ1 X 2020-02-11,20.505740
BHDVVZ1 X 2020-02-12,24.344241
BHDVVZ1 X 2020-02-13,34.658913
BHDVVZ1 X 2020-02-14,38.217208
BHDVVZ1 X 2020-02-15,55.108255
BHDVVZ1 X 2020-02-16,39.310061
BHDVVZ1 X 2020-02-17,28.928417
BHDVVZ1 X 2020-02-18,21.682552
BHDVVZ1 X 2020-02-19,38.647821
BHDVVZ1 X 2020-02-20,33.892520
BHDVVZ1 X 2020-02-21,28.720275
BHDVVZ1 X 2020-02-22,44.180258
BHDVVZ1 X 2020-02-23,22.530847
BHDVVZ1 X 2020-02-24,29.393089
BHDVVZ1 X 2020-02-25,23.818321
BHDVVZ1 X 2020-02-26,22.141940
BHDVVZ1 X 2020-02-27,30.850063
BHDVVZ1 X 2020-02-28,24.923620
BHDVVZ1 X 2020-02-29,42.810157
BHDVVZ1 X 2020-03-01,21.928132
BHDVVZ1 X 2020-03-02,38.832683
BHDVVZ1 X 2020-03-03,36.774083
BHDVVZ1 X 2020-03-04,45.591865
BHDVVZ1 X 2020-03-05,49.592185
BHDVVZ1 X 2020-03-06,43.348044
BHDVVZ1 X 2020-03-07,32.482266
BHDVVZ1 X 2020-03-08,43.934561
BHDVVZ1 X 2020-03-09,43.476102
BHDVVZ1 X 2020-03-10,36.608008
BHDVVZ1 X 2020-03-11,21.954058
BHDVVZ1 X 2020-03-12,29.798412
BHDVVZ1 X 2020-03-13,25.788155
BHDVVZ1 X 2020-03-14,49.829181
BHDVVZ1 X 2020-03-15,56.770943
BHDVVZ1 X 2020-03-16,56.026968
BHDVVZ1 X 2020-03-17,51.018603
BHDVVZ1 X 2020-03-18,71.814156
BHDVVZ1 X 2020-03-19,59.717265
BHDVVZ1 X 2020-03-20,66.278915
BHDVVZ1 X 2020-03-21,43.304450
BHDVVZ1 X 2020-03-22,41.609407
BHDVVZ1 X 2020-03-23,52.689828
BHDVVZ1 X 2020-03-24,66.699201
BHDVVZ1 X 2020-03-25,57.969799
BHDVVZ1 X 2020-03-26,62.397255
BHDVVZ1 X 2020-03-27,63.595472
BHDVVZ1 X 2020-03-28,75.905755
BHDVVZ1 X 2020-03-29,38.172501
BHDVVZ1 X 2020-03-30,38.150067
BHDVVZ1 X 2020-03-31,53.483194
BHHB4KK X 2020-01-02,230.448639
BHHB4KK X 2020-01-03,185.810169
BHHB4KK X 2020-01-04,221.698607
BHHB4KK X 2020-01-05,168.264554
BHHB4KK X 2020-01-06,168.869648
BHHB4KK X 2020-01-07,140.366776
BHHB4KK X 2020-01-08,110.507906
BHHB4KK X 2020-01-09,137.998155
BHHB4KK X 2020-01-10,143.303937
BHHB4KK X 2020-01-11,172.180060
BHHB4KK X 2020-01-12,184.669067
BHHB4KK X 2020-01-13,163.699459
BHHB4KK X 2020-01-14,158.195090
BHHB4KK X 2020-01-15,131.575037
BHHB4KK X 2020-01-16,121.565738
BHHB4KK X 2020-01-17,93.519989
BHHB4KK X 2020-01-18,186.085487
BHHB4KK X 2020-01-19,120.317591
BHHB4KK X 2020-01-20,169.242071
BHHB4KK X 2020-01-21,205.069261
BHHB4KK X 2020-01-22,187.877996
BHHB4KK X 2020-01-23,141.324392
BHHB4KK X 2020-01-24,127.015917
BHHB4KK X 2020-01-25,166.052087
BHHB4KK X 2020-01-26,197.282947
BHHB4KK X 2020-01-27,157.561335
BHHB4KK X 2020-01-28,91.724733
BHHB4KK X 2020-01-29,102.131038
BHHB4KK X 2020-01-30,165.474159
BHHB4KK X 2020-01-31,106.546555
BHHB4KK X 2020-02-01,161.942087
BHHB4KK X 2020-02-02,159.056057
BHHB4KK X 2020-02-03,180.268136
BHHB4KK X 2020-02-04,181.817257
BHHB4KK X 2020-02-05,110.082147
BHHB4KK X 2020-02-06,176.810303
BHHB4KK X 2020-02-07,183.078798
BHHB4KK X 2020-02-08,116.249440
BHHB4KK X 2020-02-09,191.710021
BHHB4KK X 2020-02-10,176.270829
BHHB4KK X 2020-02-11,197.174279
BHHB4KK X 2020-02-12,163.244927
BHHB4KK X 2020-02-13,98.543665
BHHB4KK X 2020-02-14,98.764770
BHHB4KK X 2020-02-15,143.451397
BHHB4KK X 2020-02-16,174.366302
BHHB4KK X 2020-02-17,163.299659
BHHB4KK X 2020-02-18,60.247488
BHHB4KK X 2020-02-19,131.740536
BHHB4KK X 2020-02-20,136.535399
BHHB4KK X 2020-02-21,80.073476
BHHB4KK X 2020-02-22,151.206050
BHHB4KK X 2020-02-23,158.895188
BHHB4KK X 2020-02-24,149.921503
BHHB4KK X 2020-02-25,160.884451
BHHB4KK X 2020-02-26,178.990829
BHHB4KK X 2020-02-27,164.282704
BHHB4KK X 2020-02-28,124.510804
BHHB4KK X 2020-02-29,144.531104
BHHB4KK X 2020-03-01,120.388214
BHHB4KK X 2020-03-02,175.026101
BHHB4KK X 2020-03-03,140.878991
BHHB4KK X 2020-03-04,162.675521
BHHB4KK X 2020-03-05,88.769770
BHHB4KK X 2020-03-06,89.993437
BHHB4KK X 2020-03-07,92.309095
BHHB4KK X 2020-03-08,153.070396
BHHB4KK X 2020-03-09,84.783599
BHHB4KK X 2020-03-10,145.415885
BHHB4KK X 2020-03-11,146.178226
BHHB4KK X 2020-03-12,120.209865
BHHB4KK X 2020-03-13,149.229467
BHHB4KK X 2020-03-14,91.664106
BHHB4KK X 2020-03-15,143.723513
BHHB4KK X 2020-03-16,139.874813
BHHB4KK X 2020-03-17,130.733545
BHHB4KK X 2020-03-18,138.156886
BHHB4KK X 2020-03-19,155.009992
BHHB4KK X 2020-03-20,144.406634
BHHB4KK X 2020-03-21,154.903738
BHHB4KK X 2020-03-22,137.384242
BHHB4KK X 2020-03-23,140.068440
BHHB4KK X 2020-03-24,137.949437
BHHB4KK X 2020-03-25,116.891933
BHHB4KK X 2020-03-26,85.521075
BHHB4KK X 2020-03-27,74.878177
BHHB4KK X 2020-03-28,73.491326
BHHB4KK X 2020-03-29,83.736839
BHHB4KK X 2020-03-30,69.855843
BHHB4KK X 2020-03-31,79.254799
BHHB4KK X 2020-04-01,95.043769
BHHB4KK X 2020-04-02,77.877964
BHHB4KK X 2020-04-03,76.954057
BHHB4KK X 2020-04-04,93.678188
BLADFSG X 2020-01-02,80.829521
BLADFSG X 2020-01-03,130.917758
BLADFSG X 2020-01-04,130.482801
BLADFSG X 2020-01-05,86.831526
BLADFSG X 2020-01-06,73.847852
BLADFSG X 2020-01-07,106.777933
BLADFSG X 2020-01-08,128.411757
BLADFSG X 2020-01-09,113.670655
BLADFSG X 2020-01-10,137.138642
BLADFSG X 2020-01-11,110.320726
BLADFSG X 2020-01-12,71.252698
BLADFSG X 2020-01-13,87.159103
BLADFSG X 2020-01-14,84.126619
BLADFSG X 2020-01-15,86.085411
BLADFSG X 2020-01-16,96.462017
BLADFSG X 2020-01-17,136.800304
BLADFSG X 2020-01-18,80.865161
BLADFSG X 2020-01-19,69.106066
BLADFSG X 2020-01-20,93.435967
BLADFSG X 2020-01-21,141.483993
BLADFSG X 2020-01-22,140.222393
BLADFSG X 2020-01-23,103.873786
BLADFSG X 2020-01-24,111.810007
BLADFSG X 2020-01-25,109.557496
BLADFSG X 2020-01-26,92.102839
BLADFSG X 2020-01-27,109.736226
BLADFSG X 2020-01-28,76.992696
BLADFSG X 2020-01-29,60.177587
BLADFSG X 2020-01-30,36.518659
BLADFSG X 2020-01-31,94.732753
BLADFSG X 2020-02-01,87.473647
BLADFSG X 2020-02-02,83.057886
BLADFSG X 2020-02-03,65.337306
BLADFSG X 2020-02-04,59.600187
BLADFSG X 2020-02-05,75.316402
BLADFSG X 2020-02-06,36.438585
BLADFSG X 2020-02-07,72.223005
BLADFSG X 2020-02-08,67.610690
BLADFSG X 2020-02-09,94.816319
BLADFSG X 2020-02-10,95.013392
BLADFSG X 2020-02-11,68.859873
BLADFSG X 2020-02-12,65.404988
BLADFSG X 2020-02-13,63.181290
BLADFSG X 2020-02-14,56.377925
BLADFSG X 2020-02-15,32.724552
BLADFSG X 2020-02-16,78.045989
BLADFSG X 2020-02-17,69.604799
BLADFSG X 2020-02-18,83.879995
BLADFSG X 2020-02-19,49.824276
BLADFSG X 2020-02-20,60.831160
BLADFSG X 2020-02-21,55.649183
BLADFSG X 2020-02-22,57.533537
BLADFSG X 2020-02-23,97.852996
BLADFSG X 2020-02-24,100.581956
BLADFSG X 2020-02-25,77.093138
BLADFSG X 2020-02-26,63.615730
BLADFSG X 2020-02-27,52.021328
BLADFSG X 2020-02-28,85.118143
BLADFSG X 2020-02-29,35.978139
BLADFSG X 2020-03-01,60.241976
BLADFSG X 2020-03-02,67.061591
BLADFSG X 2020-03-03,59.254308
BLADFSG X 2020-03-04,43.568569
BLADFSG X 2020-03-05,61.501364
BLADFSG X 2020-03-06,62.056868
BLADFSG X 2020-03-07,70.163447
BLADFSG X 2020-03-08,59.202624
BLADFSG X 2020-03-09,64.620630
BLADFSG X 2020-03-10,41.071681
BLADFSG X 2020-03-11,57.839187
BLADFSG X 2020-03-12,68.599509
BLADFSG X 2020-03-13,63.565612
BLADFSG X 2020-03-14,59.717867
BLADFSG X 2020-03-15,43.361893
BLADFSG X 2020-03-16,42.637553
BLADFSG X 2020-03-17,65.030378
BLADFSG X 2020-03-18,58.772434
BLADFSG X 2020-03-19,78.776208
BLADFSG X 2020-03-20,62.804070
BLADFSG X 2020-03-21,78.214730
BLADFSG X 2020-03-22,68.201964
BLADFSG X 2020-03-23,42.751675
BLADFSG X 2020-03-24,68.663054
BLADFSG X 2020-03-25,80.253663
BLADFSG X 2020-03-26,61.729566
BLADFSG X 2020-03-27,61.450313
BLADFSG X 2020-03-28,59.592246
BLADFSG X 2020-03-29,61.208829
BLADFSG X 2020-03-30,71.876163
BLADFSG X 2020-03-31,52.425266
BLADFSG X 2020-04-01,76.500780
BLADFSG X 2020-04-02,61.765747
BLADFSG X 2020-04-03,86.577534
BLADFSG X 2020-04-04,75.853616
BXOOYQQ X 2020-01-02,32.513647
BXOOYQQ X 2020-01-03,25.414372
BXOOYQQ X 2020-01-04,40.510665
BXOOYQQ X 2020-01-05,38.938966
BXOOYQQ X 2020-01-06,24.980998
BXOOYQQ X 2020-01-07,36.229922
BXOOYQQ X 2020-01-08,26.461010
BXOOYQQ X 2020-01-09,22.427103
BXOOYQQ X 2020-01-10,34.816423
BXOOYQQ X 2020-01-11,24.921363
BXOOYQQ X 2020-01-12,24.618185
BXOOYQQ X 2020-01-13,22.655542
BXOOYQQ X 2020-01-14,26.071542
BXOOYQQ X 2020-01-15,25.552860
BXOOYQQ X 2020-01-16,24.187075
BXOOYQQ X 2020-01-17,27.200072
BXOOYQQ X 2020-01-18,37.022873
BXOOYQQ X 2020-01-19,58.497081
BXOOYQQ X 2020-01-20,63.840077
BXOOYQQ X 2020-01-21,82.313143
BXOOYQQ X 2020-01-22,61.056089
BXOOYQQ X 2020-01-23,52.035979
BXOOYQQ X 2020-01-24,49.555013
BXOOYQQ X 2020-01-25,60.767116
BXOOYQQ X 2020-01-26,37.988467
BXOOYQQ X 2020-01-27,21.847405
BXOOYQQ X 2020-01-28,22.541738
BXOOYQQ X 2020-01-29,29.855694
BXOOYQQ X 2020-01-30,30.005990
BXOOYQQ X 2020-01-31,21.667528
BXOOYQQ X 2020-02-01,23.698108
BXOOYQQ X 2020-02-02,45.377668
BXOOYQQ X 2020-02-03,22.468588
BXOOYQQ X 2020-02-04,26.282119
BXOOYQQ X 2020-02-05,61.323200
BXOOYQQ X 2020-02-06,63.650566
BXOOYQQ X 2020-02-07,57.862813
BXOOYQQ X 2020-02-08,30.512987
BXOOYQQ X 2020-02-09,22.275536
BXOOYQQ X 2020-02-10,30.018278
BXOOYQQ X 2020-02-11,24.164602
BXOOYQQ X 2020-02-12,27.205742
BXOOYQQ X 2020-02-13,21.951357
BXOOYQQ X 2020-02-14,30.524197
BXOOYQQ X 2020-02-15,34.740827
BXOOYQQ X 2020-02-16,24.747741
BXOOYQQ X 2020-02-17,19.248710
BXOOYQQ X 2020-02-18,24.842755
BXOOYQQ X 2020-02-19,26.618935
BXOOYQQ X 2020-02-20,21.923360
BXOOYQQ X 2020-02-21,32.765193
BXOOYQQ X 2020-02-22,27.332804
BXOOYQQ X 2020-02-23,15.623787
BXOOYQQ X 2020-02-24,35.538512
BXOOYQQ X 2020-02-25,21.099146
BXOOYQQ X 2020-02-26,23.627707
BXOOYQQ X 2020-02-27,26.480144
BXOOYQQ X 2020-02-28,32.081974
BXOOYQQ X 2020-02-29,19.810021
BXOOYQQ X 2020-03-01,19.630484
BXOOYQQ X 2020-03-02,27.609360
BXOOYQQ X 2020-03-03,27.156932
BXOOYQQ X 2020-03-04,36.938704
BXOOYQQ X 2020-03-05,35.152298
BXOOYQQ X 2020-03-06,47.466095
BXOOYQQ X 2020-03-07,30.566989
BXOOYQQ X 2020-03-08,22.996559
BXOOYQQ X 2020-03-09,24.880675
BXOOYQQ X 2020-03-10,15.127444
BXOOYQQ X 2020-03-11,20.690660
BXOOYQQ X 2020-03-12,20.733617
BXOOYQQ X 2020-03-13,28.254488
BXOOYQQ X 2020-03-14,33.158669
BXOOYQQ X 2020-03-15,39.848983
BXOOYQQ X 2020-03-16,54.882794
BXOOYQQ X 2020-03-17,30.084504
BXOOYQQ X 2020-03-18,20.368885
BXOOYQQ X 2020-03-19,46.928877
BXOOYQQ X 2020-03-20,32.167582
BXOOYQQ X 2020-03-21,27.549151
BXOOYQQ X 2020-03-22,42.320787
BXOOYQQ X 2020-03-23,43.700521
BXOOYQQ X 2020-03-24,83.847071
BXOOYQQ X 2020-03-25,58.904741
BXOOYQQ X 2020-03-26,52.465455
BXOOYQQ X 2020-03-27,55.928988
BXOOYQQ X 2020-03-28,37.521421
BXOOYQQ X 2020-03-29,23.182101
BXOOYQQ X 2020-03-30,28.743036
BXOOYQQ X 2020-03-31,30.161833
BXOOYQQ X 2020-04-01,38.713790
BXOOYQQ X 2020-04-02,38.445806
BXOOYQQ X 2020-04-03,33.098261
BXOOYQQ X 2020-04-04,45.811701
BZ21ZK5 X 2020-01-02,52.016347
BZ21ZK5 X 2020-01-03,46.832848
BZ21ZK5 X 2020-01-04,106.012750
BZ21ZK5 X 2020-01-05,117.021794
BZ21ZK5 X 2020-01-06,52.196536
BZ21ZK5 X 2020-01-07,45.391397
BZ21ZK5 X 2020-01-08,53.465858
BZ21ZK5 X 2020-01-09,42.882340
BZ21ZK5 X 2020-01-10,112.010254
BZ21ZK5 X 2020-01-11,104.590295
BZ21ZK5 X 2020-01-12,106.095016
BZ21ZK5 X 2020-01-13,119.456627
BZ21ZK5 X 2020-01-14,99.272571
BZ21ZK5 X 2020-01-15,107.290631
BZ21ZK5 X 2020-01-16,98.517628
BZ21ZK5 X 2020-01-17,94.647109
BZ21ZK5 X 2020-01-18,115.528094
BZ21ZK5 X 2020-01-19,109.183317
BZ21ZK5 X 2020-01-20,99.059073
BZ21ZK5 X 2020-01-21,68.372671
BZ21ZK5 X 2020-01-22,76.309572
BZ21ZK5 X 2020-01-23,80.687169
BZ21ZK5 X 2020-01-24,74.001176
BZ21ZK5 X 2020-01-25,93.864008
BZ21ZK5 X 2020-01-26,97.887771
BZ21ZK5 X 2020-01-27,136.305124
BZ21ZK5 X 2020-01-28,85.030527
BZ21ZK5 X 2020-01-29,71.892118
BZ21ZK5 X 2020-01-30,30.445183
BZ21ZK5 X 2020-01-31,38.889197
BZ21ZK5 X 2020-02-01,90.687491
BZ21ZK5 X 2020-02-02,75.806060
BZ21ZK5 X 2020-02-03,74.369278
BZ21ZK5 X 2020-02-04,35.799980
BZ21ZK5 X 2020-02-05,37.464623
BZ21ZK5 X 2020-02-06,40.405758
BZ21ZK5 X 2020-02-07,56.483235
BZ21ZK5 X 2020-02-08,33.841807
BZ21ZK5 X 2020-02-09,39.086877
BZ21ZK5 X 2020-02-10,52.317563
BZ21ZK5 X 2020-02-11,86.855594
BZ21ZK5 X 2020-02-12,56.788344
BZ21ZK5 X 2020-02-13,49.754048
BZ21ZK5 X 2020-02-14,83.503715
BZ21ZK5 X 2020-02-15,90.102386
BZ21ZK5 X 2020-02-16,61.202221
BZ21ZK5 X 2020-02-17,70.785048
BZ21ZK5 X 2020-02-18,80.635206
BZ21ZK5 X 2020-02-19,100.049935
BZ21ZK5 X 2020-02-20,75.944038
BZ21ZK5 X 2020-02-21,74.496700
BZ21ZK5 X 2020-02-22,51.172706
BZ21ZK5 X 2020-02-23,52.398648
BZ21ZK5 X 2020-02-24,77.235270
BZ21ZK5 X 2020-02-25,50.619780
BZ21ZK5 X 2020-02-26,85.717238
BZ21ZK5 X 2020-02-27,57.491280
BZ21ZK5 X 2020-02-28,37.580745
BZ21ZK5 X 2020-02-29,48.112642
BZ21ZK5 X 2020-03-01,61.229946
BZ21ZK5 X 2020-03-02,86.650420
BZ21ZK5 X 2020-03-03,79.546660
BZ21ZK5 X 2020-03-04,74.094086
BZ21ZK5 X 2020-03-05,52.093037
BZ21ZK5 X 2020-03-06,36.244013
BZ21ZK5 X 2020-03-07,76.518400
BZ21ZK5 X 2020-03-08,74.146872
BZ21ZK5 X 2020-03-09,58.991759
BZ21ZK5 X 2020-03-10,39.000112
BZ21ZK5 X 2020-03-11,71.335575
BZ21ZK5 X 2020-03-12,77.330263
BZ21ZK5 X 2020-03-13,46.043767
BZ21ZK5 X 2020-03-14,74.418296
BZ21ZK5 X 2020-03-15,60.527714
BZ21ZK5 X 2020-03-16,32.197043
BZ21ZK5 X 2020-03-17,37.043761
BZ21ZK5 X 2020-03-18,67.437943
BZ21ZK5 X 2020-03-19,60.450206
BZ21ZK5 X 2020-03-20,92.295917
BZ21ZK5 X 2020-03-21,77.627852
BZ21ZK5 X 2020-03-22,82.085996
BZ21ZK5 X 2020-03-23,63.645338
BZ21ZK5 X 2020-03-24,67.220426
BZ21ZK5 X 2020-03-25,62.076798
BZ21ZK5 X 2020-03-26,47.904283
BZ21ZK5 X 2020-03-27,55.156254
BZ21ZK5 X 2020-03-28,40.769749
BZ21ZK5 X 2020-03-29,29.560955
BZ21ZK5 X 2020-03-30,31.223351
BZ21ZK5 X 2020-03-31,55.419007
BZ21ZK5 X 2020-04-01,25.947178
BZ21ZK5 X 2020-04-02,45.589720
BZ21ZK5 X 2020-04-03,42.734042
BZ21ZK5 X 2020-04-04,70.025698
C178BOO X 2020-01-02,113.958525
C178BOO X 2020-01-03,132.398850
C178BOO X 2020-01-04,169.529985
C178BOO X 2020-01-05,127.222951
C178BOO X 2020-01-06,73.030604
C178BOO X 2020-01-07,57.265630
C178BOO X 2020-01-08,41.569774
C178BOO X 2020-01-09,105.850549
C178BOO X 2020-01-10,118.568122
C178BOO X 2020-01-11,159.540197
C178BOO X 2020-01-12,71.232279
C178BOO X 2020-01-13,46.369321
C178BOO X 2020-01-14,152.998989
C178BOO X 2020-01-15,114.651878
C178BOO X 2020-01-16,101.886906
C178BOO X 2020-01-17,140.580271
C178BOO X 2020-01-18,106.083625
C178BOO X 2020-01-19,113.103155
C178BOO X 2020-01-20,92.604420
C178BOO X 2020-01-21,74.580646
C178BOO X 2020-01-22,90.231865
C178BOO X 2020-01-23,106.591257
C178BOO X 2020-01-24,111.858271
C178BOO X 2020-01-25,117.780381
C178BOO X 2020-01-26,124.985138
C178BOO X 2020-01-27,26.336196
C178BOO X 2020-01-28,61.741910
C178BOO X 2020-01-29,69.353528
C178BOO X 2020-01-30,50.826421
C178BOO X 2020-01-31,48.189570
C178BOO X 2020-02-01,117.179409
C178BOO X 2020-02-02,145.737127
C178BOO X 2020-02-03,94.607167
C178BOO X 2020-02-04,81.215671
C178BOO X 2020-02-05,46.892836
C178BOO X 2020-02-06,76.929479
C178BOO X 2020-02-07,123.184595
C178BOO X 2020-02-08,100.264902
C178BOO X 2020-02-09,76.680402
C178BOO X 2020-02-10,106.170659
C178BOO X 2020-02-11,96.044085
C178BOO X 2020-02-12,73.390992
C178BOO X 2020-02-13,56.340823
C178BOO X 2020-02-14,110.387296
C178BOO X 2020-02-15,51.916160
C178BOO X 2020-02-16,46.024492
C178BOO X 2020-02-17,48.518819
C178BOO X 2020-02-18,91.129183
C178BOO X 2020-02-19,82.657345
C178BOO X 2020-02-20,113.190276
C178BOO X 2020-02-21,81.890651
C178BOO X 2020-02-22,40.886177
C178BOO X 2020-02-23,75.863175
C178BOO X 2020-02-24,52.165448
C178BOO X 2020-02-25,51.435442
C178BOO X 2020-02-26,45.260332
C178BOO X 2020-02-27,69.016091
C178BOO X 2020-02-28,62.123294
C178BOO X 2020-02-29,61.773345
C178BOO X 2020-03-01,57.562410
C178BOO X 2020-03-02,80.736823
C178BOO X 2020-03-03,60.239628
C178BOO X 2020-03-04,77.606139
C178BOO X 2020-03-05,81.584259
C178BOO X 2020-03-06,78.764267
C178BOO X 2020-03-07,51.755329
C178BOO X 2020-03-08,86.629401
C178BOO X 2020-03-09,85.994671
C178BOO X 2020-03-10,69.279062
C178BOO X 2020-03-11,55.706171
C178BOO X 2020-03-12,64.220119
C178BOO X 2020-03-13,63.791210
C178BOO X 2020-03-14,67.033349
C178BOO X 2020-03-15,47.730542
C178BOO X 2020-03-16,62.610250
C178BOO X 2020-03-17,87.998528
C178BOO X 2020-03-18,66.846837
C178BOO X 2020-03-19,39.664439
C178BOO X 2020-03-20,54.857024
C178BOO X 2020-03-21,94.389225
C178BOO X 2020-03-22,62.084553
C178BOO X 2020-03-23,64.726056
C178BOO X 2020-03-24,80.456286
C178BOO X 2020-03-25,114.850037
C178BOO X 2020-03-26,50.423770
C178BOO X 2020-03-27,70.671553
C178BOO X 2020-03-28,48.001450
C178BOO X 2020-03-29,46.316560
C178BOO X 2020-03-30,64.676504
C178BOO X 2020-03-31,109.862581
C178BOO X 2020-04-01,79.370152
C178BOO X 2020-04-02,72.273787
C178BOO X 2020-04-03,69.030337
C178BOO X 2020-04-04,47.097565
C3ECRX8 X 2020-01-02,69.694272
C3ECRX8 X 2020-01-03,101.026659
C3ECRX8 X 2020-01-04,68.804988
C3ECRX8 X 2020-01-05,47.012839
C3ECRX8 X 2020-01-06,54.667629
C3ECRX8 X 2020-01-07,80.746448
C3ECRX8 X 2020-01-08,56.329701
C3ECRX8 X 2020-01-09,57.860344
C3ECRX8 X 2020-01-10,65.365228
C3ECRX8 X 2020-01-11,60.109323
C3ECRX8 X 2020-01-12,40.805049
C3ECRX8 X 2020-01-13,50.493751
C3ECRX8 X 2020-01-14,87.164180
C3ECRX8 X 2020-01-15,66.959952
C3ECRX8 X 2020-01-16,58.968251
C3ECRX8 X 2020-01-17,45.130519
C3ECRX8 X 2020-01-18,35.512785
C3ECRX8 X 2020-01-19,44.685623
C3ECRX8 X 2020-01-20,31.300349
C3ECRX8 X 2020-01-21,34.524010
C3ECRX8 X 2020-01-22,36.941988
C3ECRX8 X 2020-01-23,53.323755
C3ECRX8 X 2020-01-24,77.712163
C3ECRX8 X 2020-01-25,48.161874
C3ECRX8 X 2020-01-26,89.466060
C3ECRX8 X 2020-01-27,56.346052
C3ECRX8 X 2020-01-28,60.643778
C3ECRX8 X 2020-01-29,40.584135
C3ECRX8 X 2020-01-30,45.421089
C3ECRX8 X 2020-01-31,55.934615
C3ECRX8 X 2020-02-01,66.755058
C3ECRX8 X 2020-02-02,53.511489
C3ECRX8 X 2020-02-03,69.093810
C3ECRX8 X 2020-02-04,58.866416
C3ECRX8 X 2020-02-05,24.425373
C3ECRX8 X 2020-02-06,38.505450
C3ECRX8 X 2020-02-07,61.265758
C3ECRX8 X 2020-02-08,49.293729
C3ECRX8 X 2020-02-09,76.602382
C3ECRX8 X 2020-02-10,71.338237
C3ECRX8 X 2020-02-11,25.974356
C3ECRX8 X 2020-02-12,34.295647
C3ECRX8 X 2020-02-13,37.784422
C3ECRX8 X 2020-02-14,44.547234
C3ECRX8 X 2020-02-15,48.035275
C3ECRX8 X 2020-02-16,62.170780
C3ECRX8 X 2020-02-17,51.370778
C3ECRX8 X 2020-02-18,50.245763
C3ECRX8 X 2020-02-19,59.336901
C3ECRX8 X 2020-02-20,47.275476
C3ECRX8 X 2020-02-21,54.244774
C3ECRX8 X 2020-02-22,63.676079
C3ECRX8 X 2020-02-23,63.260124
C3ECRX8 X 2020-02-24,63.702791
C3ECRX8 X 2020-02-25,68.481134
C3ECRX8 X 2020-02-26,26.688201
C3ECRX8 X 2020-02-27,32.094845
C3ECRX8 X 2020-02-28,50.419627
C3ECRX8 X 2020-02-29,52.200683
C3ECRX8 X 2020-03-01,45.381660
C3ECRX8 X 2020-03-02,46.944899
C3ECRX8 X 2020-03-03,42.404767
C3ECRX8 X 2020-03-04,41.355488
C3ECRX8 X 2020-03-05,35.710583
C3ECRX8 X 2020-03-06,40.659175
C3ECRX8 X 2020-03-07,38.480266
C3ECRX8 X 2020-03-08,34.188095
C3ECRX8 X 2020-03-09,46.858831
C3ECRX8 X 2020-03-10,48.433527
C3ECRX8 X 2020-03-11,49.500085
C3ECRX8 X 2020-03-12,73.453308
C3ECRX8 X 2020-03-13,70.093468
C3ECRX8 X 2020-03-14,56.555631
C3ECRX8 X 2020-03-15,64.825861
C3ECRX8 X 2020-03-16,49.969555
C3ECRX8 X 2020-03-17,64.943443
C3ECRX8 X 2020-03-18,70.196385
C3ECRX8 X 2020-03-19,40.307329
C3ECRX8 X 2020-03-20,36.907303
C3ECRX8 X 2020-03-21,65.088142
C3ECRX8 X 2020-03-22,68.916376
C3ECRX8 X 2020-03-23,72.029173
C3ECRX8 X 2020-03-24,55.799978
C3ECRX8 X 2020-03-25,50.166262
C3ECRX8 X 2020-03-26,45.078597
C3ECRX8 X 2020-03-27,44.472137
C3ECRX8 X 2020-03-28,41.867528
C3ECRX8 X 2020-03-29,49.136284
C3ECRX8 X 2020-03-30,69.951465
C3ECRX8 X 2020-03-31,71.207751
C3ECRX8 X 2020-04-01,35.849484
C3ECRX8 X 2020-04-02,61.088726
C3ECRX8 X 2020-04-03,59.283844
C3ECRX8 X 2020-04-04,40.825053
CHCM3VT X 2020-01-02,38.841079
CHCM3VT X 2020-01-03,39.876944
CHCM3VT X 2020-01-04,60.036198
CHCM3VT X 2020-01-05,46.511272
CHCM3VT X 2020-01-06,64.589538
CHCM3VT X 2020-01-07,61.270882
CHCM3VT X 2020-01-08,55.453079
CHCM3VT X 2020-01-09,59.109253
CHCM3VT X 2020-01-10,45.515808
CHCM3VT X 2020-01-11,61.070365
CHCM3VT X 2020-01-12,51.527829
CHCM3VT X 2020-01-13,42.388753
CHCM3VT X 2020-01-14,48.331659
CHCM3VT X 2020-01-15,42.607025
CHCM3VT X 2020-01-16,66.516948
CHCM3VT X 2020-01-17,61.757405
CHCM3VT X 2020-01-18,49.448135
CHCM3VT X 2020-01-19,53.792691
CHCM3VT X 2020-01-20,46.849158
CHCM3VT X 2020-01-21,26.614815
CHCM3VT X 2020-01-22,48.380899
CHCM3VT X 2020-01-23,53.766810
CHCM3VT X 2020-01-24,58.465992
CHCM3VT X 2020-01-27,54.986690
CHCM3VT X 2020-01-28,44.869793
CHCM3VT X 2020-01-29,48.099805
CHCM3VT X 2020-01-30,52.733033
CHCM3VT X 2020-01-31,59.065262
CHCM3VT X 2020-02-01,42.108132
CHCM3VT X 2020-02-02,54.608422
CHCM3VT X 2020-02-03,53.855960
CHCM3VT X 2020-02-04,50.246833
CHCM3VT X 2020-02-05,61.320476
CHCM3VT X 2020-02-06,54.023682
CHCM3VT X 2020-02-07,56.426159
CHCM3VT X 2020-02-08,46.010669
CHCM3VT X 2020-02-09,36.892512
CHCM3VT X 2020-02-10,45.864988
CHCM3VT X 2020-02-11,42.760433
CHCM3VT X 2020-02-12,56.687663
CHCM3VT X 2020-02-13,42.908022
CHCM3VT X 2020-02-14,60.930024
CHCM3VT X 2020-02-15,53.832106
CHCM3VT X 2020-02-16,59.456080
CHCM3VT X 2020-02-17,50.116255
CHCM3VT X 2020-02-18,45.489344
CHCM3VT X 2020-02-19,52.141024
CHCM3VT X 2020-02-20,37.691327
CHCM3VT X 2020-02-21,36.624873
CHCM3VT X 2020-02-22,48.420099
CHCM3VT X 2020-02-23,38.289361
CHCM3VT X 2020-02-24,40.656626
CHCM3VT X 2020-02-25,41.633472
CHCM3VT X 2020-02-26,87.299172
CHCM3VT X 2020-02-27,49.302060
CHCM3VT X 2020-02-28,72.077439
CHCM3VT X 2020-02-29,51.565806
CHCM3VT X 2020-03-01,44.957754
CHCM3VT X 2020-03-02,48.278410
CHCM3VT X 2020-03-03,53.089262
CHCM3VT X 2020-03-04,52.508391
CHCM3VT X 2020-03-05,52.249485
CHCM3VT X 2020-03-06,58.976690
CHCM3VT X 2020-03-07,36.169215
CHCM3VT X 2020-03-08,57.968837
CHCM3VT X 2020-03-09,44.749570
CHCM3VT X 2020-03-10,34.358283
CHCM3VT X 2020-03-11,27.324066
CHCM3VT X 2020-03-12,68.656893
CHCM3VT X 2020-03-13,47.864961
CHCM3VT X 2020-03-14,33.472878
CHCM3VT X 2020-03-15,43.920678
CHCM3VT X 2020-03-16,47.264643
CHCM3VT X 2020-03-17,28.450213
CHCM3VT X 2020-03-18,41.326611
CHCM3VT X 2020-03-19,28.531130
CHCM3VT X 2020-03-20,50.192894
CHCM3VT X 2020-03-21,46.823664
CHCM3VT X 2020-03-22,43.583349
CHCM3VT X 2020-03-23,37.094376
CHCM3VT X 2020-03-24,37.332579
CHCM3VT X 2020-03-25,41.369430
CHCM3VT X 2020-03-26,43.341751
CHCM3VT X 2020-03-27,49.092238
CHCM3VT X 2020-03-28,27.830420
CHCM3VT X 2020-03-29,27.229710
CHCM3VT X 2020-03-30,24.608397
CHCM3VT X 2020-03-31,25.332021
CHCM3VT X 2020-04-01,29.195345
CHCM3VT X 2020-04-02,25.047054
CHCM3VT X 2020-04-03,33.130865
CHCM3VT X 2020-04-04,38.647369
CKQ783G X 2020-01-02,72.217824
CKQ783G X 2020-01-03,64.933456
CKQ783G X 2020-01-04,86.499294
CKQ783G X 2020-01-05,52.422483
CKQ783G X 2020-01-06,49.092902
CKQ783G X 2020-01-07,45.574687
CKQ783G X 2020-01-08,62.949955
CKQ783G X 2020-01-09,65.286817
CKQ783G X 2020-01-10,42.552061
CKQ783G X 2020-01-11,63.111374
CKQ783G X 2020-01-12,56.302208
CKQ783G X 2020-01-13,45.574029
CKQ783G X 2020-01-14,90.085376
CKQ783G X 2020-01-15,56.412934
CKQ783G X 2020-01-16,51.955317
CKQ783G X 2020-01-17,45.660698
CKQ783G X 2020-01-18,74.841371
CKQ783G X 2020-01-19,67.228066
CKQ783G X 2020-01-20,68.186922
CKQ783G X 2020-01-21,67.686062
CKQ783G X 2020-01-22,49.725563
CKQ783G X 2020-01-23,52.791296
CKQ783G X 2020-01-24,66.791952
CKQ783G X 2020-01-25,59.060444
CKQ783G X 2020-01-26,45.043619
CKQ783G X 2020-01-27,33.289087
CKQ783G X 2020-01-28,47.799526
CKQ783G X 2020-01-29,65.829413
CKQ783G X 2020-01-30,84.457179
CKQ783G X 2020-01-31,81.857397
CKQ783G X 2020-02-01,51.878078
CKQ783G X 2020-02-02,92.638725
CKQ783G X 2020-02-03,113.329132
CKQ783G X 2020-02-04,75.653579
CKQ783G X 2020-02-05,72.587156
CKQ783G X 2020-02-06,70.281885
CKQ783G X 2020-02-07,47.499049
CKQ783G X 2020-02-08,49.001834
CKQ783G X 2020-02-09,73.683709
CKQ783G X 2020-02-10,54.977101
CKQ783G X 2020-02-11,85.944364
CKQ783G X 2020-02-12,62.971803
CKQ783G X 2020-02-13,66.674048
CKQ783G X 2020-02-14,73.142922
CKQ783G X 2020-02-15,67.027089
CKQ783G X 2020-02-16,40.187197
CKQ783G X 2020-02-17,39.240960
CKQ783G X 2020-02-18,54.333611
CKQ783G X 2020-02-19,65.931312
CKQ783G X 2020-02-20,72.754803
CKQ783G X 2020-02-21,74.501495
CKQ783G X 2020-02-22,34.618214
CKQ783G X 2020-02-23,51.410802
CKQ783G X 2020-02-24,42.046896
CKQ783G X 2020-02-25,56.234320
CKQ783G X 2020-02-26,45.907865
CKQ783G X 2020-02-27,44.729120
CKQ783G X 2020-02-28,48.073143
CKQ783G X 2020-02-29,59.485189
CKQ783G X 2020-03-01,93.583448
CKQ783G X 2020-03-02,60.267627
CKQ783G X 2020-03-03,60.379183
CKQ783G X 2020-03-04,60.932726
CKQ783G X 2020-03-05,53.035709
CKQ783G X 2020-03-06,82.281181
CKQ783G X 2020-03-07,76.850802
CKQ783G X 2020-03-08,74.551381
CKQ783G X 2020-03-09,70.488004
CKQ783G X 2020-03-10,49.773173
CKQ783G X 2020-03-11,31.351040
CKQ783G X 2020-03-12,57.664421
CKQ783G X 2020-03-13,72.455067
CKQ783G X 2020-03-14,52.120944
CKQ783G X 2020-03-15,57.616937
CKQ783G X 2020-03-16,47.276776
CKQ783G X 2020-03-17,59.292131
CKQ783G X 2020-03-18,67.636152
CKQ783G X 2020-03-19,53.723980
CKQ783G X 2020-03-20,37.715714
CKQ783G X 2020-03-21,70.514802
CKQ783G X 2020-03-22,75.028462
CKQ783G X 2020-03-23,79.189656
CKQ783G X 2020-03-24,85.505651
CKQ783G X 2020-03-25,60.915085
CKQ783G X 2020-03-26,52.870353
CKQ783G X 2020-03-27,54.644612
CKQ783G X 2020-03-28,58.195955
CKQ783G X 2020-03-29,65.452548
CKQ783G X 2020-03-30,57.037651
CKQ783G X 2020-03-31,52.711221
CKQ783G X 2020-04-01,54.198733
CKQ783G X 2020-04-02,83.513542
CKQ783G X 2020-04-03,58.420495
CKQ783G X 2020-04-04,79.824219
CL8PXBG X 2020-01-02,92.793191
CL8PXBG X 2020-01-03,93.032980
CL8PXBG X 2020-01-04,102.379604
CL8PXBG X 2020-01-05,106.746573
CL8PXBG X 2020-01-06,56.382286
CL8PXBG X 2020-01-07,81.381545
CL8PXBG X 2020-01-08,73.153090
CL8PXBG X 2020-01-09,98.164239
CL8PXBG X 2020-01-10,61.797383
CL8PXBG X 2020-01-11,54.923745
CL8PXBG X 2020-01-12,68.171306
CL8PXBG X 2020-01-13,43.369625
CL8PXBG X 2020-01-14,49.074148
CL8PXBG X 2020-01-15,55.252148
CL8PXBG X 2020-01-16,87.812179
CL8PXBG X 2020-01-17,67.152452
CL8PXBG X 2020-01-18,80.175552
CL8PXBG X 2020-01-19,93.101719
CL8PXBG X 2020-01-20,82.304931
CL8PXBG X 2020-01-21,90.861721
CL8PXBG X 2020-01-22,96.501093
CL8PXBG X 2020-01-23,78.360198
CL8PXBG X 2020-01-24,52.699537
CL8PXBG X 2020-01-25,77.467288
CL8PXBG X 2020-01-26,84.748556
CL8PXBG X 2020-01-27,63.232022
CL8PXBG X 2020-01-28,81.218709
CL8PXBG X 2020-01-29,72.245763
CL8PXBG X 2020-01-30,86.007267
CL8PXBG X 2020-01-31,89.770090
CL8PXBG X 2020-02-01,83.978292
CL8PXBG X 2020-02-02,125.137075
CL8PXBG X 2020-02-03,86.157096
CL8PXBG X 2020-02-04,84.920212
CL8PXBG X 2020-02-05,93.352045
CL8PXBG X 2020-02-06,112.458550
CL8PXBG X 2020-02-07,101.729624
CL8PXBG X 2020-02-08,77.933142
CL8PXBG X 2020-02-09,94.119782
CL8PXBG X 2020-02-10,85.610020
CL8PXBG X 2020-02-11,82.992300
CL8PXBG X 2020-02-12,80.041784
CL8PXBG X 2020-02-13,109.210595
CL8PXBG X 2020-02-14,77.884252
CL8PXBG X 2020-02-15,102.753558
CL8PXBG X 2020-02-16,98.580839
CL8PXBG X 2020-02-17,109.428336
CL8PXBG X 2020-02-18,94.156583
CL8PXBG X 2020-02-19,117.482388
CL8PXBG X 2020-02-20,102.410087
CL8PXBG X 2020-02-21,106.204871
CL8PXBG X 2020-02-22,98.113251
CL8PXBG X 2020-02-23,102.146542
CL8PXBG X 2020-02-24,91.279290
CL8PXBG X 2020-02-25,93.366763
CL8PXBG X 2020-02-26,94.835419
CL8PXBG X 2020-02-27,110.112405
CL8PXBG X 2020-02-28,96.259810
CL8PXBG X 2020-02-29,104.473982
CL8PXBG X 2020-03-01,129.372782
CL8PXBG X 2020-03-02,150.955004
CL8PXBG X 2020-03-03,91.054873
CL8PXBG X 2020-03-04,103.620778
CL8PXBG X 2020-03-05,151.111410
CL8PXBG X 2020-03-06,137.405033
CL8PXBG X 2020-03-07,87.895059
CL8PXBG X 2020-03-08,93.187813
CL8PXBG X 2020-03-09,108.974156
CL8PXBG X 2020-03-10,94.079960
CL8PXBG X 2020-03-11,81.014897
CL8PXBG X 2020-03-12,123.667160
CL8PXBG X 2020-03-13,106.412659
CL8PXBG X 2020-03-14,75.098794
CL8PXBG X 2020-03-15,85.201533
CL8PXBG X 2020-03-16,93.790913
CL8PXBG X 2020-03-17,78.183944
CL8PXBG X 2020-03-18,84.026776
CL8PXBG X 2020-03-19,89.309091
CL8PXBG X 2020-03-20,111.884833
CL8PXBG X 2020-03-21,100.158358
CL8PXBG X 2020-03-22,77.583224
CL8PXBG X 2020-03-23,81.541737
CL8PXBG X 2020-03-24,59.734619
CL8PXBG X 2020-03-25,78.002091
CL8PXBG X 2020-03-26,105.555377
CL8PXBG X 2020-03-27,89.179114
CL8PXBG X 2020-03-28,76.789381
CL8PXBG X 2020-03-29,79.342544
CL8PXBG X 2020-03-30,76.167694
CL8PXBG X 2020-03-31,80.584775
CL8PXBG X 2020-04-01,72.464106
CL8PXBG X 2020-04-02,73.889987
CL8PXBG X 2020-04-03,64.673336
CL8PXBG X 2020-04-04,87.720267
CMTJVSQ X 2020-01-05,23.391932
CMTJVSQ X 2020-01-06,24.600447
CMTJVSQ X 2020-01-07,28.708762
CMTJVSQ X 2020-01-08,25.105616
CMTJVSQ X 2020-01-09,26.390799
CMTJVSQ X 2020-01-10,26.166142
CMTJVSQ X 2020-01-11,29.700315
CMTJVSQ X 2020-01-12,30.704091
CMTJVSQ X 2020-01-13,36.153827
CMTJVSQ X 2020-01-14,27.584072
CMTJVSQ X 2020-01-15,26.163016
CMTJVSQ X 2020-01-16,28.172583
CMTJVSQ X 2020-01-17,30.077536
CMTJVSQ X 2020-01-18,29.040201
CMTJVSQ X 2020-01-19,30.677099
CMTJVSQ X 2020-01-20,27.067469
CMTJVSQ X 2020-01-21,28.487149
CMTJVSQ X 2020-01-22,26.562341
CMTJVSQ X 2020-01-23,28.155516
CMTJVSQ X 2020-01-24,31.253958
CMTJVSQ X 2020-01-25,29.832272
CMTJVSQ X 2020-01-26,23.450736
CMTJVSQ X 2020-01-27,27.133152
CMTJVSQ X 2020-01-28,34.702430
CMTJVSQ X 2020-01-29,36.990095
CMTJVSQ X 2020-01-30,23.969735
CMTJVSQ X 2020-01-31,29.240773
CMTJVSQ X 2020-02-01,26.381930
CMTJVSQ X 2020-02-02,26.528487
CMTJVSQ X 2020-02-04,32.593424
CMTJVSQ X 2020-02-05,36.412919
CMTJVSQ X 2020-02-06,22.754889
CMTJVSQ X 2020-02-07,29.026031
CMTJVSQ X 2020-02-08,25.109872
CMTJVSQ X 2020-02-09,24.389808
CMTJVSQ X 2020-02-11,26.369933
CMTJVSQ X 2020-02-12,30.711183
CMTJVSQ X 2020-02-13,29.620077
CMTJVSQ X 2020-02-18,24.345180
CMTJVSQ X 2020-02-19,26.924722
CMTJVSQ X 2020-02-20,30.395931
CMTJVSQ X 2020-02-21,26.574245
CMTJVSQ X 2020-02-22,23.154851
CMTJVSQ X 2020-02-23,21.145396
CMTJVSQ X 2020-02-24,40.325131
CMTJVSQ X 2020-03-02,24.246175
CMTJVSQ X 2020-03-03,27.050620
CMTJVSQ X 2020-03-04,32.376114
CMTJVSQ X 2020-03-05,29.283841
CMTJVSQ X 2020-03-10,27.073970
CMTJVSQ X 2020-03-11,26.376140
CMTJVSQ X 2020-03-12,24.142208
CMTJVSQ X 2020-03-13,27.314409
CMTJVSQ X 2020-03-14,30.510497
CMTJVSQ X 2020-03-15,20.425389
CMTJVSQ X 2020-03-16,22.374628
CMTJVSQ X 2020-03-17,26.507508
CMTJVSQ X 2020-03-18,29.369610
CMTJVSQ X 2020-03-19,24.866887
CMTJVSQ X 2020-03-20,25.920112
CMTJVSQ X 2020-03-21,28.500598
CMTJVSQ X 2020-03-22,23.973171
CMTJVSQ X 2020-03-23,22.545568
CMTJVSQ X 2020-03-24,23.007084
CMTJVSQ X 2020-03-25,31.896764
CMTJVSQ X 2020-03-26,23.816029
CMTJVSQ X 2020-03-27,24.384320
CMTJVSQ X 2020-03-28,25.362749
CMTJVSQ X 2020-03-29,25.165287
CMTJVSQ X 2020-03-30,29.443518
CMTJVSQ X 2020-03-31,19.719487
CMTJVSQ X 2020-04-01,20.662918
CMTJVSQ X 2020-04-02,27.049833
CMTJVSQ X 2020-04-03,23.276579
CMTJVSQ X 2020-04-04,21.948141
COX6J51 X 2020-01-02,35.482132
COX6J51 X 2020-01-03,31.781321
COX6J51 X 2020-01-04,95.833825
COX6J51 X 2020-01-05,67.404583
COX6J51 X 2020-01-06,28.156865
COX6J51 X 2020-01-07,32.255718
COX6J51 X 2020-01-08,35.690526
COX6J51 X 2020-01-09,29.464044
COX6J51 X 2020-01-10,81.118700
COX6J51 X 2020-01-11,74.223429
COX6J51 X 2020-01-12,91.203767
COX6J51 X 2020-01-13,50.277722
COX6J51 X 2020-01-14,89.063747
COX6J51 X 2020-01-15,90.125427
COX6J51 X 2020-01-16,57.402365
COX6J51 X 2020-01-17,33.622126
COX6J51 X 2020-01-18,35.853587
COX6J51 X 2020-01-19,39.814757
COX6J51 X 2020-01-20,57.557832
COX6J51 X 2020-01-21,39.843930
COX6J51 X 2020-01-22,99.401536
COX6J51 X 2020-01-23,80.721698
COX6J51 X 2020-01-24,92.151808
COX6J51 X 2020-01-25,96.511475
COX6J51 X 2020-01-26,70.409216
COX6J51 X 2020-01-27,64.170075
COX6J51 X 2020-01-28,49.948897
COX6J51 X 2020-01-29,42.700893
COX6J51 X 2020-01-30,54.074325
COX6J51 X 2020-01-31,80.094729
COX6J51 X 2020-02-01,63.092742
COX6J51 X 2020-02-02,84.321417
COX6J51 X 2020-02-03,52.888532
COX6J51 X 2020-02-04,52.735775
COX6J51 X 2020-02-05,38.470829
COX6J51 X 2020-02-06,33.820647
COX6J51 X 2020-02-07,42.202532
COX6J51 X 2020-02-08,37.652884
COX6J51 X 2020-02-09,72.547934
COX6J51 X 2020-02-10,90.260324
COX6J51 X 2020-02-11,58.544206
COX6J51 X 2020-02-12,58.792526
COX6J51 X 2020-02-13,69.055472
COX6J51 X 2020-02-14,73.890352
COX6J51 X 2020-02-15,60.153476
COX6J51 X 2020-02-16,37.019410
COX6J51 X 2020-02-17,43.095401
COX6J51 X 2020-02-18,86.529079
COX6J51 X 2020-02-19,90.966595
COX6J51 X 2020-02-20,58.330680
COX6J51 X 2020-02-21,34.923283
COX6J51 X 2020-02-22,31.336122
COX6J51 X 2020-02-23,40.203313
COX6J51 X 2020-02-24,89.704817
COX6J51 X 2020-02-25,54.363854
COX6J51 X 2020-02-26,47.138183
COX6J51 X 2020-02-27,41.481320
COX6J51 X 2020-02-28,45.047095
COX6J51 X 2020-02-29,33.672690
COX6J51 X 2020-03-01,69.481188
COX6J51 X 2020-03-02,57.741728
COX6J51 X 2020-03-03,56.457140
COX6J51 X 2020-03-04,57.420742
COX6J51 X 2020-03-05,59.640295
COX6J51 X 2020-03-06,58.426175
COX6J51 X 2020-03-07,55.293925
COX6J51 X 2020-03-08,60.341077
COX6J51 X 2020-03-09,76.966849
COX6J51 X 2020-03-10,60.510851
COX6J51 X 2020-03-11,51.924099
COX6J51 X 2020-03-12,60.154078
COX6J51 X 2020-03-13,61.872775
COX6J51 X 2020-03-14,60.152180
COX6J51 X 2020-03-15,58.163040
COX6J51 X 2020-03-16,36.349559
COX6J51 X 2020-03-17,42.392325
COX6J51 X 2020-03-18,53.879249
COX6J51 X 2020-03-19,43.394183
COX6J51 X 2020-03-20,54.762498
COX6J51 X 2020-03-21,62.143099
COX6J51 X 2020-03-22,74.864119
COX6J51 X 2020-03-23,54.918500
COX6J51 X 2020-03-24,52.835897
COX6J51 X 2020-03-25,37.092433
COX6J51 X 2020-03-26,39.681675
COX6J51 X 2020-03-27,52.205496
COX6J51 X 2020-03-28,43.772884
COX6J51 X 2020-03-29,56.024056
COX6J51 X 2020-03-30,66.123800
COX6J51 X 2020-03-31,65.544377
COX6J51 X 2020-04-01,31.557704
COX6J51 X 2020-04-02,60.528298
COX6J51 X 2020-04-03,54.198094
COX6J51 X 2020-04-04,72.232783
CUA4E5W X 2020-01-03,133.276320
CUA4E5W X 2020-01-04,160.480582
CUA4E5W X 2020-01-05,155.166934
CUA4E5W X 2020-01-06,124.134905
CUA4E5W X 2020-01-07,70.137063
CUA4E5W X 2020-01-08,74.676557
CUA4E5W X 2020-01-09,102.940175
CUA4E5W X 2020-01-10,84.256175
CUA4E5W X 2020-01-11,146.085054
CUA4E5W X 2020-01-12,142.393127
CUA4E5W X 2020-01-13,110.104765
CUA4E5W X 2020-01-14,149.387956
CUA4E5W X 2020-01-15,102.817897
CUA4E5W X 2020-01-16,40.915175
CUA4E5W X 2020-01-17,75.661401
CUA4E5W X 2020-01-18,95.196225
CUA4E5W X 2020-01-19,82.275317
CUA4E5W X 2020-01-20,109.559016
CUA4E5W X 2020-01-21,80.387452
CUA4E5W X 2020-01-22,105.077123
CUA4E5W X 2020-01-23,124.606190
CUA4E5W X 2020-01-24,134.024457
CUA4E5W X 2020-01-25,139.294323
CUA4E5W X 2020-01-26,111.802095
CUA4E5W X 2020-01-27,56.186796
CUA4E5W X 2020-01-28,51.017001
CUA4E5W X 2020-01-29,88.168738
CUA4E5W X 2020-01-30,104.392521
CUA4E5W X 2020-01-31,71.230693
CUA4E5W X 2020-02-01,97.522960
CUA4E5W X 2020-02-02,98.265013
CUA4E5W X 2020-02-03,150.098841
CUA4E5W X 2020-02-04,114.705329
CUA4E5W X 2020-02-05,104.794906
CUA4E5W X 2020-02-06,120.560839
CUA4E5W X 2020-02-07,110.883512
CUA4E5W X 2020-02-08,134.580382
CUA4E5W X 2020-02-09,151.200659
CUA4E5W X 2020-02-10,125.406351
CUA4E5W X 2020-02-11,146.228934
CUA4E5W X 2020-02-12,133.475222
CUA4E5W X 2020-02-13,106.100668
CUA4E5W X 2020-02-14,101.499730
CUA4E5W X 2020-02-15,143.413524
CUA4E5W X 2020-02-16,161.241512
CUA4E5W X 2020-02-17,113.081119
CUA4E5W X 2020-02-18,71.778551
CUA4E5W X 2020-02-19,136.889623
CUA4E5W X 2020-02-20,124.785480
CUA4E5W X 2020-02-21,95.272333
CUA4E5W X 2020-02-22,112.352250
CUA4E5W X 2020-02-23,137.442758
CUA4E5W X 2020-02-24,127.407782
CUA4E5W X 2020-02-25,148.995847
CUA4E5W X 2020-02-26,144.671673
CUA4E5W X 2020-02-27,101.221496
CUA4E5W X 2020-02-28,59.510040
CUA4E5W X 2020-02-29,78.595523
CUA4E5W X 2020-03-01,111.515603
CUA4E5W X 2020-03-02,117.732902
CUA4E5W X 2020-03-03,116.095228
CUA4E5W X 2020-03-04,154.178366
CUA4E5W X 2020-03-05,55.069845
CUA4E5W X 2020-03-06,79.001569
CUA4E5W X 2020-03-07,92.784516
CUA4E5W X 2020-03-08,100.044310
CUA4E5W X 2020-03-09,48.384409
CUA4E5W X 2020-03-10,125.906619
CUA4E5W X 2020-03-11,91.301847
CUA4E5W X 2020-03-12,63.512681
CUA4E5W X 2020-03-13,95.773854
CUA4E5W X 2020-03-14,70.019697
CUA4E5W X 2020-03-15,119.592657
CUA4E5W X 2020-03-16,104.448845
CUA4E5W X 2020-03-17,130.981198
CUA4E5W X 2020-03-18,99.553607
CUA4E5W X 2020-03-19,95.628587
CUA4E5W X 2020-03-20,106.527406
CUA4E5W X 2020-03-21,115.078238
CUA4E5W X 2020-03-22,116.783508
CUA4E5W X 2020-03-23,142.062728
CUA4E5W X 2020-03-24,114.657230
CUA4E5W X 2020-03-25,56.669310
CUA4E5W X 2020-03-26,79.701427
CUA4E5W X 2020-03-27,80.298401
CUA4E5W X 2020-03-28,73.274403
CUA4E5W X 2020-03-29,60.914530
CUA4E5W X 2020-03-30,54.977361
CUA4E5W X 2020-03-31,69.272361
CUA4E5W X 2020-04-01,85.737536
CUA4E5W X 2020-04-02,76.861507
CUA4E5W X 2020-04-03,72.663385
CUA4E5W X 2020-04-04,75.004016
D204H3S X 2020-01-02,41.703546
D204H3S X 2020-01-03,83.070655
D204H3S X 2020-01-05,38.029597
D204H3S X 2020-01-06,55.519174
D204H3S X 2020-01-07,76.804917
D204H3S X 2020-01-08,45.588944
D204H3S X 2020-01-09,70.045885
D204H3S X 2020-01-10,92.253949
D204H3S X 2020-01-11,73.219284
D204H3S X 2020-01-12,30.117180
D204H3S X 2020-01-13,43.982061
D204H3S X 2020-01-14,68.188341
D204H3S X 2020-01-15,96.274173
D204H3S X 2020-01-16,107.325995
D204H3S X 2020-01-17,40.607575
D204H3S X 2020-01-18,86.375262
D204H3S X 2020-01-19,35.544999
D204H3S X 2020-01-20,34.633472
D204H3S X 2020-01-21,34.698083
D204H3S X 2020-01-22,81.538332
D204H3S X 2020-01-23,37.958008
D204H3S X 2020-01-24,69.723787
D204H3S X 2020-01-25,113.853485
D204H3S X 2020-01-26,102.595069
D204H3S X 2020-01-27,92.241302
D204H3S X 2020-01-28,34.848341
D204H3S X 2020-01-29,61.029642
D204H3S X 2020-01-30,56.974968
D204H3S X 2020-01-31,62.565618
D204H3S X 2020-02-01,107.144000
D204H3S X 2020-02-02,54.031716
D204H3S X 2020-02-03,40.698497
D204H3S X 2020-02-04,48.234790
D204H3S X 2020-02-05,36.049714
D204H3S X 2020-02-06,31.285045
D204H3S X 2020-02-07,72.114304
D204H3S X 2020-02-08,41.419702
D204H3S X 2020-02-09,78.658331
D204H3S X 2020-02-10,27.227952
D204H3S X 2020-02-11,33.097022
D204H3S X 2020-02-12,29.471988
D204H3S X 2020-02-13,47.101341
D204H3S X 2020-02-14,33.804237
D204H3S X 2020-02-15,51.038549
D204H3S X 2020-02-16,67.835410
D204H3S X 2020-02-17,70.341507
D204H3S X 2020-02-18,58.379963
D204H3S X 2020-02-19,29.532483
D204H3S X 2020-02-20,35.822617
D204H3S X 2020-02-21,94.518321
D204H3S X 2020-02-26,32.278919
D204H3S X 2020-02-27,41.232806
D204H3S X 2020-02-28,23.467881
D204H3S X 2020-02-29,61.088083
D204H3S X 2020-03-01,28.370432
D204H3S X 2020-03-02,27.367771
D204H3S X 2020-03-03,22.080635
D204H3S X 2020-03-04,26.307642
D204H3S X 2020-03-05,37.659601
D204H3S X 2020-03-06,30.062741
D204H3S X 2020-03-07,49.025628
D204H3S X 2020-03-08,35.782971
D204H3S X 2020-03-09,54.997091
D204H3S X 2020-03-10,35.271680
D204H3S X 2020-03-11,63.435844
D204H3S X 2020-03-12,58.421451
D204H3S X 2020-03-13,63.040139
D204H3S X 2020-03-14,29.481952
D204H3S X 2020-03-15,27.318238
D204H3S X 2020-03-16,34.300275
D204H3S X 2020-03-17,61.120873
D204H3S X 2020-03-18,41.209325
D204H3S X 2020-03-19,39.684960
D204H3S X 2020-03-20,66.998336
D204H3S X 2020-03-21,66.216450
D204H3S X 2020-03-22,25.328501
D204H3S X 2020-03-23,33.697974
D204H3S X 2020-03-24,32.673648
D204H3S X 2020-03-25,33.696177
D204H3S X 2020-03-26,38.396836
D204H3S X 2020-03-27,35.277524
D204H3S X 2020-03-28,40.124263
D204H3S X 2020-03-29,50.582754
D204H3S X 2020-03-30,33.298053
D204H3S X 2020-03-31,32.073972
D204H3S X 2020-04-01,31.910385
D204H3S X 2020-04-02,44.902448
D204H3S X 2020-04-03,65.595894
D204H3S X 2020-04-04,39.490052
D225A7N X 2020-01-02,102.511757
D225A7N X 2020-01-03,58.883116
D225A7N X 2020-01-04,70.420266
D225A7N X 2020-01-05,49.064745
D225A7N X 2020-01-06,91.040549
D225A7N X 2020-01-07,81.172359
D225A7N X 2020-01-08,97.733510
D225A7N X 2020-01-09,63.280995
D225A7N X 2020-01-10,40.006825
D225A7N X 2020-01-11,62.118361
D225A7N X 2020-01-12,87.156675
D225A7N X 2020-01-13,85.050098
D225A7N X 2020-01-14,52.065372
D225A7N X 2020-01-15,42.877971
D225A7N X 2020-01-16,70.494368
D225A7N X 2020-01-17,40.173394
D225A7N X 2020-01-18,49.590865
D225A7N X 2020-01-19,70.548726
D225A7N X 2020-01-20,43.041980
D225A7N X 2020-01-21,87.742224
D225A7N X 2020-01-22,120.059817
D225A7N X 2020-01-23,125.963501
D225A7N X 2020-01-24,98.284365
D225A7N X 2020-01-25,92.182516
D225A7N X 2020-01-26,61.480917
D225A7N X 2020-01-27,64.846414
D225A7N X 2020-01-28,33.260570
D225A7N X 2020-01-29,37.319940
D225A7N X 2020-01-30,64.591669
D225A7N X 2020-01-31,37.576390
D225A7N X 2020-02-01,46.148141
D225A7N X 2020-02-02,39.318033
D225A7N X 2020-02-03,40.080620
D225A7N X 2020-02-04,27.381415
D225A7N X 2020-02-05,27.583360
D225A7N X 2020-02-06,83.777187
D225A7N X 2020-02-07,84.700770
D225A7N X 2020-02-08,74.178040
D225A7N X 2020-02-09,52.480815
D225A7N X 2020-02-10,29.465709
D225A7N X 2020-02-11,37.662010
D225A7N X 2020-02-12,70.576262
D225A7N X 2020-02-13,49.570316
D225A7N X 2020-02-14,33.857716
D225A7N X 2020-02-15,89.918196
D225A7N X 2020-02-16,42.767538
D225A7N X 2020-02-17,28.367426
D225A7N X 2020-02-18,47.893872
D225A7N X 2020-02-19,69.758656
D225A7N X 2020-02-20,69.046030
D225A7N X 2020-02-21,46.549026
D225A7N X 2020-02-22,66.123742
D225A7N X 2020-02-23,58.482806
D225A7N X 2020-02-24,65.949987
D225A7N X 2020-02-25,35.050409
D225A7N X 2020-02-26,22.698925
D225A7N X 2020-02-27,69.388724
D225A7N X 2020-02-28,51.400394
D225A7N X 2020-02-29,49.204794
D225A7N X 2020-03-01,31.047687
D225A7N X 2020-03-02,31.511698
D225A7N X 2020-03-03,28.911278
D225A7N X 2020-03-04,46.045769
D225A7N X 2020-03-05,51.795181
D225A7N X 2020-03-06,29.159746
D225A7N X 2020-03-07,45.648094
D225A7N X 2020-03-08,76.603151
D225A7N X 2020-03-09,36.563780
D225A7N X 2020-03-10,66.006528
D225A7N X 2020-03-11,48.912525
D225A7N X 2020-03-12,67.708698
D225A7N X 2020-03-13,40.657980
D225A7N X 2020-03-14,68.077384
D225A7N X 2020-03-15,68.670875
D225A7N X 2020-03-16,49.577792
D225A7N X 2020-03-17,73.916548
D225A7N X 2020-03-18,60.813708
D225A7N X 2020-03-19,55.749278
D225A7N X 2020-03-20,55.904233
D225A7N X 2020-03-21,57.579611
D225A7N X 2020-03-22,65.184747
D225A7N X 2020-03-23,53.064025
D225A7N X 2020-03-24,61.766015
D225A7N X 2020-03-25,54.730950
D225A7N X 2020-03-26,58.330477
D225A7N X 2020-03-27,66.760587
D225A7N X 2020-03-28,64.496754
D225A7N X 2020-03-29,53.552013
D225A7N X 2020-03-30,38.271681
D225A7N X 2020-03-31,59.150025
D225A7N X 2020-04-01,57.474471
D225A7N X 2020-04-02,60.399529
D225A7N X 2020-04-03,77.760115
D225A7N X 2020-04-04,72.190829
DES3SOP X 2020-03-09,76.026619
DES3SOP X 2020-03-10,68.933213
DES3SOP X 2020-03-11,53.948731
DES3SOP X 2020-03-12,64.259440
DES3SOP X 2020-03-13,72.411378
DES3SOP X 2020-03-14,63.573389
DES3SOP X 2020-03-15,76.351381
DES3SOP X 2020-03-16,67.236929
DES3SOP X 2020-03-17,64.988385
DES3SOP X 2020-03-18,64.290655
DES3SOP X 2020-03-19,67.077668
DES3SOP X 2020-03-20,62.901968
DES3SOP X 2020-03-21,75.119726
DES3SOP X 2020-03-22,64.896880
DES3SOP X 2020-03-23,58.923214
DES3SOP X 2020-03-24,57.557534
DES3SOP X 2020-03-25,71.256599
DES3SOP X 2020-03-26,63.912794
DES3SOP X 2020-03-27,67.773599
DES3SOP X 2020-03-28,59.900310
DES3SOP X 2020-03-29,74.369291
DES3SOP X 2020-03-30,60.888331
DES3SOP X 2020-03-31,26.834513
DES3SOP X 2020-04-01,71.078761
DES3SOP X 2020-04-02,63.336713
DES3SOP X 2020-04-03,66.718304
DF5ZLRW X 2020-01-02,60.269152
DF5ZLRW X 2020-01-03,45.786853
DF5ZLRW X 2020-01-04,62.318454
DF5ZLRW X 2020-01-05,91.265529
DF5ZLRW X 2020-01-06,53.219796
DF5ZLRW X 2020-01-07,81.637698
DF5ZLRW X 2020-01-08,66.012620
DF5ZLRW X 2020-01-09,61.110991
DF5ZLRW X 2020-01-10,92.690937
DF5ZLRW X 2020-01-11,85.308966
DF5ZLRW X 2020-01-12,68.794881
DF5ZLRW X 2020-01-13,58.314425
DF5ZLRW X 2020-01-14,105.039124
DF5ZLRW X 2020-01-15,96.322541
DF5ZLRW X 2020-01-16,113.491847
DF5ZLRW X 2020-01-17,89.329498
DF5ZLRW X 2020-01-18,100.954091
DF5ZLRW X 2020-01-19,94.419448
DF5ZLRW X 2020-01-20,92.908997
DF5ZLRW X 2020-01-21,94.793993
DF5ZLRW X 2020-01-22,81.344615
DF5ZLRW X 2020-01-23,85.478214
DF5ZLRW X 2020-01-24,50.793671
DF5ZLRW X 2020-01-25,96.516023
DF5ZLRW X 2020-01-26,73.364546
DF5ZLRW X 2020-01-27,82.145306
DF5ZLRW X 2020-01-28,89.376163
DF5ZLRW X 2020-01-29,72.013060
DF5ZLRW X 2020-01-30,81.369367
DF5ZLRW X 2020-01-31,80.915356
DF5ZLRW X 2020-02-01,65.307683
DF5ZLRW X 2020-02-02,80.092267
DF5ZLRW X 2020-02-03,71.708896
DF5ZLRW X 2020-02-04,50.711221
DF5ZLRW X 2020-02-05,69.247887
DF5ZLRW X 2020-02-06,58.420292
DF5ZLRW X 2020-02-07,56.438418
DF5ZLRW X 2020-02-08,66.837269
DF5ZLRW X 2020-02-09,64.225750
DF5ZLRW X 2020-02-10,40.601813
DF5ZLRW X 2020-02-11,30.084679
DF5ZLRW X 2020-02-12,47.814110
DF5ZLRW X 2020-02-13,41.990078
DF5ZLRW X 2020-02-14,47.025386
DF5ZLRW X 2020-02-15,61.539627
DF5ZLRW X 2020-02-16,53.711165
DF5ZLRW X 2020-02-17,84.271269
DF5ZLRW X 2020-02-18,65.652707
DF5ZLRW X 2020-02-19,70.445931
DF5ZLRW X 2020-02-20,66.560294
DF5ZLRW X 2020-02-21,68.046019
DF5ZLRW X 2020-02-22,43.491636
DF5ZLRW X 2020-02-23,53.227083
DF5ZLRW X 2020-02-24,51.560223
DF5ZLRW X 2020-02-25,56.035976
DF5ZLRW X 2020-02-26,58.026730
DF5ZLRW X 2020-02-27,51.368966
DF5ZLRW X 2020-02-28,62.009048
DF5ZLRW X 2020-02-29,87.558767
DF5ZLRW X 2020-03-01,68.838616
DF5ZLRW X 2020-03-02,65.435933
DF5ZLRW X 2020-03-03,62.924235
DF5ZLRW X 2020-03-04,67.049192
DF5ZLRW X 2020-03-05,59.839610
DF5ZLRW X 2020-03-06,63.408866
DF5ZLRW X 2020-03-07,56.985938
DF5ZLRW X 2020-03-08,55.313016
DF5ZLRW X 2020-03-09,67.450836
DF5ZLRW X 2020-03-10,65.866079
DF5ZLRW X 2020-03-11,67.747940
DF5ZLRW X 2020-03-12,59.096050
DF5ZLRW X 2020-03-13,80.920075
DF5ZLRW X 2020-03-14,66.062630
DF5ZLRW X 2020-03-15,41.418597
DF5ZLRW X 2020-03-16,68.868074
DF5ZLRW X 2020-03-17,64.487237
DF5ZLRW X 2020-03-18,59.940352
DF5ZLRW X 2020-03-19,65.834371
DF5ZLRW X 2020-03-20,63.237411
DF5ZLRW X 2020-03-21,59.849885
DF5ZLRW X 2020-03-22,47.875807
DF5ZLRW X 2020-03-23,58.728385
DF5ZLRW X 2020-03-24,57.190311
DF5ZLRW X 2020-03-25,54.524054
DF5ZLRW X 2020-03-26,54.869294
DF5ZLRW X 2020-03-27,61.307977
DF5ZLRW X 2020-03-28,66.010187
DF5ZLRW X 2020-03-29,54.304179
DF5ZLRW X 2020-03-30,40.478608
DF5ZLRW X 2020-03-31,48.902183
DF5ZLRW X 2020-04-01,47.363680
DF5ZLRW X 2020-04-02,61.257565
DF5ZLRW X 2020-04-03,68.253439
DF5ZLRW X 2020-04-04,63.082169
DK41FJZ X 2020-01-02,104.854093
DK41FJZ X 2020-01-03,124.219440
DK41FJZ X 2020-01-04,100.226325
DK41FJZ X 2020-01-05,99.535726
DK41FJZ X 2020-01-06,89.942815
DK41FJZ X 2020-01-07,93.386381
DK41FJZ X 2020-01-08,96.514734
DK41FJZ X 2020-01-09,107.942230
DK41FJZ X 2020-01-10,110.958413
DK41FJZ X 2020-01-11,127.852065
DK41FJZ X 2020-01-12,86.846369
DK41FJZ X 2020-01-13,90.881608
DK41FJZ X 2020-01-14,110.296171
DK41FJZ X 2020-01-15,108.721305
DK41FJZ X 2020-01-16,118.454122
DK41FJZ X 2020-01-17,79.950272
DK41FJZ X 2020-01-18,101.555905
DK41FJZ X 2020-01-19,55.630823
DK41FJZ X 2020-01-20,87.598561
DK41FJZ X 2020-01-21,71.679340
DK41FJZ X 2020-01-22,80.809017
DK41FJZ X 2020-01-23,125.544828
DK41FJZ X 2020-01-24,126.499291
DK41FJZ X 2020-01-25,128.870663
DK41FJZ X 2020-01-26,118.222481
DK41FJZ X 2020-01-27,92.914745
DK41FJZ X 2020-01-28,66.366468
DK41FJZ X 2020-01-29,44.498748
DK41FJZ X 2020-01-30,83.522123
DK41FJZ X 2020-01-31,92.193851
DK41FJZ X 2020-02-01,101.848222
DK41FJZ X 2020-02-02,76.291865
DK41FJZ X 2020-02-03,57.510169
DK41FJZ X 2020-02-04,73.657528
DK41FJZ X 2020-02-05,37.264228
DK41FJZ X 2020-02-06,83.674488
DK41FJZ X 2020-02-07,83.708484
DK41FJZ X 2020-02-08,112.365677
DK41FJZ X 2020-02-09,82.890136
DK41FJZ X 2020-02-10,106.635246
DK41FJZ X 2020-02-11,46.177331
DK41FJZ X 2020-02-12,37.192595
DK41FJZ X 2020-02-13,71.536226
DK41FJZ X 2020-02-14,44.095653
DK41FJZ X 2020-02-15,91.054341
DK41FJZ X 2020-02-16,78.402453
DK41FJZ X 2020-02-17,60.038888
DK41FJZ X 2020-02-18,67.951571
DK41FJZ X 2020-02-19,68.846252
DK41FJZ X 2020-02-20,76.218460
DK41FJZ X 2020-02-21,59.233356
DK41FJZ X 2020-02-22,83.217928
DK41FJZ X 2020-02-23,55.492410
DK41FJZ X 2020-02-24,53.878112
DK41FJZ X 2020-02-25,75.227981
DK41FJZ X 2020-02-26,85.346823
DK41FJZ X 2020-02-27,25.325780
DK41FJZ X 2020-02-28,35.302222
DK41FJZ X 2020-02-29,59.577397
DK41FJZ X 2020-03-01,59.867540
DK41FJZ X 2020-03-02,56.013349
DK41FJZ X 2020-03-03,66.686830
DK41FJZ X 2020-03-04,45.463127
DK41FJZ X 2020-03-05,54.609175
DK41FJZ X 2020-03-06,57.544676
DK41FJZ X 2020-03-07,55.578475
DK41FJZ X 2020-03-08,60.577898
DK41FJZ X 2020-03-09,56.351992
DK41FJZ X 2020-03-10,55.886425
DK41FJZ X 2020-03-11,58.046997
DK41FJZ X 2020-03-12,66.617206
DK41FJZ X 2020-03-13,60.806753
DK41FJZ X 2020-03-14,53.851327
DK41FJZ X 2020-03-15,46.449566
DK41FJZ X 2020-03-16,69.890413
DK41FJZ X 2020-03-17,71.391753
DK41FJZ X 2020-03-18,69.457804
DK41FJZ X 2020-03-19,69.768575
DK41FJZ X 2020-03-20,56.424342
DK41FJZ X 2020-03-21,59.463897
DK41FJZ X 2020-03-22,54.978584
DK41FJZ X 2020-03-23,41.511754
DK41FJZ X 2020-03-24,47.697470
DK41FJZ X 2020-03-25,40.974916
DK41FJZ X 2020-03-26,50.014063
DK41FJZ X 2020-03-27,54.955951
DK41FJZ X 2020-03-28,42.409140
DK41FJZ X 2020-03-29,63.656385
DK41FJZ X 2020-03-30,62.198148
DK41FJZ X 2020-03-31,27.692755
DK41FJZ X 2020-04-01,70.772672
DK41FJZ X 2020-04-02,59.173419
DK41FJZ X 2020-04-03,65.155813
DK41FJZ X 2020-04-04,63.765576
DQV2FW5 X 2020-01-02,68.937394
DQV2FW5 X 2020-01-03,104.747913
DQV2FW5 X 2020-01-04,105.628447
DQV2FW5 X 2020-01-05,118.010163
DQV2FW5 X 2020-01-06,99.890815
DQV2FW5 X 2020-01-07,102.306310
DQV2FW5 X 2020-01-08,67.532962
DQV2FW5 X 2020-01-09,122.926140
DQV2FW5 X 2020-01-10,122.719671
DQV2FW5 X 2020-01-11,90.268255
DQV2FW5 X 2020-01-12,67.604037
DQV2FW5 X 2020-01-13,86.301194
DQV2FW5 X 2020-01-14,155.943356
DQV2FW5 X 2020-01-15,144.606188
DQV2FW5 X 2020-01-16,106.611310
DQV2FW5 X 2020-01-17,93.915398
DQV2FW5 X 2020-01-18,81.135392
DQV2FW5 X 2020-01-19,96.028659
DQV2FW5 X 2020-01-20,84.127684
DQV2FW5 X 2020-01-21,111.284365
DQV2FW5 X 2020-01-22,83.577687
DQV2FW5 X 2020-01-23,90.160106
DQV2FW5 X 2020-01-24,120.965563
DQV2FW5 X 2020-01-25,140.884055
DQV2FW5 X 2020-01-26,89.036131
DQV2FW5 X 2020-01-27,123.416840
DQV2FW5 X 2020-01-28,93.479967
DQV2FW5 X 2020-01-29,81.907211
DQV2FW5 X 2020-01-30,118.042291
DQV2FW5 X 2020-01-31,124.094689
DQV2FW5 X 2020-02-01,87.947754
DQV2FW5 X 2020-02-02,84.263263
DQV2FW5 X 2020-02-03,83.443896
DQV2FW5 X 2020-02-04,122.944179
DQV2FW5 X 2020-02-05,113.956500
DQV2FW5 X 2020-02-06,89.891250
DQV2FW5 X 2020-02-07,68.811758
DQV2FW5 X 2020-02-08,86.705721
DQV2FW5 X 2020-02-09,94.338310
DQV2FW5 X 2020-02-11,143.894205
DQV2FW5 X 2020-02-12,103.697968
DQV2FW5 X 2020-02-13,101.744206
DQV2FW5 X 2020-02-14,104.501458
DQV2FW5 X 2020-02-15,116.929735
DQV2FW5 X 2020-02-16,113.029849
DQV2FW5 X 2020-02-17,97.694459
DQV2FW5 X 2020-02-18,90.820464
DQV2FW5 X 2020-02-19,108.172824
DQV2FW5 X 2020-02-20,132.031560
DQV2FW5 X 2020-02-21,126.840537
DQV2FW5 X 2020-02-22,98.467437
DQV2FW5 X 2020-02-23,125.496233
DQV2FW5 X 2020-02-24,96.692999
DQV2FW5 X 2020-02-25,85.805333
DQV2FW5 X 2020-02-26,106.313393
DQV2FW5 X 2020-02-27,133.800766
DQV2FW5 X 2020-02-28,130.257762
DQV2FW5 X 2020-02-29,116.526075
DQV2FW5 X 2020-03-01,99.540843
DQV2FW5 X 2020-03-02,121.440008
DQV2FW5 X 2020-03-03,146.203722
DQV2FW5 X 2020-03-04,162.679033
DQV2FW5 X 2020-03-05,116.319557
DQV2FW5 X 2020-03-06,135.354488
DQV2FW5 X 2020-03-07,113.302647
DQV2FW5 X 2020-03-08,105.155595
DQV2FW5 X 2020-03-11,68.626021
DQV2FW5 X 2020-03-12,86.082120
DQV2FW5 X 2020-03-13,99.085118
DQV2FW5 X 2020-03-16,107.852997
DQV2FW5 X 2020-03-17,108.172369
DQV2FW5 X 2020-03-18,92.875394
DQV2FW5 X 2020-03-19,84.684052
DQV2FW5 X 2020-03-20,100.479563
DQV2FW5 X 2020-03-21,105.012529
DQV2FW5 X 2020-03-22,86.730302
DQV2FW5 X 2020-03-23,112.033890
DQV2FW5 X 2020-03-24,115.915425
DQV2FW5 X 2020-03-25,150.161921
DQV2FW5 X 2020-03-26,83.007270
DQV2FW5 X 2020-03-27,83.099172
DQV2FW5 X 2020-03-28,110.985155
DQV2FW5 X 2020-03-29,125.576738
DQV2FW5 X 2020-03-30,112.497429
DQV2FW5 X 2020-03-31,87.194550
DQV2FW5 X 2020-04-01,149.685668
DQV2FW5 X 2020-04-02,127.266556
DQV2FW5 X 2020-04-03,75.805504
DQV2FW5 X 2020-04-04,129.951862
DRBCSEX X 2020-01-02,74.441597
DRBCSEX X 2020-01-03,100.893214
DRBCSEX X 2020-01-04,50.246111
DRBCSEX X 2020-01-05,37.513996
DRBCSEX X 2020-01-06,74.928629
DRBCSEX X 2020-01-07,99.801631
DRBCSEX X 2020-01-08,68.610905
DRBCSEX X 2020-01-09,96.258134
DRBCSEX X 2020-01-10,81.708803
DRBCSEX X 2020-01-11,57.259132
DRBCSEX X 2020-01-12,71.052766
DRBCSEX X 2020-01-13,74.927040
DRBCSEX X 2020-01-14,57.299206
DRBCSEX X 2020-01-15,77.632896
DRBCSEX X 2020-01-16,86.037402
DRBCSEX X 2020-01-17,87.735761
DRBCSEX X 2020-01-18,65.262892
DRBCSEX X 2020-01-19,50.066639
DRBCSEX X 2020-01-20,56.640057
DRBCSEX X 2020-01-21,96.662026
DRBCSEX X 2020-01-22,83.366765
DRBCSEX X 2020-01-23,54.922369
DRBCSEX X 2020-01-24,56.525120
DRBCSEX X 2020-01-25,87.381703
DRBCSEX X 2020-01-26,89.253262
DRBCSEX X 2020-01-27,86.576128
DRBCSEX X 2020-01-28,42.286944
DRBCSEX X 2020-01-29,54.308128
DRBCSEX X 2020-01-30,25.004348
DRBCSEX X 2020-01-31,67.916622
DRBCSEX X 2020-02-01,56.832373
DRBCSEX X 2020-02-02,26.887255
DRBCSEX X 2020-02-03,24.178480
DRBCSEX X 2020-02-04,20.979779
DRBCSEX X 2020-02-05,20.161392
DRBCSEX X 2020-02-06,30.907950
DRBCSEX X 2020-02-07,33.786569
DRBCSEX X 2020-02-08,79.212456
DRBCSEX X 2020-02-09,62.494103
DRBCSEX X 2020-02-10,55.778745
DRBCSEX X 2020-02-11,38.542753
DRBCSEX X 2020-02-12,31.678075
DRBCSEX X 2020-02-13,42.823802
DRBCSEX X 2020-02-14,34.179732
DRBCSEX X 2020-02-15,45.897703
DRBCSEX X 2020-02-16,36.785022
DRBCSEX X 2020-02-17,39.661275
DRBCSEX X 2020-02-18,40.573565
DRBCSEX X 2020-02-19,38.846477
DRBCSEX X 2020-02-20,30.155606
DRBCSEX X 2020-02-21,31.955192
DRBCSEX X 2020-02-22,56.380536
DRBCSEX X 2020-02-23,36.670966
DRBCSEX X 2020-02-24,25.918006
DRBCSEX X 2020-02-25,39.269566
DRBCSEX X 2020-02-26,27.577877
DRBCSEX X 2020-02-27,25.213603
DRBCSEX X 2020-02-28,26.094820
DRBCSEX X 2020-02-29,74.563004
DRBCSEX X 2020-03-01,53.484468
DRBCSEX X 2020-03-02,30.644229
DRBCSEX X 2020-03-03,38.690604
DRBCSEX X 2020-03-04,29.587411
DRBCSEX X 2020-03-05,56.667418
DRBCSEX X 2020-03-06,40.620870
DRBCSEX X 2020-03-07,35.774153
DRBCSEX X 2020-03-08,33.623987
DRBCSEX X 2020-03-09,56.228864
DRBCSEX X 2020-03-10,46.598809
DRBCSEX X 2020-03-11,44.968909
DRBCSEX X 2020-03-12,32.657980
DRBCSEX X 2020-03-13,43.232556
DRBCSEX X 2020-03-14,40.619963
DRBCSEX X 2020-03-15,43.481595
DRBCSEX X 2020-03-16,34.005381
DRBCSEX X 2020-03-17,50.959317
DRBCSEX X 2020-03-18,55.917714
DRBCSEX X 2020-03-19,69.830937
DRBCSEX X 2020-03-20,61.692752
DRBCSEX X 2020-03-21,68.457663
DRBCSEX X 2020-03-22,31.186566
DRBCSEX X 2020-03-23,39.705083
DRBCSEX X 2020-03-24,69.074429
DRBCSEX X 2020-03-25,45.188508
DRBCSEX X 2020-03-26,57.761737
DRBCSEX X 2020-03-27,56.752036
DRBCSEX X 2020-03-28,69.992684
DRBCSEX X 2020-03-29,49.603055
DRBCSEX X 2020-03-30,22.979066
DRBCSEX X 2020-03-31,59.617813
DRBCSEX X 2020-04-01,52.048864
DRBCSEX X 2020-04-02,59.088943
DRBCSEX X 2020-04-03,51.734583
DRBCSEX X 2020-04-04,51.217706
DRUU4MV X 2020-01-02,45.039239
DRUU4MV X 2020-01-03,46.833351
DRUU4MV X 2020-01-04,40.137481
DRUU4MV X 2020-01-05,36.701889
DRUU4MV X 2020-01-06,39.416687
DRUU4MV X 2020-01-07,51.414202
DRUU4MV X 2020-01-08,70.409679
DRUU4MV X 2020-01-09,32.990647
DRUU4MV X 2020-01-10,75.476782
DRUU4MV X 2020-01-11,49.647322
DRUU4MV X 2020-01-12,33.331694
DRUU4MV X 2020-01-13,37.030284
DRUU4MV X 2020-01-14,40.860738
DRUU4MV X 2020-01-15,71.810073
DRUU4MV X 2020-01-16,50.994601
DRUU4MV X 2020-01-17,57.617101
DRUU4MV X 2020-01-18,30.919460
DRUU4MV X 2020-01-19,38.587455
DRUU4MV X 2020-01-20,29.540302
DRUU4MV X 2020-01-21,49.490537
DRUU4MV X 2020-01-22,67.885392
DRUU4MV X 2020-01-23,84.295278
DRUU4MV X 2020-01-24,108.687565
DRUU4MV X 2020-01-25,48.111030
DRUU4MV X 2020-01-26,43.231804
DRUU4MV X 2020-01-27,35.408746
DRUU4MV X 2020-01-28,36.305015
DRUU4MV X 2020-01-29,31.405929
DRUU4MV X 2020-01-30,50.564528
DRUU4MV X 2020-01-31,62.092501
DRUU4MV X 2020-02-01,86.718180
DRUU4MV X 2020-02-02,71.947765
DRUU4MV X 2020-02-03,54.506735
DRUU4MV X 2020-02-04,46.665321
DRUU4MV X 2020-02-05,36.025915
DRUU4MV X 2020-02-06,38.299955
DRUU4MV X 2020-02-07,68.105286
DRUU4MV X 2020-02-08,30.203865
DRUU4MV X 2020-02-09,40.731029
DRUU4MV X 2020-02-10,31.326955
DRUU4MV X 2020-02-11,36.102632
DRUU4MV X 2020-02-12,71.111734
DRUU4MV X 2020-02-13,31.692238
DRUU4MV X 2020-02-14,34.294881
DRUU4MV X 2020-02-15,30.969817
DRUU4MV X 2020-02-16,42.867556
DRUU4MV X 2020-02-17,74.607265
DRUU4MV X 2020-02-18,65.665992
DRUU4MV X 2020-02-19,38.670968
DRUU4MV X 2020-02-20,40.041677
DRUU4MV X 2020-02-21,52.039724
DRUU4MV X 2020-02-22,72.668107
DRUU4MV X 2020-02-23,55.866163
DRUU4MV X 2020-02-24,68.543942
DRUU4MV X 2020-02-25,34.095581
DRUU4MV X 2020-02-26,45.702782
DRUU4MV X 2020-02-27,41.883159
DRUU4MV X 2020-02-28,28.455353
DRUU4MV X 2020-02-29,33.629325
DRUU4MV X 2020-03-01,31.890623
DRUU4MV X 2020-03-02,61.836700
DRUU4MV X 2020-03-03,53.713062
DRUU4MV X 2020-03-04,44.147570
DRUU4MV X 2020-03-05,76.581897
DRUU4MV X 2020-03-06,35.249520
DRUU4MV X 2020-03-07,30.733049
DRUU4MV X 2020-03-08,45.580280
DRUU4MV X 2020-03-09,41.635485
DRUU4MV X 2020-03-10,42.273127
DRUU4MV X 2020-03-11,50.728762
DRUU4MV X 2020-03-12,50.530561
DRUU4MV X 2020-03-13,42.267483
DRUU4MV X 2020-03-14,28.360757
DRUU4MV X 2020-03-15,30.604284
DRUU4MV X 2020-03-16,42.018854
DRUU4MV X 2020-03-17,61.562968
DRUU4MV X 2020-03-18,52.045865
DRUU4MV X 2020-03-19,73.022665
DRUU4MV X 2020-03-20,39.081069
DRUU4MV X 2020-03-21,33.737496
DRUU4MV X 2020-03-22,42.597729
DRUU4MV X 2020-03-23,31.683930
DRUU4MV X 2020-03-24,31.916167
DRUU4MV X 2020-03-25,35.307345
DRUU4MV X 2020-03-26,46.949854
DRUU4MV X 2020-03-27,44.357987
DRUU4MV X 2020-03-28,37.130689
DRUU4MV X 2020-03-29,15.237802
DRUU4MV X 2020-03-30,24.329931
DRUU4MV X 2020-03-31,32.268373
DRUU4MV X 2020-04-01,46.844813
DRUU4MV X 2020-04-02,20.773221
DRUU4MV X 2020-04-03,18.810305
DRUU4MV X 2020-04-04,14.212131
EC77SI2 X 2020-01-02,43.706962
EC77SI2 X 2020-01-03,91.124917
EC77SI2 X 2020-01-05,57.811026
EC77SI2 X 2020-01-06,63.741336
EC77SI2 X 2020-01-07,81.182134
EC77SI2 X 2020-01-08,61.117735
EC77SI2 X 2020-01-09,70.715725
EC77SI2 X 2020-01-10,50.516255
EC77SI2 X 2020-01-11,53.552372
EC77SI2 X 2020-01-12,99.421917
EC77SI2 X 2020-01-13,68.467216
EC77SI2 X 2020-01-14,77.009480
EC77SI2 X 2020-01-15,60.160230
EC77SI2 X 2020-01-16,66.039421
EC77SI2 X 2020-01-17,50.442099
EC77SI2 X 2020-01-18,55.731344
EC77SI2 X 2020-01-19,35.314630
EC77SI2 X 2020-01-20,42.195948
EC77SI2 X 2020-01-21,61.930932
EC77SI2 X 2020-01-22,46.217210
EC77SI2 X 2020-01-23,66.952479
EC77SI2 X 2020-01-24,54.507347
EC77SI2 X 2020-01-25,42.335274
EC77SI2 X 2020-01-26,37.822630
EC77SI2 X 2020-01-27,52.760197
EC77SI2 X 2020-01-28,55.098205
EC77SI2 X 2020-01-29,45.320643
EC77SI2 X 2020-01-30,47.357395
EC77SI2 X 2020-01-31,64.588561
EC77SI2 X 2020-02-01,69.928989
EC77SI2 X 2020-02-02,63.567733
EC77SI2 X 2020-02-03,43.247024
EC77SI2 X 2020-02-04,48.886841
EC77SI2 X 2020-02-05,58.041132
EC77SI2 X 2020-02-06,99.065135
EC77SI2 X 2020-02-07,62.337662
EC77SI2 X 2020-02-08,64.495885
EC77SI2 X 2020-02-09,101.049099
EC77SI2 X 2020-02-10,85.352254
EC77SI2 X 2020-02-11,67.280813
EC77SI2 X 2020-02-12,137.420444
EC77SI2 X 2020-02-13,37.881314
EC77SI2 X 2020-02-14,49.179152
EC77SI2 X 2020-02-15,56.454673
EC77SI2 X 2020-02-16,54.772462
EC77SI2 X 2020-02-17,67.336169
EC77SI2 X 2020-02-18,62.245709
EC77SI2 X 2020-02-19,61.022076
EC77SI2 X 2020-02-20,93.897328
EC77SI2 X 2020-02-21,34.765405
EC77SI2 X 2020-02-22,56.372403
EC77SI2 X 2020-02-23,62.158653
EC77SI2 X 2020-02-24,64.337366
EC77SI2 X 2020-02-25,52.242393
EC77SI2 X 2020-02-26,52.648284
EC77SI2 X 2020-02-27,65.091244
EC77SI2 X 2020-02-28,51.740361
EC77SI2 X 2020-02-29,56.634676
EC77SI2 X 2020-03-01,88.029379
EC77SI2 X 2020-03-02,111.745673
EC77SI2 X 2020-03-03,122.025709
EC77SI2 X 2020-03-04,95.200492
EC77SI2 X 2020-03-05,72.120611
EC77SI2 X 2020-03-06,46.371116
EC77SI2 X 2020-03-07,59.277821
EC77SI2 X 2020-03-08,59.728593
EC77SI2 X 2020-03-09,68.231326
EC77SI2 X 2020-03-10,53.895454
EC77SI2 X 2020-03-11,53.359540
EC77SI2 X 2020-03-12,50.682358
EC77SI2 X 2020-03-13,62.320524
EC77SI2 X 2020-03-14,64.936910
EC77SI2 X 2020-03-17,54.195731
EC77SI2 X 2020-03-20,56.782273
EC77SI2 X 2020-03-21,53.148985
EC77SI2 X 2020-03-22,46.330062
EC77SI2 X 2020-03-23,99.755110
EC77SI2 X 2020-03-24,63.492334
EIAOEWN X 2020-01-02,106.713440
EIAOEWN X 2020-01-03,110.762521
EIAOEWN X 2020-01-04,138.564597
EIAOEWN X 2020-01-05,114.907417
EIAOEWN X 2020-01-06,93.818280
EIAOEWN X 2020-01-07,45.075876
EIAOEWN X 2020-01-08,52.006527
EIAOEWN X 2020-01-09,123.281786
EIAOEWN X 2020-01-10,118.037507
EIAOEWN X 2020-01-11,150.062474
EIAOEWN X 2020-01-12,134.392981
EIAOEWN X 2020-01-13,79.490794
EIAOEWN X 2020-01-14,100.472735
EIAOEWN X 2020-01-15,104.413341
EIAOEWN X 2020-01-16,94.804430
EIAOEWN X 2020-01-17,158.000874
EIAOEWN X 2020-01-18,148.470671
EIAOEWN X 2020-01-19,142.348730
EIAOEWN X 2020-01-20,123.407135
EIAOEWN X 2020-01-21,107.090873
EIAOEWN X 2020-01-22,167.855429
EIAOEWN X 2020-01-23,132.821758
EIAOEWN X 2020-01-24,125.899934
EIAOEWN X 2020-01-25,83.783502
EIAOEWN X 2020-01-26,114.738187
EIAOEWN X 2020-01-27,47.896422
EIAOEWN X 2020-01-28,57.650643
EIAOEWN X 2020-01-29,55.966858
EIAOEWN X 2020-01-30,90.918952
EIAOEWN X 2020-01-31,76.693213
EIAOEWN X 2020-02-01,118.999130
EIAOEWN X 2020-02-02,105.649228
EIAOEWN X 2020-02-03,90.384753
EIAOEWN X 2020-02-04,129.573597
EIAOEWN X 2020-02-05,87.016950
EIAOEWN X 2020-02-06,92.982902
EIAOEWN X 2020-02-07,95.462537
EIAOEWN X 2020-02-08,120.251159
EIAOEWN X 2020-02-09,103.177040
EIAOEWN X 2020-02-10,123.716708
EIAOEWN X 2020-02-11,109.483433
EIAOEWN X 2020-02-12,85.425952
EIAOEWN X 2020-02-13,76.933627
EIAOEWN X 2020-02-14,117.654368
EIAOEWN X 2020-02-15,87.736413
EIAOEWN X 2020-02-16,41.433649
EIAOEWN X 2020-02-17,45.472385
EIAOEWN X 2020-02-18,90.378700
EIAOEWN X 2020-02-19,106.365608
EIAOEWN X 2020-02-20,125.155737
EIAOEWN X 2020-02-21,113.812183
EIAOEWN X 2020-02-22,63.757897
EIAOEWN X 2020-02-23,81.614786
EIAOEWN X 2020-02-24,107.624926
EIAOEWN X 2020-02-25,55.475882
EIAOEWN X 2020-02-26,78.608161
EIAOEWN X 2020-02-27,75.068810
EIAOEWN X 2020-02-28,63.343979
EIAOEWN X 2020-02-29,107.343365
EIAOEWN X 2020-03-01,87.080372
EIAOEWN X 2020-03-02,93.720706
EIAOEWN X 2020-03-03,62.021762
EIAOEWN X 2020-03-04,60.773763
EIAOEWN X 2020-03-05,81.218962
EIAOEWN X 2020-03-06,132.165464
EIAOEWN X 2020-03-07,108.374585
EIAOEWN X 2020-03-08,105.191972
EIAOEWN X 2020-03-09,153.510204
EIAOEWN X 2020-03-10,66.377630
EIAOEWN X 2020-03-11,64.997944
EIAOEWN X 2020-03-12,89.744833
EIAOEWN X 2020-03-13,66.191048
EIAOEWN X 2020-03-14,101.683517
EIAOEWN X 2020-03-15,45.645148
EIAOEWN X 2020-03-16,78.360930
EIAOEWN X 2020-03-17,133.416937
EIAOEWN X 2020-03-18,80.373595
EIAOEWN X 2020-03-19,32.956647
EIAOEWN X 2020-03-20,80.956394
EIAOEWN X 2020-03-21,121.535040
EIAOEWN X 2020-03-22,56.115964
EIAOEWN X 2020-03-23,77.650828
EIAOEWN X 2020-03-24,103.918092
EIAOEWN X 2020-03-25,115.731368
EIAOEWN X 2020-03-26,83.327414
EIAOEWN X 2020-03-27,123.395670
EIAOEWN X 2020-03-28,61.784702
EIAOEWN X 2020-03-29,73.951409
EIAOEWN X 2020-03-30,72.277832
EIAOEWN X 2020-03-31,74.286102
EIAOEWN X 2020-04-01,102.708607
EIAOEWN X 2020-04-02,80.851802
EIAOEWN X 2020-04-03,68.514909
EIAOEWN X 2020-04-04,51.256897
EZCLNU9 X 2020-01-02,42.880754
EZCLNU9 X 2020-01-03,47.626562
EZCLNU9 X 2020-01-04,40.752693
EZCLNU9 X 2020-01-05,55.193270
EZCLNU9 X 2020-01-06,45.022209
EZCLNU9 X 2020-01-07,43.807136
EZCLNU9 X 2020-01-08,38.023537
EZCLNU9 X 2020-01-09,79.489325
EZCLNU9 X 2020-01-10,40.900609
EZCLNU9 X 2020-01-11,42.667082
EZCLNU9 X 2020-01-12,45.713019
EZCLNU9 X 2020-01-13,31.506631
EZCLNU9 X 2020-01-14,52.757262
EZCLNU9 X 2020-01-15,47.144942
EZCLNU9 X 2020-01-16,48.672915
EZCLNU9 X 2020-01-17,56.772561
EZCLNU9 X 2020-01-18,39.166478
EZCLNU9 X 2020-01-19,63.618884
EZCLNU9 X 2020-01-20,53.459794
EZCLNU9 X 2020-01-21,61.806540
EZCLNU9 X 2020-01-22,72.514773
EZCLNU9 X 2020-01-23,41.675753
EZCLNU9 X 2020-01-24,54.012405
EZCLNU9 X 2020-01-25,59.656177
EZCLNU9 X 2020-01-26,52.771431
EZCLNU9 X 2020-01-27,34.231520
EZCLNU9 X 2020-01-28,38.631160
EZCLNU9 X 2020-01-29,60.653380
EZCLNU9 X 2020-01-30,47.834450
EZCLNU9 X 2020-01-31,45.129399
EZCLNU9 X 2020-02-01,47.076258
EZCLNU9 X 2020-02-02,58.652087
EZCLNU9 X 2020-02-03,93.267534
EZCLNU9 X 2020-02-04,59.705851
EZCLNU9 X 2020-02-05,45.164910
EZCLNU9 X 2020-02-06,51.125225
EZCLNU9 X 2020-02-07,53.980349
EZCLNU9 X 2020-02-08,38.182825
EZCLNU9 X 2020-02-09,80.663749
EZCLNU9 X 2020-02-10,48.188026
EZCLNU9 X 2020-02-11,79.632112
EZCLNU9 X 2020-02-12,44.356386
EZCLNU9 X 2020-02-13,46.506106
EZCLNU9 X 2020-02-14,71.116257
EZCLNU9 X 2020-02-15,93.541302
EZCLNU9 X 2020-02-16,54.969262
EZCLNU9 X 2020-02-17,41.975479
EZCLNU9 X 2020-02-18,37.352917
EZCLNU9 X 2020-02-19,61.787810
EZCLNU9 X 2020-02-20,47.923799
EZCLNU9 X 2020-02-21,42.153615
EZCLNU9 X 2020-02-22,79.568292
EZCLNU9 X 2020-02-23,37.927143
EZCLNU9 X 2020-02-24,46.773734
EZCLNU9 X 2020-02-25,34.918839
EZCLNU9 X 2020-02-26,45.399241
EZCLNU9 X 2020-02-27,40.328290
EZCLNU9 X 2020-02-28,44.575220
EZCLNU9 X 2020-02-29,56.606053
EZCLNU9 X 2020-03-01,78.571499
EZCLNU9 X 2020-03-02,67.458409
EZCLNU9 X 2020-03-03,39.754262
EZCLNU9 X 2020-03-04,56.791730
EZCLNU9 X 2020-03-05,57.561343
EZCLNU9 X 2020-03-06,60.471894
EZCLNU9 X 2020-03-07,53.053042
EZCLNU9 X 2020-03-08,42.659528
EZCLNU9 X 2020-03-09,48.143299
EZCLNU9 X 2020-03-10,40.145792
EZCLNU9 X 2020-03-11,31.786023
EZCLNU9 X 2020-03-12,64.478940
EZCLNU9 X 2020-03-13,57.975366
EZCLNU9 X 2020-03-14,53.956794
EZCLNU9 X 2020-03-15,34.098807
EZCLNU9 X 2020-03-16,34.960429
EZCLNU9 X 2020-03-17,65.430984
EZCLNU9 X 2020-03-18,66.037008
EZCLNU9 X 2020-03-19,36.181712
EZCLNU9 X 2020-03-20,32.517013
EZCLNU9 X 2020-03-21,40.456873
EZCLNU9 X 2020-03-22,68.072962
EZCLNU9 X 2020-03-23,53.884222
EZCLNU9 X 2020-03-24,56.518266
EZCLNU9 X 2020-03-25,62.409257
EZCLNU9 X 2020-03-26,50.265647
EZCLNU9 X 2020-03-27,49.397773
EZCLNU9 X 2020-03-28,30.252414
EZCLNU9 X 2020-03-29,44.343204
EZCLNU9 X 2020-03-30,45.718479
EZCLNU9 X 2020-03-31,41.005325
EZCLNU9 X 2020-04-01,44.302553
EZCLNU9 X 2020-04-02,58.552196
EZCLNU9 X 2020-04-03,59.341028
EZCLNU9 X 2020-04-04,79.942721
F8FDBAM X 2020-01-02,105.520552
F8FDBAM X 2020-01-03,115.410226
F8FDBAM X 2020-01-04,138.558675
F8FDBAM X 2020-01-05,119.041763
F8FDBAM X 2020-01-06,91.945653
F8FDBAM X 2020-01-07,45.224760
F8FDBAM X 2020-01-08,46.107176
F8FDBAM X 2020-01-09,123.634639
F8FDBAM X 2020-01-10,126.832446
F8FDBAM X 2020-01-11,153.468676
F8FDBAM X 2020-01-12,83.383726
F8FDBAM X 2020-01-13,54.849248
F8FDBAM X 2020-01-14,120.198381
F8FDBAM X 2020-01-15,115.032817
F8FDBAM X 2020-01-16,115.600754
F8FDBAM X 2020-01-17,155.385179
F8FDBAM X 2020-01-18,117.561821
F8FDBAM X 2020-01-19,114.812141
F8FDBAM X 2020-01-20,122.533601
F8FDBAM X 2020-01-21,97.427802
F8FDBAM X 2020-01-22,171.434286
F8FDBAM X 2020-01-23,114.181866
F8FDBAM X 2020-01-24,155.144893
F8FDBAM X 2020-01-25,72.226725
F8FDBAM X 2020-01-26,111.789085
F8FDBAM X 2020-01-27,35.382230
F8FDBAM X 2020-01-28,44.726750
F8FDBAM X 2020-01-29,76.190394
F8FDBAM X 2020-01-30,121.746307
F8FDBAM X 2020-01-31,113.675991
F8FDBAM X 2020-02-01,95.394591
F8FDBAM X 2020-02-02,117.141528
F8FDBAM X 2020-02-03,83.832035
F8FDBAM X 2020-02-04,130.982147
F8FDBAM X 2020-02-05,77.099165
F8FDBAM X 2020-02-06,92.074517
F8FDBAM X 2020-02-07,116.491640
F8FDBAM X 2020-02-08,101.369825
F8FDBAM X 2020-02-09,93.726131
F8FDBAM X 2020-02-10,117.410489
F8FDBAM X 2020-02-11,101.046073
F8FDBAM X 2020-02-12,61.058754
F8FDBAM X 2020-02-13,78.458614
F8FDBAM X 2020-02-14,125.274146
F8FDBAM X 2020-02-15,80.055159
F8FDBAM X 2020-02-16,41.231052
F8FDBAM X 2020-02-17,45.849148
F8FDBAM X 2020-02-18,75.025462
F8FDBAM X 2020-02-19,115.793167
F8FDBAM X 2020-02-20,122.766210
F8FDBAM X 2020-02-21,81.410194
F8FDBAM X 2020-02-22,68.239972
F8FDBAM X 2020-02-23,77.591292
F8FDBAM X 2020-02-24,91.593105
F8FDBAM X 2020-02-25,53.307589
F8FDBAM X 2020-02-26,86.349956
F8FDBAM X 2020-02-27,131.462198
F8FDBAM X 2020-02-28,90.711270
F8FDBAM X 2020-02-29,127.268676
F8FDBAM X 2020-03-01,63.651056
F8FDBAM X 2020-03-02,76.550235
F8FDBAM X 2020-03-03,60.692327
F8FDBAM X 2020-03-04,40.470438
F8FDBAM X 2020-03-05,80.004708
F8FDBAM X 2020-03-06,132.296548
F8FDBAM X 2020-03-07,93.943115
F8FDBAM X 2020-03-08,103.474835
F8FDBAM X 2020-03-09,170.305917
F8FDBAM X 2020-03-10,74.177975
F8FDBAM X 2020-03-11,59.819738
F8FDBAM X 2020-03-12,77.878448
F8FDBAM X 2020-03-13,63.638258
F8FDBAM X 2020-03-14,85.207722
F8FDBAM X 2020-03-15,41.185599
F8FDBAM X 2020-03-16,70.085866
F8FDBAM X 2020-03-17,85.230579
F8FDBAM X 2020-03-18,79.551974
F8FDBAM X 2020-03-19,36.177079
F8FDBAM X 2020-03-20,98.747886
F8FDBAM X 2020-03-21,112.666595
F8FDBAM X 2020-03-22,53.524287
F8FDBAM X 2020-03-23,77.898636
F8FDBAM X 2020-03-24,109.665839
F8FDBAM X 2020-03-25,118.864842
F8FDBAM X 2020-03-26,129.250790
F8FDBAM X 2020-03-27,72.597011
F8FDBAM X 2020-03-28,62.399243
F8FDBAM X 2020-03-29,72.263566
F8FDBAM X 2020-03-30,71.849015
F8FDBAM X 2020-03-31,82.014817
F8FDBAM X 2020-04-01,76.603417
F8FDBAM X 2020-04-02,76.452618
F8FDBAM X 2020-04-03,66.854505
F8FDBAM X 2020-04-04,56.146171
FIA6K0U X 2020-01-02,46.294206
FIA6K0U X 2020-01-03,39.266141
FIA6K0U X 2020-01-04,33.718681
FIA6K0U X 2020-01-05,31.837369
FIA6K0U X 2020-01-06,45.927026
FIA6K0U X 2020-01-07,29.255889
FIA6K0U X 2020-01-08,63.724197
FIA6K0U X 2020-01-09,38.151501
FIA6K0U X 2020-01-10,39.160984
FIA6K0U X 2020-01-11,32.109159
FIA6K0U X 2020-01-12,48.804637
FIA6K0U X 2020-01-13,48.026638
FIA6K0U X 2020-01-14,41.649611
FIA6K0U X 2020-01-15,41.533319
FIA6K0U X 2020-01-16,36.695954
FIA6K0U X 2020-01-17,29.032653
FIA6K0U X 2020-01-18,41.053425
FIA6K0U X 2020-01-19,25.544177
FIA6K0U X 2020-01-20,36.414520
FIA6K0U X 2020-01-21,61.756167
FIA6K0U X 2020-01-22,78.441790
FIA6K0U X 2020-01-23,79.062306
FIA6K0U X 2020-01-24,50.298439
FIA6K0U X 2020-01-25,36.128153
FIA6K0U X 2020-01-26,40.376914
FIA6K0U X 2020-01-27,43.326512
FIA6K0U X 2020-01-28,44.936460
FIA6K0U X 2020-01-29,44.948421
FIA6K0U X 2020-01-30,44.184643
FIA6K0U X 2020-01-31,48.029667
FIA6K0U X 2020-02-01,46.248753
FIA6K0U X 2020-02-02,48.694064
FIA6K0U X 2020-02-03,45.772317
FIA6K0U X 2020-02-04,52.017505
FIA6K0U X 2020-02-05,46.667022
FIA6K0U X 2020-02-06,38.491194
FIA6K0U X 2020-02-07,38.551526
FIA6K0U X 2020-02-08,33.737316
FIA6K0U X 2020-02-09,42.688151
FIA6K0U X 2020-02-10,34.505960
FIA6K0U X 2020-02-11,49.689083
FIA6K0U X 2020-02-12,41.087827
FIA6K0U X 2020-02-13,32.759769
FIA6K0U X 2020-02-14,49.616504
FIA6K0U X 2020-02-15,76.087333
FIA6K0U X 2020-02-16,51.553792
FIA6K0U X 2020-02-17,37.751669
FIA6K0U X 2020-02-18,40.468799
FIA6K0U X 2020-02-19,43.199291
FIA6K0U X 2020-02-20,38.184327
FIA6K0U X 2020-02-21,44.518734
FIA6K0U X 2020-02-22,47.743646
FIA6K0U X 2020-02-23,46.098580
FIA6K0U X 2020-02-24,33.653322
FIA6K0U X 2020-02-25,35.451687
FIA6K0U X 2020-02-26,40.729944
FIA6K0U X 2020-02-27,35.738974
FIA6K0U X 2020-02-28,33.572849
FIA6K0U X 2020-02-29,39.481909
FIA6K0U X 2020-03-01,41.237671
FIA6K0U X 2020-03-02,34.343608
FIA6K0U X 2020-03-03,40.571060
FIA6K0U X 2020-03-04,37.648591
FIA6K0U X 2020-03-05,46.311504
FIA6K0U X 2020-03-06,34.483846
FIA6K0U X 2020-03-07,46.038058
FIA6K0U X 2020-03-08,39.091791
FIA6K0U X 2020-03-09,39.271734
FIA6K0U X 2020-03-10,43.067774
FIA6K0U X 2020-03-11,46.857972
FIA6K0U X 2020-03-12,64.987024
FIA6K0U X 2020-03-13,32.082032
FIA6K0U X 2020-03-14,39.663619
FIA6K0U X 2020-03-15,41.722004
FIA6K0U X 2020-03-16,46.500659
FIA6K0U X 2020-03-17,43.942079
FIA6K0U X 2020-03-18,39.882546
FIA6K0U X 2020-03-19,38.466303
FIA6K0U X 2020-03-20,41.847308
FIA6K0U X 2020-03-21,30.427282
FIA6K0U X 2020-03-22,40.038656
FIA6K0U X 2020-03-23,56.209037
FIA6K0U X 2020-03-24,40.360665
FIA6K0U X 2020-03-25,60.742845
FIA6K0U X 2020-03-26,42.795249
FIA6K0U X 2020-03-27,40.154377
FIA6K0U X 2020-03-28,34.495213
FIA6K0U X 2020-03-29,29.032735
FIA6K0U X 2020-03-30,35.969276
FIA6K0U X 2020-03-31,40.198075
FIA6K0U X 2020-04-01,51.677111
FIA6K0U X 2020-04-02,37.772627
FIA6K0U X 2020-04-03,44.443142
FIA6K0U X 2020-04-04,76.035679
FU2OAAX X 2020-01-02,107.912653
FU2OAAX X 2020-01-03,119.927028
FU2OAAX X 2020-01-04,120.642820
FU2OAAX X 2020-01-05,105.706265
FU2OAAX X 2020-01-06,102.380724
FU2OAAX X 2020-01-07,66.335111
FU2OAAX X 2020-01-08,66.157970
FU2OAAX X 2020-01-09,96.164993
FU2OAAX X 2020-01-10,102.112754
FU2OAAX X 2020-01-11,108.650515
FU2OAAX X 2020-01-12,103.362734
FU2OAAX X 2020-01-13,71.298156
FU2OAAX X 2020-01-14,102.219923
FU2OAAX X 2020-01-15,78.384456
FU2OAAX X 2020-01-16,88.953280
FU2OAAX X 2020-01-17,110.056872
FU2OAAX X 2020-01-18,110.460697
FU2OAAX X 2020-01-19,93.773718
FU2OAAX X 2020-01-20,42.952257
FU2OAAX X 2020-01-21,82.407509
FU2OAAX X 2020-01-22,90.986631
FU2OAAX X 2020-01-23,76.593317
FU2OAAX X 2020-01-24,71.232222
FU2OAAX X 2020-01-25,52.157987
FU2OAAX X 2020-01-26,69.233569
FU2OAAX X 2020-01-27,32.826050
FU2OAAX X 2020-01-28,36.456753
FU2OAAX X 2020-01-29,36.155999
FU2OAAX X 2020-01-30,41.102377
FU2OAAX X 2020-01-31,55.198910
FU2OAAX X 2020-02-01,79.992791
FU2OAAX X 2020-02-02,118.501299
FU2OAAX X 2020-02-03,93.226237
FU2OAAX X 2020-02-04,67.569540
FU2OAAX X 2020-02-05,47.805039
FU2OAAX X 2020-02-06,70.221798
FU2OAAX X 2020-02-07,91.197911
FU2OAAX X 2020-02-08,55.525132
FU2OAAX X 2020-02-09,63.388523
FU2OAAX X 2020-02-10,103.559228
FU2OAAX X 2020-02-11,98.582489
FU2OAAX X 2020-02-12,55.737287
FU2OAAX X 2020-02-13,42.928942
FU2OAAX X 2020-02-14,42.592679
FU2OAAX X 2020-02-15,51.583280
FU2OAAX X 2020-02-16,47.724361
FU2OAAX X 2020-02-17,46.188881
FU2OAAX X 2020-02-18,49.796365
FU2OAAX X 2020-02-19,73.152618
FU2OAAX X 2020-02-20,82.150426
FU2OAAX X 2020-02-21,70.258306
FU2OAAX X 2020-02-22,62.910524
FU2OAAX X 2020-02-23,56.569987
FU2OAAX X 2020-02-24,59.112331
FU2OAAX X 2020-02-25,69.775153
FU2OAAX X 2020-02-26,45.335817
FU2OAAX X 2020-02-27,53.833984
FU2OAAX X 2020-02-28,56.647430
FU2OAAX X 2020-02-29,80.669828
FU2OAAX X 2020-03-01,41.219581
FU2OAAX X 2020-03-02,78.386670
FU2OAAX X 2020-03-03,42.651929
FU2OAAX X 2020-03-04,76.667353
FU2OAAX X 2020-03-05,79.860903
FU2OAAX X 2020-03-06,76.862794
FU2OAAX X 2020-03-07,54.372361
FU2OAAX X 2020-03-08,68.873593
FU2OAAX X 2020-03-09,55.245337
FU2OAAX X 2020-03-10,49.526754
FU2OAAX X 2020-03-11,54.961910
FU2OAAX X 2020-03-12,57.124627
FU2OAAX X 2020-03-13,54.874557
FU2OAAX X 2020-03-14,66.658503
FU2OAAX X 2020-03-15,47.000226
FU2OAAX X 2020-03-16,64.874417
FU2OAAX X 2020-03-17,76.649619
FU2OAAX X 2020-03-18,56.996349
FU2OAAX X 2020-03-19,71.022593
FU2OAAX X 2020-03-20,44.693056
FU2OAAX X 2020-03-21,68.921980
FU2OAAX X 2020-03-22,59.452118
FU2OAAX X 2020-03-23,63.040548
FU2OAAX X 2020-03-24,58.485450
FU2OAAX X 2020-03-25,78.765324
FU2OAAX X 2020-03-26,88.010484
FU2OAAX X 2020-03-27,64.001230
FU2OAAX X 2020-03-28,47.901134
FU2OAAX X 2020-03-29,44.972905
FU2OAAX X 2020-03-30,41.985160
FU2OAAX X 2020-03-31,38.377426
FU2OAAX X 2020-04-01,76.775440
FU2OAAX X 2020-04-02,71.246316
FU2OAAX X 2020-04-03,61.090013
FU2OAAX X 2020-04-04,35.254528
FZUZBZK X 2020-01-02,24.303070
FZUZBZK X 2020-01-03,25.101992
FZUZBZK X 2020-01-04,20.606898
FZUZBZK X 2020-01-05,29.199774
FZUZBZK X 2020-01-06,24.886539
FZUZBZK X 2020-01-07,42.760946
FZUZBZK X 2020-01-08,29.670203
FZUZBZK X 2020-01-09,34.531226
FZUZBZK X 2020-01-10,41.125012
FZUZBZK X 2020-01-11,25.775447
FZUZBZK X 2020-01-12,22.348300
FZUZBZK X 2020-01-13,22.401829
FZUZBZK X 2020-01-14,31.365532
FZUZBZK X 2020-01-15,73.729450
FZUZBZK X 2020-01-16,22.003188
FZUZBZK X 2020-01-17,38.063980
FZUZBZK X 2020-01-18,41.405030
FZUZBZK X 2020-01-19,44.145189
FZUZBZK X 2020-01-20,41.442282
FZUZBZK X 2020-01-21,46.829203
FZUZBZK X 2020-01-22,41.228089
FZUZBZK X 2020-01-23,22.242438
FZUZBZK X 2020-01-24,37.177973
FZUZBZK X 2020-01-25,41.931845
FZUZBZK X 2020-01-26,47.660270
FZUZBZK X 2020-01-27,49.850202
FZUZBZK X 2020-01-28,38.928753
FZUZBZK X 2020-01-29,42.978537
FZUZBZK X 2020-01-30,24.755254
FZUZBZK X 2020-01-31,60.947843
FZUZBZK X 2020-02-01,44.508688
FZUZBZK X 2020-02-02,22.795167
FZUZBZK X 2020-02-03,42.935734
FZUZBZK X 2020-02-04,32.383557
FZUZBZK X 2020-02-05,30.575802
FZUZBZK X 2020-02-06,40.713254
FZUZBZK X 2020-02-07,50.313811
FZUZBZK X 2020-02-08,28.510284
FZUZBZK X 2020-02-09,32.496906
FZUZBZK X 2020-02-10,48.870348
FZUZBZK X 2020-02-11,58.057118
FZUZBZK X 2020-02-12,36.063639
FZUZBZK X 2020-02-13,37.947642
FZUZBZK X 2020-02-14,23.403066
FZUZBZK X 2020-02-15,22.598747
FZUZBZK X 2020-02-16,22.484829
FZUZBZK X 2020-02-17,25.001198
FZUZBZK X 2020-02-18,69.127304
FZUZBZK X 2020-02-19,53.259179
FZUZBZK X 2020-02-20,52.668299
FZUZBZK X 2020-02-21,70.843534
FZUZBZK X 2020-02-22,45.215537
FZUZBZK X 2020-02-23,44.259193
FZUZBZK X 2020-02-24,46.903898
FZUZBZK X 2020-02-25,38.882236
FZUZBZK X 2020-02-26,53.291877
FZUZBZK X 2020-02-27,46.939638
FZUZBZK X 2020-02-28,30.160359
FZUZBZK X 2020-02-29,21.775830
FZUZBZK X 2020-03-01,31.347008
FZUZBZK X 2020-03-02,35.934575
FZUZBZK X 2020-03-03,25.356858
FZUZBZK X 2020-03-04,30.562448
FZUZBZK X 2020-03-05,31.499533
FZUZBZK X 2020-03-06,33.032226
FZUZBZK X 2020-03-07,40.135310
FZUZBZK X 2020-03-08,26.254769
FZUZBZK X 2020-03-09,56.116474
FZUZBZK X 2020-03-10,40.792951
FZUZBZK X 2020-03-11,55.205635
FZUZBZK X 2020-03-12,45.649325
FZUZBZK X 2020-03-13,34.208092
FZUZBZK X 2020-03-14,24.670832
FZUZBZK X 2020-03-15,31.349103
FZUZBZK X 2020-03-16,46.134894
FZUZBZK X 2020-03-17,58.917234
FZUZBZK X 2020-03-18,77.217259
FZUZBZK X 2020-03-19,62.392587
FZUZBZK X 2020-03-20,64.907041
FZUZBZK X 2020-03-21,67.646078
FZUZBZK X 2020-03-22,43.130112
FZUZBZK X 2020-03-23,20.934331
FZUZBZK X 2020-03-24,38.089038
FZUZBZK X 2020-03-25,63.827870
FZUZBZK X 2020-03-26,35.702525
FZUZBZK X 2020-03-27,31.531011
FZUZBZK X 2020-03-28,27.870984
FZUZBZK X 2020-03-29,64.328981
FZUZBZK X 2020-03-30,40.109555
FZUZBZK X 2020-03-31,26.753096
FZUZBZK X 2020-04-01,32.815524
FZUZBZK X 2020-04-02,57.372530
FZUZBZK X 2020-04-03,28.774512
FZUZBZK X 2020-04-04,43.725083
G2MGWAI X 2020-01-02,33.188385
G2MGWAI X 2020-01-03,52.833056
G2MGWAI X 2020-01-04,23.265091
G2MGWAI X 2020-01-05,52.564437
G2MGWAI X 2020-01-06,39.214552
G2MGWAI X 2020-01-07,32.537913
G2MGWAI X 2020-01-08,47.800171
G2MGWAI X 2020-01-09,48.893533
G2MGWAI X 2020-01-10,30.783946
G2MGWAI X 2020-01-11,41.363530
G2MGWAI X 2020-01-12,35.776624
G2MGWAI X 2020-01-13,31.039422
G2MGWAI X 2020-01-14,45.845512
G2MGWAI X 2020-01-15,38.657821
G2MGWAI X 2020-01-16,36.831648
G2MGWAI X 2020-01-17,50.851258
G2MGWAI X 2020-01-18,63.272399
G2MGWAI X 2020-01-19,29.362810
G2MGWAI X 2020-01-20,37.662975
G2MGWAI X 2020-01-21,56.491989
G2MGWAI X 2020-01-22,80.715927
G2MGWAI X 2020-01-23,56.404475
G2MGWAI X 2020-01-24,53.603700
G2MGWAI X 2020-01-25,31.503488
G2MGWAI X 2020-01-26,51.779193
G2MGWAI X 2020-01-27,36.835246
G2MGWAI X 2020-01-28,62.732091
G2MGWAI X 2020-01-29,36.929433
G2MGWAI X 2020-01-30,54.217144
G2MGWAI X 2020-01-31,50.837823
G2MGWAI X 2020-02-01,36.116602
G2MGWAI X 2020-02-02,37.756897
G2MGWAI X 2020-02-03,38.146164
G2MGWAI X 2020-02-04,41.379333
G2MGWAI X 2020-02-05,44.404373
G2MGWAI X 2020-02-06,40.202917
G2MGWAI X 2020-02-07,48.621532
G2MGWAI X 2020-02-08,38.125647
G2MGWAI X 2020-02-09,53.195345
G2MGWAI X 2020-02-10,41.766713
G2MGWAI X 2020-02-11,45.621198
G2MGWAI X 2020-02-12,40.977653
G2MGWAI X 2020-02-13,46.510606
G2MGWAI X 2020-02-14,54.428997
G2MGWAI X 2020-02-15,92.883963
G2MGWAI X 2020-02-16,42.195349
G2MGWAI X 2020-02-17,40.873667
G2MGWAI X 2020-02-18,42.994223
G2MGWAI X 2020-02-19,37.297525
G2MGWAI X 2020-02-20,43.536353
G2MGWAI X 2020-02-21,32.705095
G2MGWAI X 2020-02-22,60.243315
G2MGWAI X 2020-02-23,42.392052
G2MGWAI X 2020-02-24,35.019955
G2MGWAI X 2020-02-25,35.584635
G2MGWAI X 2020-02-26,38.382739
G2MGWAI X 2020-02-27,42.075373
G2MGWAI X 2020-02-28,36.504530
G2MGWAI X 2020-02-29,32.833993
G2MGWAI X 2020-03-01,34.562151
G2MGWAI X 2020-03-02,35.392766
G2MGWAI X 2020-03-03,36.741003
G2MGWAI X 2020-03-04,43.531475
G2MGWAI X 2020-03-05,37.340216
G2MGWAI X 2020-03-06,33.283315
G2MGWAI X 2020-03-07,46.216135
G2MGWAI X 2020-03-08,43.267124
G2MGWAI X 2020-03-09,40.489639
G2MGWAI X 2020-03-10,37.218561
G2MGWAI X 2020-03-11,57.743489
G2MGWAI X 2020-03-12,59.918927
G2MGWAI X 2020-03-13,32.849298
G2MGWAI X 2020-03-14,40.025417
G2MGWAI X 2020-03-15,38.372762
G2MGWAI X 2020-03-16,40.991269
G2MGWAI X 2020-03-17,45.815270
G2MGWAI X 2020-03-18,38.255569
G2MGWAI X 2020-03-19,38.757665
G2MGWAI X 2020-03-20,39.845801
G2MGWAI X 2020-03-21,27.843063
G2MGWAI X 2020-03-22,42.912130
G2MGWAI X 2020-03-23,55.323106
G2MGWAI X 2020-03-24,49.453093
G2MGWAI X 2020-03-25,31.597254
G2MGWAI X 2020-03-26,48.776724
G2MGWAI X 2020-03-27,40.257544
G2MGWAI X 2020-03-28,42.834220
G2MGWAI X 2020-03-29,38.989623
G2MGWAI X 2020-03-30,41.189425
G2MGWAI X 2020-03-31,42.981103
G2MGWAI X 2020-04-01,61.054914
G2MGWAI X 2020-04-02,40.599149
G2MGWAI X 2020-04-03,83.685676
G2MGWAI X 2020-04-04,59.647519
GJTQKWE X 2020-01-02,85.080034
GJTQKWE X 2020-01-03,88.474024
GJTQKWE X 2020-01-04,95.669817
GJTQKWE X 2020-01-05,94.799063
GJTQKWE X 2020-01-06,109.821239
GJTQKWE X 2020-01-07,84.941253
GJTQKWE X 2020-01-08,79.885246
GJTQKWE X 2020-01-09,83.785611
GJTQKWE X 2020-01-10,90.850399
GJTQKWE X 2020-01-11,74.910151
GJTQKWE X 2020-01-12,66.559009
GJTQKWE X 2020-01-13,59.920876
GJTQKWE X 2020-01-14,92.377738
GJTQKWE X 2020-01-15,70.719513
GJTQKWE X 2020-01-16,82.669873
GJTQKWE X 2020-01-17,45.230338
GJTQKWE X 2020-01-18,52.678944
GJTQKWE X 2020-01-19,67.987040
GJTQKWE X 2020-01-20,74.625978
GJTQKWE X 2020-01-21,81.251886
GJTQKWE X 2020-01-22,99.865290
GJTQKWE X 2020-01-23,87.778721
GJTQKWE X 2020-01-24,63.580736
GJTQKWE X 2020-01-25,53.940698
GJTQKWE X 2020-01-26,68.553607
GJTQKWE X 2020-01-27,44.319586
GJTQKWE X 2020-01-28,55.663892
GJTQKWE X 2020-01-29,41.528426
GJTQKWE X 2020-01-30,74.933964
GJTQKWE X 2020-01-31,79.201197
GJTQKWE X 2020-02-01,81.113007
GJTQKWE X 2020-02-02,74.268659
GJTQKWE X 2020-02-03,87.440488
GJTQKWE X 2020-02-04,64.558913
GJTQKWE X 2020-02-05,59.918778
GJTQKWE X 2020-02-06,72.525779
GJTQKWE X 2020-02-07,47.402389
GJTQKWE X 2020-02-08,52.574324
GJTQKWE X 2020-02-09,44.183393
GJTQKWE X 2020-02-10,69.886787
GJTQKWE X 2020-02-11,103.869048
GJTQKWE X 2020-02-12,91.438615
GJTQKWE X 2020-02-13,106.630384
GJTQKWE X 2020-02-14,120.601389
GJTQKWE X 2020-02-15,93.270234
GJTQKWE X 2020-02-16,31.759067
GJTQKWE X 2020-02-17,67.435948
GJTQKWE X 2020-02-18,55.880915
GJTQKWE X 2020-02-19,72.161251
GJTQKWE X 2020-02-20,68.576421
GJTQKWE X 2020-02-21,96.423341
GJTQKWE X 2020-02-22,82.490101
GJTQKWE X 2020-02-23,56.485832
GJTQKWE X 2020-02-24,97.160143
GJTQKWE X 2020-02-25,82.035303
GJTQKWE X 2020-02-26,112.249821
GJTQKWE X 2020-02-27,75.512200
GJTQKWE X 2020-02-28,94.259155
GJTQKWE X 2020-02-29,75.214484
GJTQKWE X 2020-03-01,117.484515
GJTQKWE X 2020-03-02,50.653511
GJTQKWE X 2020-03-03,79.841537
GJTQKWE X 2020-03-04,63.579115
GJTQKWE X 2020-03-05,39.660213
GJTQKWE X 2020-03-06,55.332344
GJTQKWE X 2020-03-07,99.077885
GJTQKWE X 2020-03-08,73.802567
GJTQKWE X 2020-03-09,82.653980
GJTQKWE X 2020-03-10,51.162372
GJTQKWE X 2020-03-11,62.454810
GJTQKWE X 2020-03-12,82.932694
GJTQKWE X 2020-03-13,75.527825
GJTQKWE X 2020-03-14,69.759455
GJTQKWE X 2020-03-15,73.016230
GJTQKWE X 2020-03-16,75.484469
GJTQKWE X 2020-03-17,96.680237
GJTQKWE X 2020-03-18,90.947725
GJTQKWE X 2020-03-19,101.855866
GJTQKWE X 2020-03-20,51.338134
GJTQKWE X 2020-03-21,111.200948
GJTQKWE X 2020-03-22,88.171861
GJTQKWE X 2020-03-23,58.842607
GJTQKWE X 2020-03-24,67.422115
GJTQKWE X 2020-03-25,105.283194
GJTQKWE X 2020-03-26,82.497802
GJTQKWE X 2020-03-27,81.842234
GJTQKWE X 2020-03-28,38.059802
GJTQKWE X 2020-03-29,44.939135
GJTQKWE X 2020-03-30,70.459508
GJTQKWE X 2020-03-31,47.310931
GJTQKWE X 2020-04-01,49.463341
GJTQKWE X 2020-04-02,65.684089
GJTQKWE X 2020-04-03,52.124180
GJTQKWE X 2020-04-04,29.159561
GWG9QDT X 2020-01-02,117.004065
GWG9QDT X 2020-01-03,122.230448
GWG9QDT X 2020-01-04,52.502294
GWG9QDT X 2020-01-05,93.850566
GWG9QDT X 2020-01-06,112.719480
GWG9QDT X 2020-01-07,130.648199
GWG9QDT X 2020-01-08,108.255551
GWG9QDT X 2020-01-09,100.230985
GWG9QDT X 2020-01-10,27.529948
GWG9QDT X 2020-01-11,64.440235
GWG9QDT X 2020-01-12,128.997447
GWG9QDT X 2020-01-13,120.561364
GWG9QDT X 2020-01-14,96.882701
GWG9QDT X 2020-01-15,52.861070
GWG9QDT X 2020-01-16,98.376224
GWG9QDT X 2020-01-17,33.571060
GWG9QDT X 2020-01-18,66.101521
GWG9QDT X 2020-01-19,36.726708
GWG9QDT X 2020-01-20,39.465775
GWG9QDT X 2020-01-21,37.443841
GWG9QDT X 2020-01-22,35.165155
GWG9QDT X 2020-01-23,55.500473
GWG9QDT X 2020-01-24,59.321672
GWG9QDT X 2020-01-25,50.158609
GWG9QDT X 2020-01-26,72.397869
GWG9QDT X 2020-01-27,34.927376
GWG9QDT X 2020-01-28,24.483276
GWG9QDT X 2020-01-29,32.818544
GWG9QDT X 2020-01-30,46.818282
GWG9QDT X 2020-01-31,41.300873
GWG9QDT X 2020-02-01,35.654704
GWG9QDT X 2020-02-02,70.877660
GWG9QDT X 2020-02-03,92.330739
GWG9QDT X 2020-02-04,91.082498
GWG9QDT X 2020-02-05,59.603348
GWG9QDT X 2020-02-06,75.914904
GWG9QDT X 2020-02-07,88.835659
GWG9QDT X 2020-02-08,62.186159
GWG9QDT X 2020-02-09,81.079156
GWG9QDT X 2020-02-10,68.569190
GWG9QDT X 2020-02-11,79.255990
GWG9QDT X 2020-02-12,67.578409
GWG9QDT X 2020-02-13,54.983407
GWG9QDT X 2020-02-14,88.271798
GWG9QDT X 2020-02-15,68.408988
GWG9QDT X 2020-02-16,65.179885
GWG9QDT X 2020-02-17,50.656032
GWG9QDT X 2020-02-18,43.281784
GWG9QDT X 2020-02-19,54.563034
GWG9QDT X 2020-02-20,81.241866
GWG9QDT X 2020-02-21,62.433406
GWG9QDT X 2020-02-22,79.203668
GWG9QDT X 2020-02-23,57.512784
GWG9QDT X 2020-02-24,74.702965
GWG9QDT X 2020-02-25,58.713019
GWG9QDT X 2020-02-26,40.305992
GWG9QDT X 2020-02-27,30.781529
GWG9QDT X 2020-02-28,66.471419
GWG9QDT X 2020-02-29,32.816750
GWG9QDT X 2020-03-01,35.588671
GWG9QDT X 2020-03-02,29.533302
GWG9QDT X 2020-03-03,31.502671
GWG9QDT X 2020-03-04,32.497985
GWG9QDT X 2020-03-05,27.985713
GWG9QDT X 2020-03-06,29.387467
GWG9QDT X 2020-03-07,69.820921
GWG9QDT X 2020-03-08,73.207669
GWG9QDT X 2020-03-09,46.468487
GWG9QDT X 2020-03-10,72.300318
GWG9QDT X 2020-03-11,70.674816
GWG9QDT X 2020-03-12,78.490630
GWG9QDT X 2020-03-13,90.871771
GWG9QDT X 2020-03-14,40.712367
GWG9QDT X 2020-03-15,62.434209
GWG9QDT X 2020-03-16,31.681723
GWG9QDT X 2020-03-17,39.004058
GWG9QDT X 2020-03-18,58.644206
GWG9QDT X 2020-03-19,61.099111
GWG9QDT X 2020-03-20,74.632864
GWG9QDT X 2020-03-21,76.105288
GWG9QDT X 2020-03-22,52.935190
GWG9QDT X 2020-03-23,49.488425
GWG9QDT X 2020-03-24,40.605765
GWG9QDT X 2020-03-25,48.654755
GWG9QDT X 2020-03-26,61.301122
GWG9QDT X 2020-03-27,32.941753
GWG9QDT X 2020-03-28,63.294552
GWG9QDT X 2020-03-29,61.215648
GWG9QDT X 2020-03-30,28.113036
GWG9QDT X 2020-03-31,22.303012
GWG9QDT X 2020-04-01,42.069190
GWG9QDT X 2020-04-02,54.432745
GWG9QDT X 2020-04-03,38.810615
GWG9QDT X 2020-04-04,63.609132
H6QNYMX X 2020-01-02,111.652384
H6QNYMX X 2020-01-03,111.100408
H6QNYMX X 2020-01-04,127.526036
H6QNYMX X 2020-01-05,115.475373
H6QNYMX X 2020-01-06,95.250201
H6QNYMX X 2020-01-07,43.133967
H6QNYMX X 2020-01-08,46.320463
H6QNYMX X 2020-01-09,124.495528
H6QNYMX X 2020-01-10,132.724508
H6QNYMX X 2020-01-11,150.288269
H6QNYMX X 2020-01-12,131.912770
H6QNYMX X 2020-01-13,72.651903
H6QNYMX X 2020-01-14,100.292664
H6QNYMX X 2020-01-15,114.740714
H6QNYMX X 2020-01-16,103.763735
H6QNYMX X 2020-01-17,151.289242
H6QNYMX X 2020-01-18,125.204019
H6QNYMX X 2020-01-19,131.906333
H6QNYMX X 2020-01-20,120.913349
H6QNYMX X 2020-01-21,100.726103
H6QNYMX X 2020-01-22,148.315528
H6QNYMX X 2020-01-23,130.558160
H6QNYMX X 2020-01-24,118.545674
H6QNYMX X 2020-01-25,145.227615
H6QNYMX X 2020-01-26,111.866392
H6QNYMX X 2020-01-27,43.527447
H6QNYMX X 2020-01-28,58.364188
H6QNYMX X 2020-01-29,101.488461
H6QNYMX X 2020-01-30,116.792778
H6QNYMX X 2020-01-31,131.246061
H6QNYMX X 2020-02-01,135.655406
H6QNYMX X 2020-02-02,98.844323
H6QNYMX X 2020-02-03,87.461567
H6QNYMX X 2020-02-04,126.871198
H6QNYMX X 2020-02-05,87.862917
H6QNYMX X 2020-02-06,95.496624
H6QNYMX X 2020-02-07,93.669934
H6QNYMX X 2020-02-08,101.914317
H6QNYMX X 2020-02-09,95.205433
H6QNYMX X 2020-02-10,114.976108
H6QNYMX X 2020-02-11,116.589742
H6QNYMX X 2020-02-12,72.596775
H6QNYMX X 2020-02-13,134.521976
H6QNYMX X 2020-02-14,121.789860
H6QNYMX X 2020-02-15,98.352405
H6QNYMX X 2020-02-16,44.101960
H6QNYMX X 2020-02-17,43.679656
H6QNYMX X 2020-02-18,81.923247
H6QNYMX X 2020-02-19,107.123504
H6QNYMX X 2020-02-20,128.609229
H6QNYMX X 2020-02-21,86.954183
H6QNYMX X 2020-02-22,76.326706
H6QNYMX X 2020-02-23,83.730621
H6QNYMX X 2020-02-24,106.549021
H6QNYMX X 2020-02-25,45.920565
H6QNYMX X 2020-02-26,70.717206
H6QNYMX X 2020-02-27,87.532746
H6QNYMX X 2020-02-28,100.817234
H6QNYMX X 2020-02-29,85.781003
H6QNYMX X 2020-03-01,90.416813
H6QNYMX X 2020-03-02,81.553245
H6QNYMX X 2020-03-03,72.751372
H6QNYMX X 2020-03-04,57.073653
H6QNYMX X 2020-03-05,80.314866
H6QNYMX X 2020-03-06,153.200140
H6QNYMX X 2020-03-07,104.435018
H6QNYMX X 2020-03-08,110.243714
H6QNYMX X 2020-03-09,165.829930
H6QNYMX X 2020-03-10,73.957028
H6QNYMX X 2020-03-11,62.111381
H6QNYMX X 2020-03-12,97.811388
H6QNYMX X 2020-03-13,46.064463
H6QNYMX X 2020-03-14,89.681429
H6QNYMX X 2020-03-15,46.758962
H6QNYMX X 2020-03-16,71.487755
H6QNYMX X 2020-03-17,124.777176
H6QNYMX X 2020-03-18,90.575516
H6QNYMX X 2020-03-19,32.862111
H6QNYMX X 2020-03-20,87.431488
H6QNYMX X 2020-03-21,129.748986
H6QNYMX X 2020-03-22,49.845627
H6QNYMX X 2020-03-23,88.750628
H6QNYMX X 2020-03-24,96.732013
H6QNYMX X 2020-03-25,123.820144
H6QNYMX X 2020-03-26,89.137337
H6QNYMX X 2020-03-27,75.627493
H6QNYMX X 2020-03-28,72.305307
H6QNYMX X 2020-03-29,76.494422
H6QNYMX X 2020-03-30,84.208407
H6QNYMX X 2020-03-31,76.020147
H6QNYMX X 2020-04-01,80.482980
H6QNYMX X 2020-04-02,83.111975
H6QNYMX X 2020-04-03,68.580917
H6QNYMX X 2020-04-04,54.155234
HJSDEVF X 2020-01-02,52.799000
HJSDEVF X 2020-01-03,29.671833
HJSDEVF X 2020-01-04,27.929198
HJSDEVF X 2020-01-05,38.113050
HJSDEVF X 2020-01-06,45.247197
HJSDEVF X 2020-01-07,39.317222
HJSDEVF X 2020-01-08,37.113276
HJSDEVF X 2020-01-09,29.570274
HJSDEVF X 2020-01-10,23.443230
HJSDEVF X 2020-01-11,34.858073
HJSDEVF X 2020-01-12,28.016627
HJSDEVF X 2020-01-13,44.334311
HJSDEVF X 2020-01-14,20.756396
HJSDEVF X 2020-01-15,21.605794
HJSDEVF X 2020-01-16,37.961995
HJSDEVF X 2020-01-17,36.483963
HJSDEVF X 2020-01-18,30.563943
HJSDEVF X 2020-01-19,37.311674
HJSDEVF X 2020-01-20,33.025075
HJSDEVF X 2020-01-21,71.984800
HJSDEVF X 2020-01-22,56.395831
HJSDEVF X 2020-01-23,74.642082
HJSDEVF X 2020-01-24,79.096020
HJSDEVF X 2020-01-25,49.448632
HJSDEVF X 2020-01-26,55.321479
HJSDEVF X 2020-01-27,31.701490
HJSDEVF X 2020-01-28,18.781141
HJSDEVF X 2020-01-29,27.726225
HJSDEVF X 2020-01-30,36.113196
HJSDEVF X 2020-01-31,22.155575
HJSDEVF X 2020-02-01,24.576636
HJSDEVF X 2020-02-02,33.326750
HJSDEVF X 2020-02-03,32.431590
HJSDEVF X 2020-02-04,27.826437
HJSDEVF X 2020-02-05,42.257728
HJSDEVF X 2020-02-06,50.381115
HJSDEVF X 2020-02-07,77.188798
HJSDEVF X 2020-02-08,34.427041
HJSDEVF X 2020-02-09,27.298189
HJSDEVF X 2020-02-10,32.297590
HJSDEVF X 2020-02-11,24.155020
HJSDEVF X 2020-02-12,31.930020
HJSDEVF X 2020-02-13,25.680876
HJSDEVF X 2020-02-14,34.403471
HJSDEVF X 2020-02-15,34.964783
HJSDEVF X 2020-02-16,20.312685
HJSDEVF X 2020-02-17,26.815927
HJSDEVF X 2020-02-18,27.733925
HJSDEVF X 2020-02-19,28.896411
HJSDEVF X 2020-02-20,26.035450
HJSDEVF X 2020-02-21,31.521263
HJSDEVF X 2020-02-22,31.733124
HJSDEVF X 2020-02-23,27.799573
HJSDEVF X 2020-02-24,28.255198
HJSDEVF X 2020-02-25,26.397083
HJSDEVF X 2020-02-26,25.554389
HJSDEVF X 2020-02-27,26.049187
HJSDEVF X 2020-02-28,26.483063
HJSDEVF X 2020-02-29,39.127819
HJSDEVF X 2020-03-01,26.608440
HJSDEVF X 2020-03-02,25.841458
HJSDEVF X 2020-03-03,32.290495
HJSDEVF X 2020-03-04,55.532760
HJSDEVF X 2020-03-05,34.304351
HJSDEVF X 2020-03-06,42.784862
HJSDEVF X 2020-03-07,41.921052
HJSDEVF X 2020-03-08,26.316093
HJSDEVF X 2020-03-09,26.850573
HJSDEVF X 2020-03-10,22.336390
HJSDEVF X 2020-03-11,22.926389
HJSDEVF X 2020-03-12,23.837717
HJSDEVF X 2020-03-13,26.902538
HJSDEVF X 2020-03-14,57.469709
HJSDEVF X 2020-03-15,31.711016
HJSDEVF X 2020-03-16,44.664418
HJSDEVF X 2020-03-17,43.170714
HJSDEVF X 2020-03-18,29.061396
HJSDEVF X 2020-03-19,48.755493
HJSDEVF X 2020-03-20,29.304112
HJSDEVF X 2020-03-21,28.694905
HJSDEVF X 2020-03-22,49.977308
HJSDEVF X 2020-03-23,53.496601
HJSDEVF X 2020-03-24,48.055849
HJSDEVF X 2020-03-25,54.640967
HJSDEVF X 2020-03-26,61.886783
HJSDEVF X 2020-03-27,63.062190
HJSDEVF X 2020-03-28,61.648651
HJSDEVF X 2020-03-29,29.453497
HJSDEVF X 2020-03-30,28.683544
HJSDEVF X 2020-03-31,32.380610
HJSDEVF X 2020-04-01,47.112222
HJSDEVF X 2020-04-02,40.887485
HJSDEVF X 2020-04-03,25.971703
HJSDEVF X 2020-04-04,35.913357
HP8D6X8 X 2020-01-02,97.412704
HP8D6X8 X 2020-01-03,102.409710
HP8D6X8 X 2020-01-04,79.723917
HP8D6X8 X 2020-01-05,102.517048
HP8D6X8 X 2020-01-06,89.034433
HP8D6X8 X 2020-01-07,75.915661
HP8D6X8 X 2020-01-08,117.111869
HP8D6X8 X 2020-01-09,77.482008
HP8D6X8 X 2020-01-10,132.936024
HP8D6X8 X 2020-01-11,81.997619
HP8D6X8 X 2020-01-12,130.647611
HP8D6X8 X 2020-01-13,103.187344
HP8D6X8 X 2020-01-14,131.582308
HP8D6X8 X 2020-01-15,75.705952
HP8D6X8 X 2020-01-16,71.544118
HP8D6X8 X 2020-01-17,105.457754
HP8D6X8 X 2020-01-18,115.708437
HP8D6X8 X 2020-01-19,99.220118
HP8D6X8 X 2020-01-20,124.694681
HP8D6X8 X 2020-01-21,136.407778
HP8D6X8 X 2020-01-22,113.085825
HP8D6X8 X 2020-01-23,138.626661
HP8D6X8 X 2020-01-24,61.891430
HP8D6X8 X 2020-01-25,60.094901
HP8D6X8 X 2020-01-26,62.888147
HP8D6X8 X 2020-01-27,95.023179
HP8D6X8 X 2020-01-28,109.861558
HP8D6X8 X 2020-01-29,99.389849
HP8D6X8 X 2020-01-30,88.916097
HP8D6X8 X 2020-01-31,140.413516
HP8D6X8 X 2020-02-01,96.969817
HP8D6X8 X 2020-02-02,123.297056
HP8D6X8 X 2020-02-03,112.193405
HP8D6X8 X 2020-02-04,101.178208
HP8D6X8 X 2020-02-05,79.080302
HP8D6X8 X 2020-02-06,82.204694
HP8D6X8 X 2020-02-07,97.891587
HP8D6X8 X 2020-02-08,113.181753
HP8D6X8 X 2020-02-09,82.988140
HP8D6X8 X 2020-02-10,74.772738
HP8D6X8 X 2020-02-11,72.118101
HP8D6X8 X 2020-02-12,88.374659
HP8D6X8 X 2020-02-13,86.077071
HP8D6X8 X 2020-02-14,74.259851
HP8D6X8 X 2020-02-15,65.838024
HP8D6X8 X 2020-02-16,111.058257
HP8D6X8 X 2020-02-17,59.891336
HP8D6X8 X 2020-02-18,80.068151
HP8D6X8 X 2020-02-19,97.059813
HP8D6X8 X 2020-02-20,72.099374
HP8D6X8 X 2020-02-21,64.011581
HP8D6X8 X 2020-02-22,89.098131
HP8D6X8 X 2020-02-23,116.870037
HP8D6X8 X 2020-02-24,91.830343
HP8D6X8 X 2020-02-25,84.648354
HP8D6X8 X 2020-02-26,54.748278
HP8D6X8 X 2020-02-27,75.484020
HP8D6X8 X 2020-02-28,100.166099
HP8D6X8 X 2020-02-29,74.063111
HP8D6X8 X 2020-03-01,76.012234
HP8D6X8 X 2020-03-02,63.128135
HP8D6X8 X 2020-03-03,82.802766
HP8D6X8 X 2020-03-04,104.610917
HP8D6X8 X 2020-03-05,87.236739
HP8D6X8 X 2020-03-06,98.028417
HP8D6X8 X 2020-03-07,95.889313
HP8D6X8 X 2020-03-08,51.498290
HP8D6X8 X 2020-03-09,77.783397
HP8D6X8 X 2020-03-10,59.609661
HP8D6X8 X 2020-03-11,107.129471
HP8D6X8 X 2020-03-12,93.010728
HP8D6X8 X 2020-03-13,73.322335
HP8D6X8 X 2020-03-14,110.499407
HP8D6X8 X 2020-03-15,84.132677
HP8D6X8 X 2020-03-16,113.564316
HP8D6X8 X 2020-03-17,110.311063
HP8D6X8 X 2020-03-18,102.943774
HP8D6X8 X 2020-03-19,116.603992
HP8D6X8 X 2020-03-20,99.486100
HP8D6X8 X 2020-03-21,117.954902
HP8D6X8 X 2020-03-22,126.419835
HP8D6X8 X 2020-03-23,83.630675
HP8D6X8 X 2020-03-24,67.500604
HP8D6X8 X 2020-03-25,107.932579
HP8D6X8 X 2020-03-26,73.968714
HP8D6X8 X 2020-03-27,86.561120
HP8D6X8 X 2020-03-28,61.988237
HP8D6X8 X 2020-03-29,57.228729
HP8D6X8 X 2020-03-30,60.521397
HP8D6X8 X 2020-03-31,70.226179
HP8D6X8 X 2020-04-01,59.207671
HP8D6X8 X 2020-04-02,78.741472
HP8D6X8 X 2020-04-03,73.061556
HP8D6X8 X 2020-04-04,97.896579
HR4CUK5 X 2020-02-04,40.974913
HR4CUK5 X 2020-02-05,37.493290
HR4CUK5 X 2020-02-06,48.324861
HR4CUK5 X 2020-02-07,29.328587
HR4CUK5 X 2020-02-08,34.534458
HR4CUK5 X 2020-02-09,44.730980
HR4CUK5 X 2020-02-10,56.888649
HR4CUK5 X 2020-02-11,60.819758
HR4CUK5 X 2020-02-12,40.050496
HR4CUK5 X 2020-02-13,39.044739
HR4CUK5 X 2020-02-14,41.373488
HR4CUK5 X 2020-02-15,36.143119
HR4CUK5 X 2020-02-16,41.836556
HR4CUK5 X 2020-02-17,40.446258
HR4CUK5 X 2020-02-18,52.533032
HR4CUK5 X 2020-02-19,43.651263
HR4CUK5 X 2020-02-20,36.256599
HR4CUK5 X 2020-02-21,39.916250
HR4CUK5 X 2020-03-03,35.553390
HR4CUK5 X 2020-03-04,31.057510
HR4CUK5 X 2020-03-05,46.677967
HR4CUK5 X 2020-03-06,34.405995
HR4CUK5 X 2020-03-07,32.470750
HR4CUK5 X 2020-03-08,38.714556
HR4CUK5 X 2020-03-09,36.333681
HR4CUK5 X 2020-03-10,50.031214
HR4CUK5 X 2020-03-11,45.180194
HR4CUK5 X 2020-03-12,43.195082
HR4CUK5 X 2020-03-13,44.582749
HR4CUK5 X 2020-03-14,64.768380
HR4CUK5 X 2020-03-15,43.342310
HR4CUK5 X 2020-03-16,43.376142
HR4CUK5 X 2020-03-17,39.653231
HR4CUK5 X 2020-03-18,52.768203
HR4CUK5 X 2020-03-19,37.101206
HR4CUK5 X 2020-03-20,38.264955
HR4CUK5 X 2020-03-21,40.320597
HR4CUK5 X 2020-03-22,37.789118
HR4CUK5 X 2020-03-23,44.989398
HR4CUK5 X 2020-03-24,39.721167
HR4CUK5 X 2020-03-25,41.888741
HR4CUK5 X 2020-03-26,50.528799
HR4CUK5 X 2020-03-27,42.038057
HR4CUK5 X 2020-03-28,43.407086
HR4CUK5 X 2020-03-29,47.482419
HR4CUK5 X 2020-03-30,38.523371
HR4CUK5 X 2020-03-31,43.433011
HR4CUK5 X 2020-04-01,44.445317
HR4CUK5 X 2020-04-02,40.241573
HR4CUK5 X 2020-04-03,65.710131
HR4CUK5 X 2020-04-04,75.752311
HWF7EZ3 X 2020-01-02,35.597358
HWF7EZ3 X 2020-01-03,37.343145
HWF7EZ3 X 2020-01-04,123.694063
HWF7EZ3 X 2020-01-05,74.217385
HWF7EZ3 X 2020-01-06,32.618059
HWF7EZ3 X 2020-01-07,30.764798
HWF7EZ3 X 2020-01-08,42.325772
HWF7EZ3 X 2020-01-09,42.693813
HWF7EZ3 X 2020-01-10,101.637235
HWF7EZ3 X 2020-01-11,91.082406
HWF7EZ3 X 2020-01-12,51.239579
HWF7EZ3 X 2020-01-13,49.299608
HWF7EZ3 X 2020-01-14,98.655624
HWF7EZ3 X 2020-01-15,50.529370
HWF7EZ3 X 2020-01-16,45.135156
HWF7EZ3 X 2020-01-17,34.407612
HWF7EZ3 X 2020-01-18,35.221616
HWF7EZ3 X 2020-01-19,29.905172
HWF7EZ3 X 2020-01-20,36.575623
HWF7EZ3 X 2020-01-21,39.060847
HWF7EZ3 X 2020-01-22,84.943810
HWF7EZ3 X 2020-01-23,36.941939
HWF7EZ3 X 2020-01-24,112.618840
HWF7EZ3 X 2020-01-25,49.380896
HWF7EZ3 X 2020-01-26,38.702085
HWF7EZ3 X 2020-01-27,49.516288
HWF7EZ3 X 2020-01-28,38.979738
HWF7EZ3 X 2020-01-29,45.172996
HWF7EZ3 X 2020-01-30,49.614853
HWF7EZ3 X 2020-01-31,45.710767
HWF7EZ3 X 2020-02-01,38.656159
HWF7EZ3 X 2020-02-02,46.360860
HWF7EZ3 X 2020-02-03,71.058790
HWF7EZ3 X 2020-02-04,42.490758
HWF7EZ3 X 2020-02-05,41.787011
HWF7EZ3 X 2020-02-06,41.819275
HWF7EZ3 X 2020-02-07,39.875522
HWF7EZ3 X 2020-02-08,38.489448
HWF7EZ3 X 2020-02-09,66.893903
HWF7EZ3 X 2020-02-10,48.795755
HWF7EZ3 X 2020-02-11,34.863450
HWF7EZ3 X 2020-02-12,52.881680
HWF7EZ3 X 2020-02-13,79.234366
HWF7EZ3 X 2020-02-14,69.449563
HWF7EZ3 X 2020-02-15,55.219533
HWF7EZ3 X 2020-02-16,37.104495
HWF7EZ3 X 2020-02-17,60.463983
HWF7EZ3 X 2020-02-18,93.083129
HWF7EZ3 X 2020-02-19,87.344734
HWF7EZ3 X 2020-02-20,53.802040
HWF7EZ3 X 2020-02-21,32.048414
HWF7EZ3 X 2020-02-22,39.430339
HWF7EZ3 X 2020-02-23,54.893380
HWF7EZ3 X 2020-02-24,38.744663
HWF7EZ3 X 2020-02-25,46.839765
HWF7EZ3 X 2020-02-26,47.269057
HWF7EZ3 X 2020-02-27,34.928159
HWF7EZ3 X 2020-02-28,48.432241
HWF7EZ3 X 2020-02-29,69.353197
HWF7EZ3 X 2020-03-01,62.527433
HWF7EZ3 X 2020-03-02,62.386673
HWF7EZ3 X 2020-03-03,42.028138
HWF7EZ3 X 2020-03-04,55.659397
HWF7EZ3 X 2020-03-05,63.274951
HWF7EZ3 X 2020-03-06,50.047448
HWF7EZ3 X 2020-03-07,49.608528
HWF7EZ3 X 2020-03-08,70.536325
HWF7EZ3 X 2020-03-09,86.562317
HWF7EZ3 X 2020-03-10,40.952339
HWF7EZ3 X 2020-03-11,67.779869
HWF7EZ3 X 2020-03-12,69.721703
HWF7EZ3 X 2020-03-13,47.014511
HWF7EZ3 X 2020-03-14,85.627433
HWF7EZ3 X 2020-03-15,34.382906
HWF7EZ3 X 2020-03-16,35.503913
HWF7EZ3 X 2020-03-17,45.413832
HWF7EZ3 X 2020-03-18,40.919095
HWF7EZ3 X 2020-03-19,34.123450
HWF7EZ3 X 2020-03-20,79.545146
HWF7EZ3 X 2020-03-21,76.271841
HWF7EZ3 X 2020-03-22,70.538005
HWF7EZ3 X 2020-03-23,45.925001
HWF7EZ3 X 2020-03-24,43.836671
HWF7EZ3 X 2020-03-25,38.158959
HWF7EZ3 X 2020-03-26,40.125413
HWF7EZ3 X 2020-03-27,41.597776
HWF7EZ3 X 2020-03-28,38.384969
HWF7EZ3 X 2020-03-29,30.020101
HWF7EZ3 X 2020-03-30,42.188341
HWF7EZ3 X 2020-03-31,53.246873
HWF7EZ3 X 2020-04-01,31.204079
HWF7EZ3 X 2020-04-02,30.076734
HWF7EZ3 X 2020-04-03,43.410839
HWF7EZ3 X 2020-04-04,63.869865
HX9IVM0 X 2020-01-14,59.190321
HX9IVM0 X 2020-01-15,71.657657
HX9IVM0 X 2020-02-06,81.296901
HX9IVM0 X 2020-02-07,49.544720
HX9IVM0 X 2020-02-08,54.091631
HX9IVM0 X 2020-02-09,46.711516
HX9IVM0 X 2020-02-10,49.211422
HX9IVM0 X 2020-02-11,44.330718
HX9IVM0 X 2020-02-12,41.998040
HX9IVM0 X 2020-02-13,53.267048
HX9IVM0 X 2020-02-14,54.965790
HX9IVM0 X 2020-02-15,53.720856
HX9IVM0 X 2020-02-16,70.842262
HX9IVM0 X 2020-02-17,58.914112
HX9IVM0 X 2020-02-18,67.591939
HX9IVM0 X 2020-02-19,61.419239
HX9IVM0 X 2020-02-20,73.809143
HX9IVM0 X 2020-02-21,39.379844
HX9IVM0 X 2020-02-22,102.374815
HX9IVM0 X 2020-02-23,52.540120
HX9IVM0 X 2020-02-24,61.724271
HX9IVM0 X 2020-02-25,56.066924
HX9IVM0 X 2020-02-26,46.403500
HX9IVM0 X 2020-02-27,62.056504
HX9IVM0 X 2020-02-28,92.989911
HX9IVM0 X 2020-02-29,77.763107
HX9IVM0 X 2020-03-01,80.416796
HX9IVM0 X 2020-03-02,40.024181
HX9IVM0 X 2020-03-03,34.104288
HX9IVM0 X 2020-03-04,65.504460
HX9IVM0 X 2020-03-05,80.962249
HX9IVM0 X 2020-03-06,97.777824
HX9IVM0 X 2020-03-07,65.213823
HX9IVM0 X 2020-03-08,46.803411
HX9IVM0 X 2020-03-09,101.983335
HX9IVM0 X 2020-03-10,76.583374
HX9IVM0 X 2020-03-11,72.219668
HX9IVM0 X 2020-03-15,69.620022
HX9IVM0 X 2020-03-16,46.504837
HX9IVM0 X 2020-03-17,58.288451
HX9IVM0 X 2020-03-18,59.553364
HX9IVM0 X 2020-03-19,54.862437
HX9IVM0 X 2020-03-20,65.082718
HX9IVM0 X 2020-03-21,48.477993
HX9IVM0 X 2020-03-22,47.147816
HX9IVM0 X 2020-03-23,42.846796
HX9IVM0 X 2020-03-24,54.819639
HX9IVM0 X 2020-03-25,66.476582
HX9IVM0 X 2020-03-26,40.201448
HX9IVM0 X 2020-03-27,43.025862
HX9IVM0 X 2020-03-28,52.556005
HX9IVM0 X 2020-03-29,47.273124
HX9IVM0 X 2020-03-30,54.327631
HX9IVM0 X 2020-03-31,32.369071
HX9IVM0 X 2020-04-01,41.010381
HX9IVM0 X 2020-04-02,66.491329
HX9IVM0 X 2020-04-03,51.451589
HX9IVM0 X 2020-04-04,49.796898
HYKM9JF X 2020-01-23,76.292025
HYKM9JF X 2020-01-24,78.956324
HYKM9JF X 2020-01-25,58.619123
HYKM9JF X 2020-01-26,56.420698
HYKM9JF X 2020-01-27,63.841270
HYKM9JF X 2020-01-28,71.304262
HYKM9JF X 2020-01-29,101.624496
HYKM9JF X 2020-01-30,55.839257
HYKM9JF X 2020-01-31,53.535533
HYKM9JF X 2020-02-01,60.823437
HYKM9JF X 2020-02-02,81.175442
HYKM9JF X 2020-02-03,68.684296
HYKM9JF X 2020-02-04,51.286551
HYKM9JF X 2020-02-05,41.343412
HYKM9JF X 2020-02-06,89.232520
HYKM9JF X 2020-02-07,146.039472
HYKM9JF X 2020-02-08,66.150354
HYKM9JF X 2020-02-09,66.147903
HYKM9JF X 2020-02-10,86.195979
HYKM9JF X 2020-02-12,69.513300
HYKM9JF X 2020-02-13,67.164694
HYKM9JF X 2020-02-14,62.891704
HYKM9JF X 2020-02-17,103.177611
HYKM9JF X 2020-02-18,74.897459
HYKM9JF X 2020-02-19,81.469422
HYKM9JF X 2020-02-20,99.891081
HYKM9JF X 2020-02-21,93.346032
HYKM9JF X 2020-02-22,69.481746
HYKM9JF X 2020-02-23,76.495271
IZ7V9WE X 2020-01-02,93.035360
IZ7V9WE X 2020-01-03,50.527918
IZ7V9WE X 2020-01-04,44.380892
IZ7V9WE X 2020-01-05,35.150441
IZ7V9WE X 2020-01-06,49.351733
IZ7V9WE X 2020-01-07,65.630578
IZ7V9WE X 2020-01-08,66.202210
IZ7V9WE X 2020-01-09,33.790132
IZ7V9WE X 2020-01-10,36.346601
IZ7V9WE X 2020-01-11,33.961111
IZ7V9WE X 2020-01-12,83.926536
IZ7V9WE X 2020-01-13,101.190002
IZ7V9WE X 2020-01-14,51.026915
IZ7V9WE X 2020-01-15,59.327501
IZ7V9WE X 2020-01-16,40.715083
IZ7V9WE X 2020-01-17,75.240555
IZ7V9WE X 2020-01-18,43.523677
IZ7V9WE X 2020-01-19,46.824902
IZ7V9WE X 2020-01-20,48.238798
IZ7V9WE X 2020-01-21,45.904577
IZ7V9WE X 2020-01-22,31.398321
IZ7V9WE X 2020-01-23,58.182643
IZ7V9WE X 2020-01-24,60.665440
IZ7V9WE X 2020-01-25,85.875945
IZ7V9WE X 2020-01-26,61.835380
IZ7V9WE X 2020-01-27,43.035694
IZ7V9WE X 2020-01-28,45.826788
IZ7V9WE X 2020-01-29,92.227084
IZ7V9WE X 2020-01-30,45.756672
IZ7V9WE X 2020-01-31,82.864529
IZ7V9WE X 2020-02-01,66.049462
IZ7V9WE X 2020-02-02,68.060520
IZ7V9WE X 2020-02-03,67.088891
IZ7V9WE X 2020-02-04,67.297486
IZ7V9WE X 2020-02-05,51.569210
IZ7V9WE X 2020-02-06,66.686281
IZ7V9WE X 2020-02-07,52.040238
IZ7V9WE X 2020-02-08,46.741853
IZ7V9WE X 2020-02-09,81.220745
IZ7V9WE X 2020-02-10,60.176184
IZ7V9WE X 2020-02-11,33.688400
IZ7V9WE X 2020-02-12,24.239016
IZ7V9WE X 2020-02-13,56.611320
IZ7V9WE X 2020-02-14,65.543571
IZ7V9WE X 2020-02-15,87.320825
IZ7V9WE X 2020-02-16,66.231520
IZ7V9WE X 2020-02-17,36.949786
IZ7V9WE X 2020-02-18,55.176150
IZ7V9WE X 2020-02-19,49.264266
IZ7V9WE X 2020-02-20,47.758737
IZ7V9WE X 2020-02-21,37.924632
IZ7V9WE X 2020-02-22,57.340433
IZ7V9WE X 2020-02-23,39.959925
IZ7V9WE X 2020-02-24,93.676902
IZ7V9WE X 2020-02-25,84.749825
IZ7V9WE X 2020-02-26,47.739277
IZ7V9WE X 2020-02-27,66.504356
IZ7V9WE X 2020-02-28,54.353151
IZ7V9WE X 2020-03-02,51.912220
IZ7V9WE X 2020-03-03,75.226632
IZ7V9WE X 2020-03-04,68.819903
IZ7V9WE X 2020-03-05,57.860062
IZ7V9WE X 2020-03-06,74.009987
IZ7V9WE X 2020-03-07,59.972898
IZ7V9WE X 2020-03-08,48.488361
IZ7V9WE X 2020-03-09,45.287496
IZ7V9WE X 2020-03-10,57.495634
IZ7V9WE X 2020-03-11,77.314167
IZ7V9WE X 2020-03-12,58.239782
IZ7V9WE X 2020-03-13,46.055399
IZ7V9WE X 2020-03-14,49.485600
IZ7V9WE X 2020-03-15,43.421385
IZ7V9WE X 2020-03-16,55.684218
IZ7V9WE X 2020-03-17,61.646417
IZ7V9WE X 2020-03-18,50.691071
IZ7V9WE X 2020-03-19,53.988537
IZ7V9WE X 2020-03-20,46.534578
IZ7V9WE X 2020-03-21,51.208746
IZ7V9WE X 2020-03-22,53.801053
IZ7V9WE X 2020-03-23,65.142156
IZ7V9WE X 2020-03-24,70.238893
IZ7V9WE X 2020-03-25,48.074517
IZ7V9WE X 2020-03-26,43.047648
IZ7V9WE X 2020-03-27,60.430949
IZ7V9WE X 2020-03-28,68.897906
IZ7V9WE X 2020-03-29,83.207316
IZ7V9WE X 2020-03-30,60.324044
IZ7V9WE X 2020-03-31,54.287478
IZ7V9WE X 2020-04-01,48.896586
IZ7V9WE X 2020-04-02,58.654289
IZ7V9WE X 2020-04-03,54.287892
IZ7V9WE X 2020-04-04,34.163365
IZUDLPW X 2020-01-02,132.845747
IZUDLPW X 2020-01-03,138.104211
IZUDLPW X 2020-01-04,151.488365
IZUDLPW X 2020-01-05,123.063661
IZUDLPW X 2020-01-06,158.793632
IZUDLPW X 2020-01-07,49.362516
IZUDLPW X 2020-01-08,112.367258
IZUDLPW X 2020-01-09,108.171541
IZUDLPW X 2020-01-10,152.957746
IZUDLPW X 2020-01-11,95.377065
IZUDLPW X 2020-01-12,111.732148
IZUDLPW X 2020-01-13,113.837806
IZUDLPW X 2020-01-14,126.389223
IZUDLPW X 2020-01-15,173.416921
IZUDLPW X 2020-01-16,156.302278
IZUDLPW X 2020-01-17,200.011056
IZUDLPW X 2020-01-18,144.314048
IZUDLPW X 2020-01-19,110.898615
IZUDLPW X 2020-01-20,101.629526
IZUDLPW X 2020-01-21,154.363032
IZUDLPW X 2020-01-22,186.313377
IZUDLPW X 2020-01-23,145.060745
IZUDLPW X 2020-01-24,96.771615
IZUDLPW X 2020-01-25,175.761108
IZUDLPW X 2020-01-26,125.072086
IZUDLPW X 2020-01-27,93.663901
IZUDLPW X 2020-01-28,102.181886
IZUDLPW X 2020-01-29,63.157560
IZUDLPW X 2020-01-30,48.163919
IZUDLPW X 2020-01-31,163.624439
IZUDLPW X 2020-02-01,130.130308
IZUDLPW X 2020-02-02,138.768238
IZUDLPW X 2020-02-03,104.378571
IZUDLPW X 2020-02-04,88.836799
IZUDLPW X 2020-02-05,99.604409
IZUDLPW X 2020-02-06,130.481632
IZUDLPW X 2020-02-07,136.280381
IZUDLPW X 2020-02-08,107.636153
IZUDLPW X 2020-02-09,130.545474
IZUDLPW X 2020-02-10,182.253679
IZUDLPW X 2020-02-11,164.574963
IZUDLPW X 2020-02-12,161.643676
IZUDLPW X 2020-02-13,94.184000
IZUDLPW X 2020-02-14,86.415337
IZUDLPW X 2020-02-15,79.092500
IZUDLPW X 2020-02-16,74.693343
IZUDLPW X 2020-02-17,97.526624
IZUDLPW X 2020-02-18,89.030612
IZUDLPW X 2020-02-19,158.822132
IZUDLPW X 2020-02-20,69.014151
IZUDLPW X 2020-02-21,147.987981
IZUDLPW X 2020-02-22,75.025881
IZUDLPW X 2020-02-23,106.762146
IZUDLPW X 2020-02-24,86.231171
IZUDLPW X 2020-02-25,48.496172
IZUDLPW X 2020-02-26,100.529282
IZUDLPW X 2020-02-27,115.887706
IZUDLPW X 2020-02-28,147.211218
IZUDLPW X 2020-02-29,102.043280
IZUDLPW X 2020-03-01,148.225939
IZUDLPW X 2020-03-02,84.798138
IZUDLPW X 2020-03-03,104.683107
IZUDLPW X 2020-03-04,91.184788
IZUDLPW X 2020-03-05,105.867911
IZUDLPW X 2020-03-06,133.289582
IZUDLPW X 2020-03-07,90.963308
IZUDLPW X 2020-03-08,80.242146
IZUDLPW X 2020-03-09,46.694929
IZUDLPW X 2020-03-10,72.638060
IZUDLPW X 2020-03-11,105.193048
IZUDLPW X 2020-03-12,49.446459
IZUDLPW X 2020-03-13,84.982155
IZUDLPW X 2020-03-14,47.304157
IZUDLPW X 2020-03-15,78.725381
IZUDLPW X 2020-03-16,94.934143
IZUDLPW X 2020-03-17,105.344191
IZUDLPW X 2020-03-18,88.657861
IZUDLPW X 2020-03-19,34.675094
IZUDLPW X 2020-03-20,111.035607
IZUDLPW X 2020-03-21,74.977274
IZUDLPW X 2020-03-22,92.485489
IZUDLPW X 2020-03-23,87.264940
IZUDLPW X 2020-03-24,99.127156
IZUDLPW X 2020-03-25,97.840833
IZUDLPW X 2020-03-26,45.894889
IZUDLPW X 2020-03-27,77.852608
IZUDLPW X 2020-03-28,83.308429
IZUDLPW X 2020-03-29,104.645131
IZUDLPW X 2020-03-30,50.969336
IZUDLPW X 2020-03-31,82.716660
IZUDLPW X 2020-04-01,61.576407
IZUDLPW X 2020-04-02,73.799575
IZUDLPW X 2020-04-03,78.470890
IZUDLPW X 2020-04-04,64.609813
JN2IEZN X 2020-01-02,35.717958
JN2IEZN X 2020-01-03,70.632030
JN2IEZN X 2020-01-04,95.788356
JN2IEZN X 2020-01-05,85.131272
JN2IEZN X 2020-01-06,40.845406
JN2IEZN X 2020-01-07,51.645642
JN2IEZN X 2020-01-08,42.139784
JN2IEZN X 2020-01-09,53.236724
JN2IEZN X 2020-01-10,100.177694
JN2IEZN X 2020-01-11,90.445750
JN2IEZN X 2020-01-12,106.867604
JN2IEZN X 2020-01-13,76.867667
JN2IEZN X 2020-01-14,99.502534
JN2IEZN X 2020-01-15,100.011120
JN2IEZN X 2020-01-16,95.308111
JN2IEZN X 2020-01-17,87.116845
JN2IEZN X 2020-01-18,85.723382
JN2IEZN X 2020-01-19,97.679776
JN2IEZN X 2020-01-20,80.206057
JN2IEZN X 2020-01-21,52.649679
JN2IEZN X 2020-01-22,89.535815
JN2IEZN X 2020-01-23,80.600200
JN2IEZN X 2020-01-24,80.227659
JN2IEZN X 2020-01-25,79.019892
JN2IEZN X 2020-01-26,89.968380
JN2IEZN X 2020-01-27,91.163051
JN2IEZN X 2020-01-28,58.079083
JN2IEZN X 2020-01-29,56.318033
JN2IEZN X 2020-01-30,54.933325
JN2IEZN X 2020-01-31,33.693462
JN2IEZN X 2020-02-01,69.459106
JN2IEZN X 2020-02-02,63.363885
JN2IEZN X 2020-02-03,97.289016
JN2IEZN X 2020-02-04,33.451266
JN2IEZN X 2020-02-05,40.480435
JN2IEZN X 2020-02-06,29.250754
JN2IEZN X 2020-02-07,47.049712
JN2IEZN X 2020-02-08,42.564016
JN2IEZN X 2020-02-09,84.033369
JN2IEZN X 2020-02-10,53.261012
JN2IEZN X 2020-02-11,55.726206
JN2IEZN X 2020-02-12,44.754220
JN2IEZN X 2020-02-13,67.873316
JN2IEZN X 2020-02-14,100.050571
JN2IEZN X 2020-02-15,58.814885
JN2IEZN X 2020-02-16,51.605042
JN2IEZN X 2020-02-17,59.942057
JN2IEZN X 2020-02-18,85.400909
JN2IEZN X 2020-02-19,86.196868
JN2IEZN X 2020-02-20,56.077885
JN2IEZN X 2020-02-21,36.011951
JN2IEZN X 2020-02-22,39.803778
JN2IEZN X 2020-02-23,34.732519
JN2IEZN X 2020-02-24,104.146290
JN2IEZN X 2020-02-25,75.305218
JN2IEZN X 2020-02-26,65.484333
JN2IEZN X 2020-02-27,40.762112
JN2IEZN X 2020-02-28,30.888299
JN2IEZN X 2020-02-29,50.617627
JN2IEZN X 2020-03-01,73.670313
JN2IEZN X 2020-03-02,71.532544
JN2IEZN X 2020-03-03,48.347086
JN2IEZN X 2020-03-04,56.401238
JN2IEZN X 2020-03-05,34.780549
JN2IEZN X 2020-03-06,34.491135
JN2IEZN X 2020-03-07,46.258643
JN2IEZN X 2020-03-08,56.533895
JN2IEZN X 2020-03-09,58.750090
JN2IEZN X 2020-03-10,38.149903
JN2IEZN X 2020-03-11,49.478987
JN2IEZN X 2020-03-12,68.262278
JN2IEZN X 2020-03-13,51.689540
JN2IEZN X 2020-03-14,54.560348
JN2IEZN X 2020-03-15,48.428040
JN2IEZN X 2020-03-16,46.949985
JN2IEZN X 2020-03-17,40.340419
JN2IEZN X 2020-03-18,81.146997
JN2IEZN X 2020-03-19,46.121484
JN2IEZN X 2020-03-20,81.784133
JN2IEZN X 2020-03-21,80.678454
JN2IEZN X 2020-03-22,66.984060
JN2IEZN X 2020-03-23,47.488980
JN2IEZN X 2020-03-24,51.114299
JN2IEZN X 2020-03-25,51.553238
JN2IEZN X 2020-03-26,55.603508
JN2IEZN X 2020-03-27,74.145762
JN2IEZN X 2020-03-28,47.851913
JN2IEZN X 2020-03-29,32.905106
JN2IEZN X 2020-03-30,40.596131
JN2IEZN X 2020-03-31,63.340995
JN2IEZN X 2020-04-01,54.287590
JN2IEZN X 2020-04-02,58.436156
JN2IEZN X 2020-04-03,74.669778
JN2IEZN X 2020-04-04,69.533417
JPD1BBI X 2020-01-02,34.669327
JPD1BBI X 2020-01-03,22.644156
JPD1BBI X 2020-01-04,27.742886
JPD1BBI X 2020-01-05,29.016006
JPD1BBI X 2020-01-06,26.327129
JPD1BBI X 2020-01-07,23.599085
JPD1BBI X 2020-01-08,21.758142
JPD1BBI X 2020-01-09,27.050894
JPD1BBI X 2020-01-10,23.378689
JPD1BBI X 2020-01-11,25.458975
JPD1BBI X 2020-01-12,27.258184
JPD1BBI X 2020-01-13,21.410833
JPD1BBI X 2020-01-14,28.298277
JPD1BBI X 2020-01-15,23.721889
JPD1BBI X 2020-01-16,20.912405
JPD1BBI X 2020-01-17,20.607371
JPD1BBI X 2020-01-18,29.114685
JPD1BBI X 2020-01-19,36.713625
JPD1BBI X 2020-01-20,56.438763
JPD1BBI X 2020-01-21,47.566530
JPD1BBI X 2020-01-22,52.380116
JPD1BBI X 2020-01-23,39.170502
JPD1BBI X 2020-01-24,33.314235
JPD1BBI X 2020-01-25,42.928126
JPD1BBI X 2020-01-26,26.403854
JPD1BBI X 2020-01-27,23.624869
JPD1BBI X 2020-01-28,24.037405
JPD1BBI X 2020-01-31,25.778304
JPD1BBI X 2020-02-01,24.625558
JPD1BBI X 2020-02-02,24.549181
JPD1BBI X 2020-02-03,21.828163
JPD1BBI X 2020-02-04,26.449702
JPD1BBI X 2020-02-05,28.247048
JPD1BBI X 2020-02-06,53.273448
JPD1BBI X 2020-02-07,29.172538
JPD1BBI X 2020-02-08,24.795999
JPD1BBI X 2020-02-09,25.206622
JPD1BBI X 2020-02-10,35.589813
JPD1BBI X 2020-02-11,23.938091
JPD1BBI X 2020-02-12,24.496394
JPD1BBI X 2020-02-13,22.430704
JPD1BBI X 2020-02-14,23.486447
JPD1BBI X 2020-02-15,24.883061
JPD1BBI X 2020-02-16,25.135546
JPD1BBI X 2020-02-17,21.013290
JPD1BBI X 2020-02-18,23.495110
JPD1BBI X 2020-02-19,23.988472
JPD1BBI X 2020-02-20,19.177779
JPD1BBI X 2020-02-21,27.886887
JPD1BBI X 2020-02-22,25.411974
JPD1BBI X 2020-02-23,17.874459
JPD1BBI X 2020-02-24,18.109639
JPD1BBI X 2020-02-25,22.571736
JPD1BBI X 2020-02-26,26.294103
JPD1BBI X 2020-02-27,21.798496
JPD1BBI X 2020-02-28,31.538472
JPD1BBI X 2020-02-29,22.067676
JPD1BBI X 2020-03-01,22.164956
JPD1BBI X 2020-03-02,21.027905
JPD1BBI X 2020-03-03,23.227471
JPD1BBI X 2020-03-04,33.513079
JPD1BBI X 2020-03-05,37.910542
JPD1BBI X 2020-03-06,40.524750
JPD1BBI X 2020-03-07,24.847487
JPD1BBI X 2020-03-08,21.185923
JPD1BBI X 2020-03-09,26.744460
JPD1BBI X 2020-03-10,22.494998
JPD1BBI X 2020-03-11,19.952867
JPD1BBI X 2020-03-12,22.057476
JPD1BBI X 2020-03-13,32.302233
JPD1BBI X 2020-03-14,27.090385
JPD1BBI X 2020-03-15,27.364664
JPD1BBI X 2020-03-16,31.282421
JPD1BBI X 2020-03-17,23.185358
JPD1BBI X 2020-03-18,22.959739
JPD1BBI X 2020-03-19,31.077947
JPD1BBI X 2020-03-20,46.280888
JPD1BBI X 2020-03-21,48.251491
JPD1BBI X 2020-03-22,41.243488
JPD1BBI X 2020-03-23,29.454081
JPD1BBI X 2020-03-24,37.198288
JPD1BBI X 2020-03-25,32.325210
JPD1BBI X 2020-03-26,47.445295
JPD1BBI X 2020-03-27,72.417397
JPD1BBI X 2020-03-28,35.886376
JPD1BBI X 2020-03-29,37.591362
JPD1BBI X 2020-03-30,27.724687
JPD1BBI X 2020-03-31,29.784464
JPD1BBI X 2020-04-01,27.325282
JPD1BBI X 2020-04-02,25.800626
JPD1BBI X 2020-04-03,29.977968
JPD1BBI X 2020-04-04,50.737644
JQ83891 X 2020-01-02,83.052104
JQ83891 X 2020-01-03,180.165529
JQ83891 X 2020-01-04,146.222221
JQ83891 X 2020-01-05,76.911715
JQ83891 X 2020-01-06,66.052833
JQ83891 X 2020-01-07,137.303812
JQ83891 X 2020-01-08,110.427128
JQ83891 X 2020-01-09,124.882583
JQ83891 X 2020-01-10,121.766032
JQ83891 X 2020-01-11,96.411579
JQ83891 X 2020-01-12,122.358557
JQ83891 X 2020-01-13,195.086116
JQ83891 X 2020-01-14,176.846414
JQ83891 X 2020-01-15,89.897607
JQ83891 X 2020-01-16,132.986762
JQ83891 X 2020-01-17,157.469312
JQ83891 X 2020-01-18,94.765730
JQ83891 X 2020-01-19,148.487759
JQ83891 X 2020-01-20,120.263660
JQ83891 X 2020-01-21,146.815451
JQ83891 X 2020-01-22,161.175163
JQ83891 X 2020-01-23,62.231753
JQ83891 X 2020-01-24,40.862746
JQ83891 X 2020-01-25,82.754275
JQ83891 X 2020-01-26,118.780128
JQ83891 X 2020-01-27,130.830728
JQ83891 X 2020-01-28,154.615102
JQ83891 X 2020-01-29,158.125417
JQ83891 X 2020-01-30,154.590214
JQ83891 X 2020-01-31,135.080979
JQ83891 X 2020-02-01,134.532979
JQ83891 X 2020-02-02,153.178095
JQ83891 X 2020-02-03,141.616892
JQ83891 X 2020-02-04,149.799438
JQ83891 X 2020-02-05,66.516687
JQ83891 X 2020-02-06,93.429415
JQ83891 X 2020-02-07,94.276763
JQ83891 X 2020-02-08,143.552389
JQ83891 X 2020-02-09,118.780820
JQ83891 X 2020-02-10,94.818120
JQ83891 X 2020-02-11,117.975089
JQ83891 X 2020-02-12,94.739102
JQ83891 X 2020-02-13,70.650077
JQ83891 X 2020-02-14,54.607451
JQ83891 X 2020-02-15,61.398056
JQ83891 X 2020-02-16,95.046537
JQ83891 X 2020-02-17,71.274144
JQ83891 X 2020-02-18,75.104500
JQ83891 X 2020-02-19,86.988499
JQ83891 X 2020-02-20,76.867496
JQ83891 X 2020-02-21,83.209836
JQ83891 X 2020-02-22,88.825865
JQ83891 X 2020-02-23,129.165110
JQ83891 X 2020-02-24,71.228544
JQ83891 X 2020-02-25,126.722325
JQ83891 X 2020-02-26,65.031598
JQ83891 X 2020-02-27,99.232829
JQ83891 X 2020-02-28,131.378060
JQ83891 X 2020-02-29,94.461708
JQ83891 X 2020-03-01,155.240929
JQ83891 X 2020-03-02,152.663016
JQ83891 X 2020-03-03,57.591738
JQ83891 X 2020-03-04,91.778583
JQ83891 X 2020-03-05,145.517974
JQ83891 X 2020-03-06,111.654877
JQ83891 X 2020-03-07,121.736179
JQ83891 X 2020-03-08,114.762735
JQ83891 X 2020-03-09,67.441692
JQ83891 X 2020-03-10,78.674758
JQ83891 X 2020-03-11,88.980922
JQ83891 X 2020-03-12,103.793978
JQ83891 X 2020-03-13,113.141956
JQ83891 X 2020-03-14,70.321980
JQ83891 X 2020-03-15,70.535302
JQ83891 X 2020-03-16,99.063413
JQ83891 X 2020-03-17,67.202187
JQ83891 X 2020-03-18,82.057422
JQ83891 X 2020-03-19,65.626254
JQ83891 X 2020-03-20,85.206734
JQ83891 X 2020-03-21,123.357566
JQ83891 X 2020-03-22,113.408250
JQ83891 X 2020-03-23,93.516365
JQ83891 X 2020-03-24,110.755470
JQ83891 X 2020-03-25,74.325196
JQ83891 X 2020-03-26,84.058869
JQ83891 X 2020-03-27,30.949328
JQ83891 X 2020-03-28,134.797795
JQ83891 X 2020-03-29,58.784366
JQ83891 X 2020-03-30,41.234187
JQ83891 X 2020-03-31,63.258696
JQ83891 X 2020-04-01,59.322406
JQ83891 X 2020-04-02,44.075330
JQ83891 X 2020-04-03,86.613993
JQ83891 X 2020-04-04,98.964266
JTT436U X 2020-01-02,31.019471
JTT436U X 2020-01-03,38.915334
JTT436U X 2020-01-04,26.274578
JTT436U X 2020-01-05,34.117347
JTT436U X 2020-01-06,33.683702
JTT436U X 2020-01-07,43.926013
JTT436U X 2020-01-08,41.639112
JTT436U X 2020-01-09,29.019274
JTT436U X 2020-01-10,24.254643
JTT436U X 2020-01-11,32.600803
JTT436U X 2020-01-12,46.082369
JTT436U X 2020-01-13,50.676791
JTT436U X 2020-01-14,36.186099
JTT436U X 2020-01-15,80.803087
JTT436U X 2020-01-16,33.215505
JTT436U X 2020-01-17,36.975295
JTT436U X 2020-01-18,36.982728
JTT436U X 2020-01-19,59.103958
JTT436U X 2020-01-20,41.070730
JTT436U X 2020-01-21,30.244418
JTT436U X 2020-01-22,66.678094
JTT436U X 2020-01-23,49.300651
JTT436U X 2020-01-24,55.028159
JTT436U X 2020-01-25,35.467802
JTT436U X 2020-01-26,40.844922
JTT436U X 2020-01-27,40.480895
JTT436U X 2020-01-28,34.861002
JTT436U X 2020-01-29,65.181688
JTT436U X 2020-01-30,34.372722
JTT436U X 2020-01-31,31.101536
JTT436U X 2020-02-01,32.422003
JTT436U X 2020-02-02,30.555608
JTT436U X 2020-02-03,54.514827
JTT436U X 2020-02-04,32.161299
JTT436U X 2020-02-05,37.040497
JTT436U X 2020-02-06,35.083359
JTT436U X 2020-02-07,37.387810
JTT436U X 2020-02-08,35.197967
JTT436U X 2020-02-09,39.196200
JTT436U X 2020-02-10,72.383238
JTT436U X 2020-02-11,30.189942
JTT436U X 2020-02-12,37.622591
JTT436U X 2020-02-13,47.473319
JTT436U X 2020-02-14,50.844601
JTT436U X 2020-02-15,74.204254
JTT436U X 2020-02-16,44.285976
JTT436U X 2020-02-17,31.677378
JTT436U X 2020-02-18,33.477008
JTT436U X 2020-02-19,29.295828
JTT436U X 2020-02-20,41.717341
JTT436U X 2020-02-21,36.367826
JTT436U X 2020-02-22,43.555836
JTT436U X 2020-02-23,39.556046
JTT436U X 2020-02-24,37.472471
JTT436U X 2020-02-25,66.484655
JTT436U X 2020-02-26,48.123484
JTT436U X 2020-02-27,32.578980
JTT436U X 2020-02-28,38.988608
JTT436U X 2020-02-29,40.641675
JTT436U X 2020-03-01,49.500587
JTT436U X 2020-03-02,48.153979
JTT436U X 2020-03-03,30.158667
JTT436U X 2020-03-04,38.194341
JTT436U X 2020-03-05,36.591591
JTT436U X 2020-03-06,33.405443
JTT436U X 2020-03-07,49.050108
JTT436U X 2020-03-08,58.167635
JTT436U X 2020-03-09,58.634032
JTT436U X 2020-03-10,37.205248
JTT436U X 2020-03-11,38.656338
JTT436U X 2020-03-12,33.710504
JTT436U X 2020-03-13,39.281266
JTT436U X 2020-03-14,37.250632
JTT436U X 2020-03-15,39.103853
JTT436U X 2020-03-16,39.964478
JTT436U X 2020-03-17,38.310625
JTT436U X 2020-03-18,39.105354
JTT436U X 2020-03-19,42.286905
JTT436U X 2020-03-20,42.303304
JTT436U X 2020-03-21,34.026189
JTT436U X 2020-03-22,59.095421
JTT436U X 2020-03-23,32.114452
JTT436U X 2020-03-24,38.873770
JTT436U X 2020-03-25,33.113050
JTT436U X 2020-03-26,51.970865
JTT436U X 2020-03-27,64.469700
JTT436U X 2020-03-28,55.088179
JTT436U X 2020-03-29,28.513480
JTT436U X 2020-03-30,39.975313
JTT436U X 2020-03-31,35.687408
JTT436U X 2020-04-01,38.293587
JTT436U X 2020-04-02,48.149561
JTT436U X 2020-04-03,42.642492
JTT436U X 2020-04-04,45.186948
JV6BKL1 X 2020-01-02,75.174752
JV6BKL1 X 2020-01-03,48.218417
JV6BKL1 X 2020-01-04,37.709662
JV6BKL1 X 2020-01-05,46.467586
JV6BKL1 X 2020-01-06,75.986149
JV6BKL1 X 2020-01-07,32.943558
JV6BKL1 X 2020-01-08,36.571315
JV6BKL1 X 2020-01-09,36.574288
JV6BKL1 X 2020-01-10,26.820024
JV6BKL1 X 2020-01-11,41.850401
JV6BKL1 X 2020-01-12,52.054647
JV6BKL1 X 2020-01-13,40.511810
JV6BKL1 X 2020-01-14,26.625737
JV6BKL1 X 2020-01-15,26.341057
JV6BKL1 X 2020-01-16,38.347175
JV6BKL1 X 2020-01-17,24.235606
JV6BKL1 X 2020-01-18,30.643099
JV6BKL1 X 2020-01-19,65.066037
JV6BKL1 X 2020-01-20,55.343476
JV6BKL1 X 2020-01-21,59.313377
JV6BKL1 X 2020-01-22,66.327408
JV6BKL1 X 2020-01-23,44.835401
JV6BKL1 X 2020-01-24,84.246889
JV6BKL1 X 2020-01-25,75.668246
JV6BKL1 X 2020-01-26,74.318000
JV6BKL1 X 2020-01-27,36.167689
JV6BKL1 X 2020-01-28,18.331652
JV6BKL1 X 2020-01-29,19.524042
JV6BKL1 X 2020-01-30,30.879212
JV6BKL1 X 2020-01-31,18.203898
JV6BKL1 X 2020-02-01,19.265187
JV6BKL1 X 2020-02-02,18.179608
JV6BKL1 X 2020-02-03,20.073970
JV6BKL1 X 2020-02-04,19.334298
JV6BKL1 X 2020-02-05,36.424216
JV6BKL1 X 2020-02-06,62.116099
JV6BKL1 X 2020-02-07,69.894520
JV6BKL1 X 2020-02-08,57.801515
JV6BKL1 X 2020-02-09,37.956016
JV6BKL1 X 2020-02-10,30.789204
JV6BKL1 X 2020-02-11,19.660243
JV6BKL1 X 2020-02-12,22.917751
JV6BKL1 X 2020-02-13,45.143939
JV6BKL1 X 2020-02-14,25.034552
JV6BKL1 X 2020-02-15,32.018258
JV6BKL1 X 2020-02-16,28.912552
JV6BKL1 X 2020-02-17,18.576822
JV6BKL1 X 2020-02-18,16.070729
JV6BKL1 X 2020-02-19,28.054954
JV6BKL1 X 2020-02-20,29.306062
JV6BKL1 X 2020-02-21,27.299212
JV6BKL1 X 2020-02-22,36.820652
JV6BKL1 X 2020-02-23,19.711754
JV6BKL1 X 2020-02-24,20.334715
JV6BKL1 X 2020-02-25,31.016770
JV6BKL1 X 2020-02-26,17.636845
JV6BKL1 X 2020-02-27,33.630163
JV6BKL1 X 2020-02-28,25.332860
JV6BKL1 X 2020-02-29,24.486339
JV6BKL1 X 2020-03-01,17.827084
JV6BKL1 X 2020-03-02,22.251958
JV6BKL1 X 2020-03-03,21.595108
JV6BKL1 X 2020-03-04,25.117387
JV6BKL1 X 2020-03-05,29.765206
JV6BKL1 X 2020-03-06,24.828540
JV6BKL1 X 2020-03-07,42.339452
JV6BKL1 X 2020-03-08,30.374770
JV6BKL1 X 2020-03-09,25.688829
JV6BKL1 X 2020-03-10,21.391806
JV6BKL1 X 2020-03-11,16.926542
JV6BKL1 X 2020-03-12,18.645006
JV6BKL1 X 2020-03-13,25.365778
JV6BKL1 X 2020-03-14,45.543479
JV6BKL1 X 2020-03-15,42.461377
JV6BKL1 X 2020-03-16,35.554429
JV6BKL1 X 2020-03-17,59.106705
JV6BKL1 X 2020-03-18,59.829185
JV6BKL1 X 2020-03-19,55.515522
JV6BKL1 X 2020-03-20,58.746849
JV6BKL1 X 2020-03-21,45.003830
JV6BKL1 X 2020-03-22,29.306437
JV6BKL1 X 2020-03-23,27.606370
JV6BKL1 X 2020-03-24,37.666204
JV6BKL1 X 2020-03-25,34.835984
JV6BKL1 X 2020-03-26,53.944193
JV6BKL1 X 2020-03-27,50.228791
JV6BKL1 X 2020-03-28,70.917320
JV6BKL1 X 2020-03-29,30.285536
JV6BKL1 X 2020-03-30,24.876019
JV6BKL1 X 2020-03-31,47.236218
JV6BKL1 X 2020-04-01,44.875099
JV6BKL1 X 2020-04-02,61.854202
JV6BKL1 X 2020-04-03,60.623578
JV6BKL1 X 2020-04-04,48.597622
JWR64XG X 2020-01-02,68.155698
JWR64XG X 2020-01-03,72.045265
JWR64XG X 2020-01-04,92.670063
JWR64XG X 2020-01-05,54.484541
JWR64XG X 2020-01-06,64.254237
JWR64XG X 2020-01-07,78.961127
JWR64XG X 2020-01-08,102.054775
JWR64XG X 2020-01-09,69.617728
JWR64XG X 2020-01-10,78.897630
JWR64XG X 2020-01-11,54.861256
JWR64XG X 2020-01-12,56.986254
JWR64XG X 2020-01-13,82.418155
JWR64XG X 2020-01-14,84.502382
JWR64XG X 2020-01-15,85.216112
JWR64XG X 2020-01-16,101.190802
JWR64XG X 2020-01-17,81.542778
JWR64XG X 2020-01-18,46.306935
JWR64XG X 2020-01-19,74.282743
JWR64XG X 2020-01-20,84.466526
JWR64XG X 2020-01-21,40.627975
JWR64XG X 2020-01-22,43.388959
JWR64XG X 2020-01-23,30.996143
JWR64XG X 2020-01-24,89.021766
JWR64XG X 2020-01-25,111.608177
JWR64XG X 2020-01-26,103.867294
JWR64XG X 2020-02-02,66.467036
JWR64XG X 2020-02-03,42.998513
JWR64XG X 2020-02-04,35.916524
JWR64XG X 2020-02-05,36.867747
JWR64XG X 2020-02-06,44.308106
JWR64XG X 2020-02-07,34.778399
JWR64XG X 2020-02-08,41.822115
JWR64XG X 2020-02-09,71.899119
JWR64XG X 2020-02-10,55.291159
JWR64XG X 2020-02-11,28.009570
JWR64XG X 2020-02-12,36.041926
JWR64XG X 2020-02-13,33.435468
JWR64XG X 2020-02-14,54.820541
JWR64XG X 2020-02-15,58.711985
JWR64XG X 2020-02-16,52.733938
JWR64XG X 2020-02-17,63.951286
JWR64XG X 2020-02-18,65.511385
JWR64XG X 2020-02-19,40.777202
JWR64XG X 2020-02-20,59.901548
JWR64XG X 2020-02-21,53.541151
JWR64XG X 2020-02-22,32.721275
JWR64XG X 2020-02-23,48.176746
JWR64XG X 2020-02-24,26.462115
JWR64XG X 2020-02-25,73.234511
JWR64XG X 2020-02-26,63.744571
JWR64XG X 2020-02-27,32.686592
JWR64XG X 2020-02-28,61.622114
JWR64XG X 2020-02-29,56.030405
JWR64XG X 2020-03-01,49.261246
JWR64XG X 2020-03-02,36.220865
JWR64XG X 2020-03-03,45.238066
JWR64XG X 2020-03-04,54.558324
JWR64XG X 2020-03-05,31.325939
JWR64XG X 2020-03-06,61.351491
JWR64XG X 2020-03-07,42.600383
JWR64XG X 2020-03-08,40.723978
JWR64XG X 2020-03-09,64.079798
JWR64XG X 2020-03-10,51.065410
JWR64XG X 2020-03-11,52.317128
JWR64XG X 2020-03-12,32.953479
JWR64XG X 2020-03-13,36.460152
JWR64XG X 2020-03-14,28.388540
JWR64XG X 2020-03-15,39.582554
JWR64XG X 2020-03-16,62.481422
JWR64XG X 2020-03-17,63.157237
JWR64XG X 2020-03-18,64.490934
JWR64XG X 2020-03-19,86.160860
JWR64XG X 2020-03-20,66.256187
JWR64XG X 2020-03-21,53.626298
JWR64XG X 2020-03-22,34.193190
JWR64XG X 2020-03-23,38.991237
JWR64XG X 2020-03-24,43.486423
JWR64XG X 2020-03-25,53.604364
JWR64XG X 2020-03-26,54.881631
JWR64XG X 2020-03-27,57.434698
JWR64XG X 2020-03-28,63.039075
JWR64XG X 2020-03-29,105.718813
JWR64XG X 2020-03-30,25.443559
JWR64XG X 2020-03-31,39.431060
JWR64XG X 2020-04-01,61.793607
JWR64XG X 2020-04-02,66.483991
JWR64XG X 2020-04-03,74.962718
JWR64XG X 2020-04-04,62.968200
K0QHLEW X 2020-01-02,30.226077
K0QHLEW X 2020-01-03,31.743591
K0QHLEW X 2020-01-04,47.538085
K0QHLEW X 2020-01-05,24.645782
K0QHLEW X 2020-01-06,41.046577
K0QHLEW X 2020-01-07,21.173244
K0QHLEW X 2020-01-08,22.005262
K0QHLEW X 2020-01-09,51.149075
K0QHLEW X 2020-01-10,48.825633
K0QHLEW X 2020-01-11,23.706551
K0QHLEW X 2020-01-12,20.590173
K0QHLEW X 2020-01-13,28.492642
K0QHLEW X 2020-01-14,75.344724
K0QHLEW X 2020-01-15,44.064778
K0QHLEW X 2020-01-16,40.203253
K0QHLEW X 2020-01-17,65.345470
K0QHLEW X 2020-01-18,27.049705
K0QHLEW X 2020-01-19,81.564146
K0QHLEW X 2020-01-20,31.681208
K0QHLEW X 2020-01-21,45.533937
K0QHLEW X 2020-01-22,25.536098
K0QHLEW X 2020-01-23,36.103224
K0QHLEW X 2020-01-24,86.785679
K0QHLEW X 2020-01-25,41.386102
K0QHLEW X 2020-01-26,49.619760
K0QHLEW X 2020-01-27,25.552312
K0QHLEW X 2020-01-28,23.666341
K0QHLEW X 2020-01-29,25.753615
K0QHLEW X 2020-01-30,38.265388
K0QHLEW X 2020-01-31,35.581746
K0QHLEW X 2020-02-01,27.408347
K0QHLEW X 2020-02-02,27.713618
K0QHLEW X 2020-02-03,77.220353
K0QHLEW X 2020-02-04,64.195524
K0QHLEW X 2020-02-05,31.201754
K0QHLEW X 2020-02-06,41.576998
K0QHLEW X 2020-02-07,30.319333
K0QHLEW X 2020-02-08,25.319109
K0QHLEW X 2020-02-09,65.168175
K0QHLEW X 2020-02-10,61.020754
K0QHLEW X 2020-02-11,63.815823
K0QHLEW X 2020-02-12,55.929120
K0QHLEW X 2020-02-13,70.485632
K0QHLEW X 2020-02-14,32.297545
K0QHLEW X 2020-02-15,45.000897
K0QHLEW X 2020-02-16,20.467994
K0QHLEW X 2020-02-17,30.166354
K0QHLEW X 2020-02-18,76.982311
K0QHLEW X 2020-02-19,57.508372
K0QHLEW X 2020-02-20,33.498988
K0QHLEW X 2020-02-21,50.491823
K0QHLEW X 2020-02-22,64.837091
K0QHLEW X 2020-02-23,40.987857
K0QHLEW X 2020-02-24,41.251092
K0QHLEW X 2020-02-25,74.934886
K0QHLEW X 2020-02-26,58.334983
K0QHLEW X 2020-02-27,63.859960
K0QHLEW X 2020-02-28,66.669235
K0QHLEW X 2020-02-29,25.132444
K0QHLEW X 2020-03-01,42.988800
K0QHLEW X 2020-03-02,77.169321
K0QHLEW X 2020-03-03,60.670563
K0QHLEW X 2020-03-04,37.395619
K0QHLEW X 2020-03-05,68.663679
K0QHLEW X 2020-03-06,44.586600
K0QHLEW X 2020-03-07,56.613775
K0QHLEW X 2020-03-08,55.027485
K0QHLEW X 2020-03-09,68.990684
K0QHLEW X 2020-03-10,78.563460
K0QHLEW X 2020-03-11,65.102363
K0QHLEW X 2020-03-12,53.244771
K0QHLEW X 2020-03-13,53.780644
K0QHLEW X 2020-03-14,50.831918
K0QHLEW X 2020-03-15,31.096880
K0QHLEW X 2020-03-16,29.712470
K0QHLEW X 2020-03-17,38.164307
K0QHLEW X 2020-03-18,80.252513
K0QHLEW X 2020-03-19,54.734987
K0QHLEW X 2020-03-20,79.430238
K0QHLEW X 2020-03-21,39.086775
K0QHLEW X 2020-03-22,67.380599
K0QHLEW X 2020-03-23,30.025386
K0QHLEW X 2020-03-24,26.892546
K0QHLEW X 2020-03-25,44.437431
K0QHLEW X 2020-03-26,54.296702
K0QHLEW X 2020-03-27,38.206696
K0QHLEW X 2020-03-28,34.859575
K0QHLEW X 2020-03-29,28.574556
K0QHLEW X 2020-03-30,45.730562
K0QHLEW X 2020-03-31,36.214087
K0QHLEW X 2020-04-01,45.723234
K0QHLEW X 2020-04-02,60.182504
K0QHLEW X 2020-04-03,59.735747
K0QHLEW X 2020-04-04,95.951456
K39BZEQ X 2020-01-02,88.926111
K39BZEQ X 2020-01-03,77.990873
K39BZEQ X 2020-01-04,46.475976
K39BZEQ X 2020-01-05,37.972241
K39BZEQ X 2020-01-06,56.387713
K39BZEQ X 2020-01-07,76.105866
K39BZEQ X 2020-01-08,89.708156
K39BZEQ X 2020-01-09,63.268080
K39BZEQ X 2020-01-10,72.916958
K39BZEQ X 2020-01-11,60.076476
K39BZEQ X 2020-01-12,78.099246
K39BZEQ X 2020-01-13,51.169740
K39BZEQ X 2020-01-14,56.896877
K39BZEQ X 2020-01-15,81.464262
K39BZEQ X 2020-01-16,79.668116
K39BZEQ X 2020-01-17,86.190242
K39BZEQ X 2020-01-18,62.453216
K39BZEQ X 2020-01-19,80.589459
K39BZEQ X 2020-01-20,159.971803
K39BZEQ X 2020-01-21,93.043597
K39BZEQ X 2020-01-22,86.995380
K39BZEQ X 2020-01-23,42.288229
K39BZEQ X 2020-01-24,69.054632
K39BZEQ X 2020-01-25,89.291203
K39BZEQ X 2020-01-26,92.708705
K39BZEQ X 2020-01-27,91.206996
K39BZEQ X 2020-01-28,47.446146
K39BZEQ X 2020-01-29,35.728979
K39BZEQ X 2020-01-30,40.276540
K39BZEQ X 2020-01-31,45.114352
K39BZEQ X 2020-02-01,35.390040
K39BZEQ X 2020-02-02,33.635765
K39BZEQ X 2020-02-03,25.810034
K39BZEQ X 2020-02-04,54.495750
K39BZEQ X 2020-02-05,29.104139
K39BZEQ X 2020-02-06,30.189229
K39BZEQ X 2020-02-07,32.646540
K39BZEQ X 2020-02-08,58.637540
K39BZEQ X 2020-02-09,60.099226
K39BZEQ X 2020-02-10,43.515010
K39BZEQ X 2020-02-11,24.304244
K39BZEQ X 2020-02-12,31.797698
K39BZEQ X 2020-02-13,43.371422
K39BZEQ X 2020-02-14,34.647762
K39BZEQ X 2020-02-15,47.160282
K39BZEQ X 2020-02-16,30.005505
K39BZEQ X 2020-02-17,36.675881
K39BZEQ X 2020-02-18,35.931425
K39BZEQ X 2020-02-19,37.602848
K39BZEQ X 2020-02-20,30.714512
K39BZEQ X 2020-02-21,44.799409
K39BZEQ X 2020-02-22,49.231317
K39BZEQ X 2020-02-23,27.402484
K39BZEQ X 2020-02-24,25.626958
K39BZEQ X 2020-02-25,36.431351
K39BZEQ X 2020-02-26,45.063563
K39BZEQ X 2020-02-27,35.836143
K39BZEQ X 2020-02-28,26.434966
K39BZEQ X 2020-02-29,73.107618
K39BZEQ X 2020-03-01,36.763593
K39BZEQ X 2020-03-02,33.429252
K39BZEQ X 2020-03-03,30.783737
K39BZEQ X 2020-03-04,25.587728
K39BZEQ X 2020-03-05,43.663981
K39BZEQ X 2020-03-06,35.847725
K39BZEQ X 2020-03-07,29.442541
K39BZEQ X 2020-03-08,29.425591
K39BZEQ X 2020-03-09,52.033827
K39BZEQ X 2020-03-10,38.550124
K39BZEQ X 2020-03-11,40.804274
K39BZEQ X 2020-03-12,35.109197
K39BZEQ X 2020-03-13,42.908619
K39BZEQ X 2020-03-14,42.594390
K39BZEQ X 2020-03-15,45.857197
K39BZEQ X 2020-03-16,35.996036
K39BZEQ X 2020-03-17,55.465880
K39BZEQ X 2020-03-18,48.813364
K39BZEQ X 2020-03-19,60.102099
K39BZEQ X 2020-03-20,69.300290
K39BZEQ X 2020-03-21,80.380235
K39BZEQ X 2020-03-22,29.915646
K39BZEQ X 2020-03-23,36.148333
K39BZEQ X 2020-03-24,45.877963
K39BZEQ X 2020-03-25,38.618595
K39BZEQ X 2020-03-26,59.694044
K39BZEQ X 2020-03-27,59.492265
K39BZEQ X 2020-03-28,66.832891
K39BZEQ X 2020-03-29,63.879286
K39BZEQ X 2020-03-30,30.780948
K39BZEQ X 2020-03-31,54.401038
K39BZEQ X 2020-04-01,55.765742
K39BZEQ X 2020-04-02,55.857253
K39BZEQ X 2020-04-03,46.462271
K39BZEQ X 2020-04-04,45.076581
K3G6YOA X 2020-01-02,98.823362
K3G6YOA X 2020-01-03,29.718103
K3G6YOA X 2020-01-04,37.924261
K3G6YOA X 2020-01-05,38.929664
K3G6YOA X 2020-01-06,86.247996
K3G6YOA X 2020-01-07,69.293877
K3G6YOA X 2020-01-08,89.743816
K3G6YOA X 2020-01-09,44.871987
K3G6YOA X 2020-01-10,25.295456
K3G6YOA X 2020-01-11,44.033429
K3G6YOA X 2020-01-12,89.961959
K3G6YOA X 2020-01-13,96.666746
K3G6YOA X 2020-01-14,40.675294
K3G6YOA X 2020-01-15,30.799282
K3G6YOA X 2020-01-16,39.569642
K3G6YOA X 2020-01-17,32.799877
K3G6YOA X 2020-01-18,32.569779
K3G6YOA X 2020-01-19,51.591948
K3G6YOA X 2020-01-20,48.361222
K3G6YOA X 2020-01-21,55.112106
K3G6YOA X 2020-01-22,37.487295
K3G6YOA X 2020-01-23,50.694364
K3G6YOA X 2020-01-24,76.632241
K3G6YOA X 2020-01-25,37.012910
K3G6YOA X 2020-01-26,59.983063
K3G6YOA X 2020-01-27,59.177370
K3G6YOA X 2020-01-28,93.077720
K3G6YOA X 2020-01-29,30.879811
K3G6YOA X 2020-01-30,67.351597
K3G6YOA X 2020-01-31,58.939111
K3G6YOA X 2020-02-01,60.336676
K3G6YOA X 2020-02-02,80.855298
K3G6YOA X 2020-02-03,74.687877
K3G6YOA X 2020-02-04,22.913386
K3G6YOA X 2020-02-05,41.360172
K3G6YOA X 2020-02-06,59.146135
K3G6YOA X 2020-02-07,37.566967
K3G6YOA X 2020-02-08,43.821237
K3G6YOA X 2020-02-09,84.259377
K3G6YOA X 2020-02-10,27.776033
K3G6YOA X 2020-02-11,26.776482
K3G6YOA X 2020-02-12,41.886188
K3G6YOA X 2020-02-13,49.162894
K3G6YOA X 2020-02-14,27.283668
K3G6YOA X 2020-02-15,64.358452
K3G6YOA X 2020-02-16,32.412749
K3G6YOA X 2020-02-17,29.023306
K3G6YOA X 2020-02-18,26.003516
K3G6YOA X 2020-02-19,26.032944
K3G6YOA X 2020-02-20,52.244651
K3G6YOA X 2020-02-21,39.677826
K3G6YOA X 2020-02-22,64.566192
K3G6YOA X 2020-02-23,91.868893
K3G6YOA X 2020-02-24,73.201373
K3G6YOA X 2020-02-25,33.378010
K3G6YOA X 2020-02-26,20.351144
K3G6YOA X 2020-02-27,34.434282
K3G6YOA X 2020-02-28,31.489631
K3G6YOA X 2020-02-29,39.030549
K3G6YOA X 2020-03-01,56.876492
K3G6YOA X 2020-03-02,26.338119
K3G6YOA X 2020-03-03,31.769131
K3G6YOA X 2020-03-04,32.138690
K3G6YOA X 2020-03-05,48.908780
K3G6YOA X 2020-03-06,22.265976
K3G6YOA X 2020-03-07,24.636364
K3G6YOA X 2020-03-08,48.100647
K3G6YOA X 2020-03-09,23.288868
K3G6YOA X 2020-03-10,30.715222
K3G6YOA X 2020-03-11,51.852602
K3G6YOA X 2020-03-12,62.341743
K3G6YOA X 2020-03-13,35.579296
K3G6YOA X 2020-03-14,36.936594
K3G6YOA X 2020-03-15,69.924208
K3G6YOA X 2020-03-16,33.353036
K3G6YOA X 2020-03-17,44.959589
K3G6YOA X 2020-03-18,72.172333
K3G6YOA X 2020-03-19,48.290729
K3G6YOA X 2020-03-20,32.734909
K3G6YOA X 2020-03-21,27.124065
K3G6YOA X 2020-03-22,32.657798
K3G6YOA X 2020-03-23,39.471956
K3G6YOA X 2020-03-24,26.243296
K3G6YOA X 2020-03-25,33.408893
K3G6YOA X 2020-03-26,32.974623
K3G6YOA X 2020-03-27,70.482427
K3G6YOA X 2020-03-28,77.767806
K3G6YOA X 2020-03-29,45.580115
K3G6YOA X 2020-03-30,32.320089
K3G6YOA X 2020-03-31,73.826263
K3G6YOA X 2020-04-01,24.847569
K3G6YOA X 2020-04-02,35.623096
K3G6YOA X 2020-04-03,29.856456
K3G6YOA X 2020-04-04,69.622550
L09JD4W X 2020-01-02,20.581306
L09JD4W X 2020-01-03,19.877294
L09JD4W X 2020-01-04,23.839560
L09JD4W X 2020-01-05,29.607140
L09JD4W X 2020-01-06,21.724196
L09JD4W X 2020-01-07,21.809103
L09JD4W X 2020-01-08,19.157989
L09JD4W X 2020-01-09,18.360060
L09JD4W X 2020-01-10,19.972156
L09JD4W X 2020-01-11,23.111658
L09JD4W X 2020-01-12,16.971451
L09JD4W X 2020-01-13,20.480070
L09JD4W X 2020-01-14,21.227519
L09JD4W X 2020-01-15,29.006193
L09JD4W X 2020-01-16,19.192976
L09JD4W X 2020-01-17,19.726298
L09JD4W X 2020-01-18,19.584054
L09JD4W X 2020-01-19,29.650381
L09JD4W X 2020-01-20,31.165767
L09JD4W X 2020-01-21,26.193165
L09JD4W X 2020-01-22,35.247661
L09JD4W X 2020-01-23,46.391504
L09JD4W X 2020-01-24,27.960548
L09JD4W X 2020-01-25,25.419676
L09JD4W X 2020-01-26,21.141693
L09JD4W X 2020-01-27,21.376214
L09JD4W X 2020-01-28,24.265480
L09JD4W X 2020-01-29,20.728022
L09JD4W X 2020-01-30,30.381700
L09JD4W X 2020-01-31,20.368888
L09JD4W X 2020-02-01,18.022308
L09JD4W X 2020-02-02,18.407794
L09JD4W X 2020-02-03,32.959593
L09JD4W X 2020-02-04,23.993963
L09JD4W X 2020-02-05,38.391347
L09JD4W X 2020-02-06,21.867595
L09JD4W X 2020-02-07,33.168372
L09JD4W X 2020-02-08,24.612472
L09JD4W X 2020-02-09,26.302939
L09JD4W X 2020-02-10,19.688964
L09JD4W X 2020-02-11,16.926029
L09JD4W X 2020-02-12,18.056280
L09JD4W X 2020-02-13,19.075487
L09JD4W X 2020-02-14,26.079205
L09JD4W X 2020-02-15,21.041685
L09JD4W X 2020-02-16,22.030653
L09JD4W X 2020-02-17,18.012691
L09JD4W X 2020-02-18,17.876301
L09JD4W X 2020-02-19,20.245858
L09JD4W X 2020-02-20,24.669261
L09JD4W X 2020-02-21,23.280167
L09JD4W X 2020-02-22,17.406845
L09JD4W X 2020-02-23,20.468978
L09JD4W X 2020-02-24,21.757952
L09JD4W X 2020-02-25,28.687741
L09JD4W X 2020-02-26,19.582790
L09JD4W X 2020-02-27,20.461688
L09JD4W X 2020-02-28,18.141604
L09JD4W X 2020-02-29,26.322002
L09JD4W X 2020-03-01,20.693681
L09JD4W X 2020-03-02,17.620243
L09JD4W X 2020-03-03,48.292481
L09JD4W X 2020-03-04,30.444437
L09JD4W X 2020-03-05,28.121799
L09JD4W X 2020-03-06,31.314509
L09JD4W X 2020-03-07,24.601253
L09JD4W X 2020-03-08,28.881949
L09JD4W X 2020-03-09,20.003949
L09JD4W X 2020-03-10,30.744421
L09JD4W X 2020-03-11,20.008170
L09JD4W X 2020-03-12,20.988917
L09JD4W X 2020-03-13,23.659844
L09JD4W X 2020-03-14,20.016065
L09JD4W X 2020-03-15,25.428458
L09JD4W X 2020-03-16,23.527217
L09JD4W X 2020-03-17,27.334779
L09JD4W X 2020-03-18,24.678041
L09JD4W X 2020-03-19,26.017147
L09JD4W X 2020-03-20,23.585104
L09JD4W X 2020-03-21,36.021134
L09JD4W X 2020-03-22,27.141925
L09JD4W X 2020-03-23,29.187714
L09JD4W X 2020-03-24,43.705549
L09JD4W X 2020-03-25,34.285082
L09JD4W X 2020-03-26,32.505571
L09JD4W X 2020-03-27,36.759244
L09JD4W X 2020-03-28,24.342411
L09JD4W X 2020-03-29,22.296226
L09JD4W X 2020-03-30,42.627286
L09JD4W X 2020-03-31,29.117882
L09JD4W X 2020-04-01,19.455879
L09JD4W X 2020-04-02,21.081485
L09JD4W X 2020-04-03,18.576039
L09JD4W X 2020-04-04,25.892261
LCD7B05 X 2020-01-02,46.504862
LCD7B05 X 2020-01-03,57.169567
LCD7B05 X 2020-01-04,41.287325
LCD7B05 X 2020-01-05,26.624241
LCD7B05 X 2020-01-06,40.172833
LCD7B05 X 2020-01-07,46.073310
LCD7B05 X 2020-01-08,47.058050
LCD7B05 X 2020-01-09,32.162500
LCD7B05 X 2020-01-10,77.643988
LCD7B05 X 2020-01-11,49.139627
LCD7B05 X 2020-01-12,35.470187
LCD7B05 X 2020-01-13,35.939968
LCD7B05 X 2020-01-14,49.882820
LCD7B05 X 2020-01-15,63.634385
LCD7B05 X 2020-01-16,42.936533
LCD7B05 X 2020-01-17,55.596897
LCD7B05 X 2020-01-18,30.567778
LCD7B05 X 2020-01-19,39.801190
LCD7B05 X 2020-01-20,28.363274
LCD7B05 X 2020-01-21,38.197526
LCD7B05 X 2020-01-22,74.821955
LCD7B05 X 2020-01-23,83.744187
LCD7B05 X 2020-01-24,105.991579
LCD7B05 X 2020-01-25,49.635160
LCD7B05 X 2020-01-26,43.361733
LCD7B05 X 2020-01-27,35.354688
LCD7B05 X 2020-01-28,32.119063
LCD7B05 X 2020-01-29,30.590067
LCD7B05 X 2020-01-30,63.333941
LCD7B05 X 2020-01-31,78.182532
LCD7B05 X 2020-02-01,88.715211
LCD7B05 X 2020-02-02,66.728481
LCD7B05 X 2020-02-03,66.999556
LCD7B05 X 2020-02-04,51.246296
LCD7B05 X 2020-02-05,34.435915
LCD7B05 X 2020-02-06,35.710093
LCD7B05 X 2020-02-07,65.913368
LCD7B05 X 2020-02-08,31.229409
LCD7B05 X 2020-02-09,48.995394
LCD7B05 X 2020-02-10,42.658377
LCD7B05 X 2020-02-11,34.836163
LCD7B05 X 2020-02-12,82.707223
LCD7B05 X 2020-02-13,33.472194
LCD7B05 X 2020-02-14,31.270790
LCD7B05 X 2020-02-15,47.465779
LCD7B05 X 2020-02-16,42.550472
LCD7B05 X 2020-02-17,68.622972
LCD7B05 X 2020-02-18,57.428792
LCD7B05 X 2020-02-19,35.380873
LCD7B05 X 2020-02-20,34.881630
LCD7B05 X 2020-02-21,41.505683
LCD7B05 X 2020-02-22,55.829905
LCD7B05 X 2020-02-23,54.897148
LCD7B05 X 2020-02-24,69.010307
LCD7B05 X 2020-02-25,47.321894
LCD7B05 X 2020-02-26,74.160733
LCD7B05 X 2020-02-27,28.792751
LCD7B05 X 2020-02-28,27.259016
LCD7B05 X 2020-02-29,34.765036
LCD7B05 X 2020-03-01,29.196925
LCD7B05 X 2020-03-02,71.326239
LCD7B05 X 2020-03-03,57.694524
LCD7B05 X 2020-03-04,53.162164
LCD7B05 X 2020-03-05,49.808116
LCD7B05 X 2020-03-06,37.758171
LCD7B05 X 2020-03-07,27.714237
LCD7B05 X 2020-03-08,46.930332
LCD7B05 X 2020-03-09,46.873569
LCD7B05 X 2020-03-10,42.912302
LCD7B05 X 2020-03-11,46.847133
LCD7B05 X 2020-03-12,50.468996
LCD7B05 X 2020-03-13,39.496370
LCD7B05 X 2020-03-14,22.540418
LCD7B05 X 2020-03-15,32.879271
LCD7B05 X 2020-03-16,73.527418
LCD7B05 X 2020-03-17,53.895759
LCD7B05 X 2020-03-18,50.552353
LCD7B05 X 2020-03-19,69.829597
LCD7B05 X 2020-03-20,37.814351
LCD7B05 X 2020-03-21,34.784999
LCD7B05 X 2020-03-22,44.672589
LCD7B05 X 2020-03-23,30.252298
LCD7B05 X 2020-03-24,31.045008
LCD7B05 X 2020-03-25,40.047612
LCD7B05 X 2020-03-26,49.121505
LCD7B05 X 2020-03-27,45.113758
LCD7B05 X 2020-03-28,30.426869
LCD7B05 X 2020-03-29,14.581071
LCD7B05 X 2020-03-30,23.889048
LCD7B05 X 2020-03-31,33.875664
LCD7B05 X 2020-04-01,33.715586
LCD7B05 X 2020-04-02,26.804695
LCD7B05 X 2020-04-03,20.463860
LCD7B05 X 2020-04-04,13.541345
LOSOTRL X 2020-01-02,68.163399
LOSOTRL X 2020-01-03,29.856856
LOSOTRL X 2020-01-04,54.148227
LOSOTRL X 2020-01-05,58.278857
LOSOTRL X 2020-01-06,36.045373
LOSOTRL X 2020-01-07,45.499540
LOSOTRL X 2020-01-08,22.330836
LOSOTRL X 2020-01-09,34.855676
LOSOTRL X 2020-01-10,38.301795
LOSOTRL X 2020-01-11,41.280680
LOSOTRL X 2020-01-12,28.380902
LOSOTRL X 2020-01-13,37.210613
LOSOTRL X 2020-01-14,25.155627
LOSOTRL X 2020-01-15,27.275919
LOSOTRL X 2020-01-16,40.273944
LOSOTRL X 2020-01-17,41.034813
LOSOTRL X 2020-01-18,43.932440
LOSOTRL X 2020-01-19,52.983844
LOSOTRL X 2020-01-20,89.552467
LOSOTRL X 2020-01-21,80.751857
LOSOTRL X 2020-01-22,74.133229
LOSOTRL X 2020-01-23,68.514783
LOSOTRL X 2020-01-24,53.487995
LOSOTRL X 2020-01-25,61.024160
LOSOTRL X 2020-01-26,60.400988
LOSOTRL X 2020-01-27,30.197900
LOSOTRL X 2020-01-28,25.415175
LOSOTRL X 2020-01-29,37.567218
LOSOTRL X 2020-01-30,30.305310
LOSOTRL X 2020-01-31,23.155037
LOSOTRL X 2020-02-01,22.567075
LOSOTRL X 2020-02-02,32.669194
LOSOTRL X 2020-02-03,39.918107
LOSOTRL X 2020-02-04,34.915645
LOSOTRL X 2020-02-05,71.754782
LOSOTRL X 2020-02-06,82.350115
LOSOTRL X 2020-02-07,79.783459
LOSOTRL X 2020-02-08,36.524529
LOSOTRL X 2020-02-09,26.348515
LOSOTRL X 2020-02-10,29.345674
LOSOTRL X 2020-02-11,29.716636
LOSOTRL X 2020-02-12,32.383746
LOSOTRL X 2020-02-13,29.889690
LOSOTRL X 2020-02-14,57.411647
LOSOTRL X 2020-02-15,17.533715
LOSOTRL X 2020-02-16,21.817045
LOSOTRL X 2020-02-17,26.170832
LOSOTRL X 2020-02-18,33.024642
LOSOTRL X 2020-02-19,28.923549
LOSOTRL X 2020-02-20,32.130418
LOSOTRL X 2020-02-21,34.175312
LOSOTRL X 2020-02-22,29.586407
LOSOTRL X 2020-02-23,23.755397
LOSOTRL X 2020-02-24,38.600075
LOSOTRL X 2020-02-25,22.076078
LOSOTRL X 2020-02-26,28.299886
LOSOTRL X 2020-02-27,36.695148
LOSOTRL X 2020-02-28,43.250766
LOSOTRL X 2020-02-29,23.406415
LOSOTRL X 2020-03-01,25.092722
LOSOTRL X 2020-03-02,40.400927
LOSOTRL X 2020-03-03,35.232123
LOSOTRL X 2020-03-04,39.716981
LOSOTRL X 2020-03-05,30.563294
LOSOTRL X 2020-03-06,31.586829
LOSOTRL X 2020-03-07,63.149825
LOSOTRL X 2020-03-08,28.342374
LOSOTRL X 2020-03-09,47.321419
LOSOTRL X 2020-03-10,29.280243
LOSOTRL X 2020-03-11,26.338030
LOSOTRL X 2020-03-12,24.650888
LOSOTRL X 2020-03-13,27.966526
LOSOTRL X 2020-03-14,48.820212
LOSOTRL X 2020-03-15,31.011338
LOSOTRL X 2020-03-16,46.903455
LOSOTRL X 2020-03-17,45.066222
LOSOTRL X 2020-03-18,28.020619
LOSOTRL X 2020-03-19,51.162153
LOSOTRL X 2020-03-20,40.944778
LOSOTRL X 2020-03-21,30.641911
LOSOTRL X 2020-03-22,54.858063
LOSOTRL X 2020-03-23,47.263067
LOSOTRL X 2020-03-24,45.992847
LOSOTRL X 2020-03-25,66.551755
LOSOTRL X 2020-03-26,70.752661
LOSOTRL X 2020-03-27,64.704774
LOSOTRL X 2020-03-28,36.742413
LOSOTRL X 2020-03-29,29.595081
LOSOTRL X 2020-03-30,29.377147
LOSOTRL X 2020-03-31,29.845791
LOSOTRL X 2020-04-01,38.320290
LOSOTRL X 2020-04-02,37.854886
LOSOTRL X 2020-04-03,30.890162
LOSOTRL X 2020-04-04,51.080183
LQ6ITV0 X 2020-01-02,41.855492
LQ6ITV0 X 2020-01-03,28.604823
LQ6ITV0 X 2020-01-04,25.519456
LQ6ITV0 X 2020-01-05,30.986813
LQ6ITV0 X 2020-01-06,35.343394
LQ6ITV0 X 2020-01-07,40.143929
LQ6ITV0 X 2020-01-08,21.468078
LQ6ITV0 X 2020-01-09,27.702561
LQ6ITV0 X 2020-01-10,26.415090
LQ6ITV0 X 2020-01-11,30.180911
LQ6ITV0 X 2020-01-12,23.910399
LQ6ITV0 X 2020-01-13,27.425272
LQ6ITV0 X 2020-01-14,31.589654
LQ6ITV0 X 2020-01-15,17.643414
LQ6ITV0 X 2020-01-16,32.823060
LQ6ITV0 X 2020-01-17,44.305429
LQ6ITV0 X 2020-01-18,35.895331
LQ6ITV0 X 2020-01-19,26.030598
LQ6ITV0 X 2020-01-20,28.674580
LQ6ITV0 X 2020-01-21,29.514503
LQ6ITV0 X 2020-01-22,33.563236
LQ6ITV0 X 2020-01-23,31.112208
LQ6ITV0 X 2020-01-24,27.898280
LQ6ITV0 X 2020-01-25,32.566124
LQ6ITV0 X 2020-01-26,29.395262
LQ6ITV0 X 2020-01-27,28.365549
LQ6ITV0 X 2020-01-28,30.776374
LQ6ITV0 X 2020-01-29,28.890706
LQ6ITV0 X 2020-01-30,25.234789
LQ6ITV0 X 2020-01-31,23.666536
LQ6ITV0 X 2020-02-01,27.376560
LQ6ITV0 X 2020-02-02,24.262357
LQ6ITV0 X 2020-02-03,19.247796
LQ6ITV0 X 2020-02-04,34.572136
LQ6ITV0 X 2020-02-05,40.663476
LQ6ITV0 X 2020-02-06,30.669533
LQ6ITV0 X 2020-02-07,36.678218
LQ6ITV0 X 2020-02-08,42.054327
LQ6ITV0 X 2020-02-09,27.854262
LQ6ITV0 X 2020-02-10,20.266198
LQ6ITV0 X 2020-02-11,25.846079
LQ6ITV0 X 2020-02-12,19.319694
LQ6ITV0 X 2020-02-13,25.727874
LQ6ITV0 X 2020-02-14,62.309237
LQ6ITV0 X 2020-02-15,51.077448
LQ6ITV0 X 2020-02-16,21.655274
LQ6ITV0 X 2020-02-17,21.522853
LQ6ITV0 X 2020-02-18,21.504464
LQ6ITV0 X 2020-02-19,24.193153
LQ6ITV0 X 2020-02-20,28.537222
LQ6ITV0 X 2020-02-21,28.969954
LQ6ITV0 X 2020-02-22,29.791296
LQ6ITV0 X 2020-02-23,24.223127
LQ6ITV0 X 2020-02-24,22.691387
LQ6ITV0 X 2020-02-25,23.290321
LQ6ITV0 X 2020-02-26,33.663388
LQ6ITV0 X 2020-02-27,33.457420
LQ6ITV0 X 2020-02-28,34.891968
LQ6ITV0 X 2020-02-29,22.556119
LQ6ITV0 X 2020-03-01,23.251889
LQ6ITV0 X 2020-03-02,36.723261
LQ6ITV0 X 2020-03-03,35.070852
LQ6ITV0 X 2020-03-04,25.290937
LQ6ITV0 X 2020-03-05,31.401508
LQ6ITV0 X 2020-03-06,30.278727
LQ6ITV0 X 2020-03-07,28.175015
LQ6ITV0 X 2020-03-08,33.530503
LQ6ITV0 X 2020-03-09,34.281531
LQ6ITV0 X 2020-03-10,32.241496
LQ6ITV0 X 2020-03-11,23.731116
LQ6ITV0 X 2020-03-12,21.607500
LQ6ITV0 X 2020-03-13,26.050446
LQ6ITV0 X 2020-03-14,46.505107
LQ6ITV0 X 2020-03-15,31.713718
LQ6ITV0 X 2020-03-16,30.957901
LQ6ITV0 X 2020-03-17,44.821258
LQ6ITV0 X 2020-03-18,33.690828
LQ6ITV0 X 2020-03-19,36.770922
LQ6ITV0 X 2020-03-20,24.088472
LQ6ITV0 X 2020-03-21,23.188882
LQ6ITV0 X 2020-03-22,33.911637
LQ6ITV0 X 2020-03-23,37.779418
LQ6ITV0 X 2020-03-24,51.176394
LQ6ITV0 X 2020-03-25,47.291816
LQ6ITV0 X 2020-03-26,59.875519
LQ6ITV0 X 2020-03-27,48.902649
LQ6ITV0 X 2020-03-28,36.281680
LQ6ITV0 X 2020-03-29,27.862317
LQ6ITV0 X 2020-03-30,37.010792
LQ6ITV0 X 2020-03-31,35.659817
LQ6ITV0 X 2020-04-01,24.122671
LQ6ITV0 X 2020-04-02,23.737066
LQ6ITV0 X 2020-04-03,22.857454
LQ6ITV0 X 2020-04-04,34.111536
LUNFFBL X 2020-01-02,38.256528
LUNFFBL X 2020-01-03,38.849842
LUNFFBL X 2020-01-04,50.573004
LUNFFBL X 2020-01-05,41.442019
LUNFFBL X 2020-01-06,39.423138
LUNFFBL X 2020-01-07,48.722988
LUNFFBL X 2020-01-08,42.272253
LUNFFBL X 2020-01-09,41.547796
LUNFFBL X 2020-01-10,39.636415
LUNFFBL X 2020-01-11,34.639341
LUNFFBL X 2020-01-12,29.858808
LUNFFBL X 2020-01-13,55.773316
LUNFFBL X 2020-01-14,49.202694
LUNFFBL X 2020-01-15,56.934750
LUNFFBL X 2020-01-16,38.690538
LUNFFBL X 2020-01-17,32.415093
LUNFFBL X 2020-01-18,38.340210
LUNFFBL X 2020-01-19,46.804978
LUNFFBL X 2020-01-20,54.459530
LUNFFBL X 2020-01-21,55.466471
LUNFFBL X 2020-01-22,47.310688
LUNFFBL X 2020-01-23,50.615804
LUNFFBL X 2020-01-24,43.390540
LUNFFBL X 2020-01-25,48.037479
LUNFFBL X 2020-01-26,46.046517
LUNFFBL X 2020-01-27,60.069085
LUNFFBL X 2020-01-28,64.754732
LUNFFBL X 2020-01-29,55.476944
LUNFFBL X 2020-01-30,52.598011
LUNFFBL X 2020-01-31,39.189745
LUNFFBL X 2020-02-01,53.629705
LUNFFBL X 2020-02-02,49.996206
LUNFFBL X 2020-02-03,59.007618
LUNFFBL X 2020-02-04,45.289416
LUNFFBL X 2020-02-05,54.356124
LUNFFBL X 2020-02-06,56.267349
LUNFFBL X 2020-02-07,41.294222
LUNFFBL X 2020-02-08,31.268522
LUNFFBL X 2020-02-09,31.609756
LUNFFBL X 2020-02-10,53.653022
LUNFFBL X 2020-02-11,22.641183
LUNFFBL X 2020-02-12,27.603620
LUNFFBL X 2020-02-13,52.512210
LUNFFBL X 2020-02-14,57.753937
LUNFFBL X 2020-02-15,55.693213
LUNFFBL X 2020-02-16,54.113728
LUNFFBL X 2020-02-17,46.685960
LUNFFBL X 2020-02-18,56.437784
LUNFFBL X 2020-02-19,36.063874
LUNFFBL X 2020-02-20,43.079351
LUNFFBL X 2020-02-21,41.797576
LUNFFBL X 2020-02-22,24.376522
LUNFFBL X 2020-02-23,32.048548
LUNFFBL X 2020-02-24,58.571678
LUNFFBL X 2020-02-25,27.707167
LUNFFBL X 2020-02-26,36.662777
LUNFFBL X 2020-02-27,31.227519
LUNFFBL X 2020-02-28,33.954720
LUNFFBL X 2020-02-29,44.143751
LUNFFBL X 2020-03-01,27.362151
LUNFFBL X 2020-03-02,39.499075
LUNFFBL X 2020-03-03,48.915925
LUNFFBL X 2020-03-04,48.659746
LUNFFBL X 2020-03-05,55.019094
LUNFFBL X 2020-03-06,50.204332
LUNFFBL X 2020-03-07,52.780360
LUNFFBL X 2020-03-08,46.066852
LUNFFBL X 2020-03-09,60.037491
LUNFFBL X 2020-03-10,55.762585
LUNFFBL X 2020-03-11,54.498000
LUNFFBL X 2020-03-12,57.326717
LUNFFBL X 2020-03-13,58.709472
LUNFFBL X 2020-03-14,55.399882
LUNFFBL X 2020-03-15,48.287093
LUNFFBL X 2020-03-16,33.784201
LUNFFBL X 2020-03-17,40.222276
LUNFFBL X 2020-03-18,56.836115
LUNFFBL X 2020-03-19,36.457896
LUNFFBL X 2020-03-20,35.644153
LUNFFBL X 2020-03-21,30.033699
LUNFFBL X 2020-03-22,35.942603
LUNFFBL X 2020-03-23,35.851215
LUNFFBL X 2020-03-24,45.613734
LUNFFBL X 2020-03-25,51.605099
LUNFFBL X 2020-03-26,58.664255
LUNFFBL X 2020-03-27,57.073405
LUNFFBL X 2020-03-28,24.045160
LUNFFBL X 2020-03-29,30.009143
LUNFFBL X 2020-03-30,21.330651
LUNFFBL X 2020-03-31,24.442209
LUNFFBL X 2020-04-01,30.081424
LUNFFBL X 2020-04-02,24.725089
LUNFFBL X 2020-04-03,28.424221
LUNFFBL X 2020-04-04,42.719409
M2NF5RJ X 2020-01-02,40.600813
M2NF5RJ X 2020-01-03,38.393640
M2NF5RJ X 2020-01-04,39.822352
M2NF5RJ X 2020-01-05,37.749816
M2NF5RJ X 2020-01-06,52.027810
M2NF5RJ X 2020-01-07,51.942650
M2NF5RJ X 2020-01-17,48.983905
M2NF5RJ X 2020-01-18,35.062728
M2NF5RJ X 2020-02-14,38.280401
M2NF5RJ X 2020-02-15,41.567664
M2NF5RJ X 2020-02-16,35.229018
M2NF5RJ X 2020-02-17,44.498021
M2NF5RJ X 2020-02-27,46.404218
M2NF5RJ X 2020-02-28,45.962679
M2NF5RJ X 2020-02-29,55.521111
M2NF5RJ X 2020-03-01,50.182284
M2NF5RJ X 2020-03-02,34.652944
M2NF5RJ X 2020-03-03,44.448926
M2NF5RJ X 2020-03-04,49.952532
M2NF5RJ X 2020-03-05,50.243784
M2NF5RJ X 2020-03-06,46.998690
M2NF5RJ X 2020-03-07,49.482376
M2NF5RJ X 2020-03-08,49.310746
M2NF5RJ X 2020-03-09,45.071393
M5C67OC X 2020-01-02,21.463280
M5C67OC X 2020-01-03,21.288528
M5C67OC X 2020-01-04,18.864254
M5C67OC X 2020-01-05,28.947058
M5C67OC X 2020-01-06,25.725881
M5C67OC X 2020-01-07,25.538605
M5C67OC X 2020-01-08,19.429784
M5C67OC X 2020-01-09,21.144964
M5C67OC X 2020-01-10,28.530686
M5C67OC X 2020-01-11,24.619847
M5C67OC X 2020-01-12,20.043276
M5C67OC X 2020-01-13,20.078489
M5C67OC X 2020-01-14,26.643393
M5C67OC X 2020-01-15,27.770873
M5C67OC X 2020-01-16,20.241670
M5C67OC X 2020-01-17,22.954817
M5C67OC X 2020-01-18,18.519208
M5C67OC X 2020-01-19,22.469280
M5C67OC X 2020-01-20,26.515313
M5C67OC X 2020-01-21,24.055881
M5C67OC X 2020-01-22,26.492101
M5C67OC X 2020-01-23,32.737218
M5C67OC X 2020-01-24,23.900120
M5C67OC X 2020-01-25,40.962119
M5C67OC X 2020-01-26,29.001998
M5C67OC X 2020-01-27,35.209663
M5C67OC X 2020-01-28,19.570054
M5C67OC X 2020-01-29,34.998976
M5C67OC X 2020-01-30,28.647172
M5C67OC X 2020-01-31,21.003470
M5C67OC X 2020-02-01,20.753031
M5C67OC X 2020-02-02,20.613019
M5C67OC X 2020-02-03,27.844773
M5C67OC X 2020-02-04,19.312127
M5C67OC X 2020-02-05,30.392714
M5C67OC X 2020-02-06,23.145991
M5C67OC X 2020-02-07,33.153780
M5C67OC X 2020-02-08,50.851516
M5C67OC X 2020-02-09,30.620713
M5C67OC X 2020-02-10,19.974389
M5C67OC X 2020-02-11,19.000792
M5C67OC X 2020-02-12,20.410934
M5C67OC X 2020-02-13,17.647571
M5C67OC X 2020-02-14,28.114485
M5C67OC X 2020-02-15,21.753066
M5C67OC X 2020-02-16,20.627716
M5C67OC X 2020-02-17,19.427142
M5C67OC X 2020-02-18,16.898605
M5C67OC X 2020-02-19,27.606921
M5C67OC X 2020-02-20,28.553743
M5C67OC X 2020-02-21,21.596341
M5C67OC X 2020-02-22,17.664431
M5C67OC X 2020-02-23,18.582484
M5C67OC X 2020-02-24,27.328175
M5C67OC X 2020-02-25,17.600741
M5C67OC X 2020-02-26,25.995312
M5C67OC X 2020-02-27,23.665429
M5C67OC X 2020-02-28,17.531384
M5C67OC X 2020-02-29,27.432471
M5C67OC X 2020-03-01,17.417808
M5C67OC X 2020-03-02,17.992269
M5C67OC X 2020-03-03,37.153651
M5C67OC X 2020-03-04,27.279843
M5C67OC X 2020-03-05,25.621073
M5C67OC X 2020-03-06,16.935127
M5C67OC X 2020-03-07,37.598306
M5C67OC X 2020-03-08,30.632909
M5C67OC X 2020-03-09,21.188053
M5C67OC X 2020-03-10,23.803740
M5C67OC X 2020-03-11,19.225365
M5C67OC X 2020-03-12,18.667603
M5C67OC X 2020-03-13,20.398081
M5C67OC X 2020-03-14,26.533083
M5C67OC X 2020-03-15,32.554306
M5C67OC X 2020-03-16,25.551470
M5C67OC X 2020-03-17,23.407287
M5C67OC X 2020-03-18,19.965830
M5C67OC X 2020-03-19,21.923083
M5C67OC X 2020-03-20,30.216561
M5C67OC X 2020-03-21,42.422644
M5C67OC X 2020-03-22,25.437667
M5C67OC X 2020-03-23,26.111546
M5C67OC X 2020-03-24,31.911011
M5C67OC X 2020-03-25,24.396944
M5C67OC X 2020-03-26,28.825400
M5C67OC X 2020-03-27,41.114272
M5C67OC X 2020-03-28,19.250106
M5C67OC X 2020-03-29,22.126929
M5C67OC X 2020-03-30,20.618745
M5C67OC X 2020-03-31,35.790772
M5C67OC X 2020-04-01,29.625988
M5C67OC X 2020-04-02,22.265167
M5C67OC X 2020-04-03,18.700719
M5C67OC X 2020-04-04,27.927413
M9Z8DED X 2020-01-02,34.161286
M9Z8DED X 2020-01-03,31.697918
M9Z8DED X 2020-01-04,39.007455
M9Z8DED X 2020-01-05,22.839242
M9Z8DED X 2020-01-06,31.978791
M9Z8DED X 2020-01-07,35.458197
M9Z8DED X 2020-01-08,24.631717
M9Z8DED X 2020-01-09,29.783221
M9Z8DED X 2020-01-10,44.440235
M9Z8DED X 2020-01-11,37.700567
M9Z8DED X 2020-01-12,25.842079
M9Z8DED X 2020-01-13,70.608587
M9Z8DED X 2020-01-14,89.463266
M9Z8DED X 2020-01-15,36.486086
M9Z8DED X 2020-01-16,28.109566
M9Z8DED X 2020-01-17,27.668516
M9Z8DED X 2020-01-18,69.746976
M9Z8DED X 2020-01-19,26.414499
M9Z8DED X 2020-01-20,33.844524
M9Z8DED X 2020-01-21,40.457495
M9Z8DED X 2020-01-22,30.394232
M9Z8DED X 2020-01-23,35.359317
M9Z8DED X 2020-01-24,93.858278
M9Z8DED X 2020-01-25,41.860848
M9Z8DED X 2020-01-26,30.932472
M9Z8DED X 2020-01-27,29.799198
M9Z8DED X 2020-01-28,24.211833
M9Z8DED X 2020-01-29,45.680456
M9Z8DED X 2020-01-30,51.397993
M9Z8DED X 2020-01-31,67.327397
M9Z8DED X 2020-02-01,93.842758
M9Z8DED X 2020-02-02,55.969434
M9Z8DED X 2020-02-03,64.955119
M9Z8DED X 2020-02-04,38.804726
M9Z8DED X 2020-02-05,41.515144
M9Z8DED X 2020-02-06,41.034007
M9Z8DED X 2020-02-07,27.766015
M9Z8DED X 2020-02-08,29.736643
M9Z8DED X 2020-02-09,63.143647
M9Z8DED X 2020-02-10,42.667192
M9Z8DED X 2020-02-11,41.164253
M9Z8DED X 2020-02-12,37.832456
M9Z8DED X 2020-02-13,45.879071
M9Z8DED X 2020-02-14,30.104246
M9Z8DED X 2020-02-15,50.140520
M9Z8DED X 2020-02-16,36.303335
M9Z8DED X 2020-02-17,38.814042
M9Z8DED X 2020-02-18,35.676681
M9Z8DED X 2020-02-19,28.655829
M9Z8DED X 2020-02-20,34.237190
M9Z8DED X 2020-02-21,89.550048
M9Z8DED X 2020-02-22,34.692382
M9Z8DED X 2020-02-23,34.376811
M9Z8DED X 2020-02-24,35.799790
M9Z8DED X 2020-02-25,55.629509
M9Z8DED X 2020-02-26,36.767627
M9Z8DED X 2020-02-27,29.091921
M9Z8DED X 2020-02-28,30.798757
M9Z8DED X 2020-02-29,27.823355
M9Z8DED X 2020-03-01,34.465755
M9Z8DED X 2020-03-02,48.348319
M9Z8DED X 2020-03-03,42.856267
M9Z8DED X 2020-03-04,33.430274
M9Z8DED X 2020-03-05,50.875214
M9Z8DED X 2020-03-06,54.372262
M9Z8DED X 2020-03-07,31.261310
M9Z8DED X 2020-03-08,66.216813
M9Z8DED X 2020-03-09,32.758620
M9Z8DED X 2020-03-10,36.597316
M9Z8DED X 2020-03-11,34.970726
M9Z8DED X 2020-03-12,41.147024
M9Z8DED X 2020-03-13,32.011561
M9Z8DED X 2020-03-14,23.123902
M9Z8DED X 2020-03-15,39.218040
M9Z8DED X 2020-03-16,77.837342
M9Z8DED X 2020-03-17,43.785975
M9Z8DED X 2020-03-18,39.344898
M9Z8DED X 2020-03-19,41.207882
M9Z8DED X 2020-03-20,44.679619
M9Z8DED X 2020-03-21,31.377385
M9Z8DED X 2020-03-22,58.627214
M9Z8DED X 2020-03-23,36.389074
M9Z8DED X 2020-03-24,48.665852
M9Z8DED X 2020-03-25,44.790643
M9Z8DED X 2020-03-26,76.146992
M9Z8DED X 2020-03-27,41.013135
M9Z8DED X 2020-03-28,38.844072
M9Z8DED X 2020-03-29,21.272916
M9Z8DED X 2020-03-30,21.641033
M9Z8DED X 2020-03-31,21.981468
M9Z8DED X 2020-04-01,34.448450
M9Z8DED X 2020-04-02,69.224659
M9Z8DED X 2020-04-03,29.403667
M9Z8DED X 2020-04-04,31.851488
MDMU646 X 2020-01-02,62.519110
MDMU646 X 2020-01-03,68.808536
MDMU646 X 2020-01-04,49.797036
MDMU646 X 2020-01-05,38.029845
MDMU646 X 2020-01-06,59.845829
MDMU646 X 2020-01-07,40.110884
MDMU646 X 2020-01-08,42.245675
MDMU646 X 2020-01-09,37.380003
MDMU646 X 2020-01-10,47.638946
MDMU646 X 2020-01-11,39.977051
MDMU646 X 2020-01-12,42.127517
MDMU646 X 2020-01-13,49.248290
MDMU646 X 2020-01-14,54.096575
MDMU646 X 2020-01-15,51.948959
MDMU646 X 2020-01-16,44.685155
MDMU646 X 2020-01-17,41.251221
MDMU646 X 2020-01-18,30.734330
MDMU646 X 2020-01-19,47.042123
MDMU646 X 2020-01-20,33.493590
MDMU646 X 2020-01-21,41.228567
MDMU646 X 2020-01-22,86.512806
MDMU646 X 2020-01-23,38.283638
MDMU646 X 2020-01-24,55.219481
MDMU646 X 2020-01-25,32.985008
MDMU646 X 2020-01-26,43.034671
MDMU646 X 2020-01-27,67.730812
MDMU646 X 2020-01-28,63.193075
MDMU646 X 2020-01-29,77.700544
MDMU646 X 2020-01-30,49.515489
MDMU646 X 2020-01-31,48.858090
MDMU646 X 2020-02-01,48.171487
MDMU646 X 2020-02-02,52.699411
MDMU646 X 2020-02-03,72.657820
MDMU646 X 2020-02-04,70.622421
MDMU646 X 2020-02-05,58.656832
MDMU646 X 2020-02-06,69.181169
MDMU646 X 2020-02-07,61.182024
MDMU646 X 2020-02-08,67.389965
MDMU646 X 2020-02-09,70.662165
MDMU646 X 2020-02-10,53.185724
MDMU646 X 2020-02-11,52.152151
MDMU646 X 2020-02-12,54.111491
MDMU646 X 2020-02-13,52.953230
MDMU646 X 2020-02-14,39.919485
MDMU646 X 2020-02-15,38.248823
MDMU646 X 2020-02-16,45.545598
MDMU646 X 2020-02-17,45.226153
MDMU646 X 2020-02-18,79.597376
MDMU646 X 2020-02-19,63.033675
MDMU646 X 2020-02-20,39.101734
MDMU646 X 2020-02-21,37.738373
MDMU646 X 2020-02-22,37.951706
MDMU646 X 2020-02-23,46.614866
MDMU646 X 2020-02-24,57.340424
MDMU646 X 2020-02-25,67.321002
MDMU646 X 2020-02-26,48.994623
MDMU646 X 2020-02-27,47.681091
MDMU646 X 2020-02-28,76.001437
MDMU646 X 2020-02-29,82.977583
MDMU646 X 2020-03-01,75.951788
MDMU646 X 2020-03-02,44.387397
MDMU646 X 2020-03-03,60.463195
MDMU646 X 2020-03-04,49.536987
MDMU646 X 2020-03-05,50.534185
MDMU646 X 2020-03-06,76.843682
MDMU646 X 2020-03-07,30.415333
MDMU646 X 2020-03-08,45.828242
MDMU646 X 2020-03-09,39.278886
MDMU646 X 2020-03-10,79.587424
MDMU646 X 2020-03-11,84.433110
MDMU646 X 2020-03-12,80.160372
MDMU646 X 2020-03-13,47.334572
MDMU646 X 2020-03-14,62.662224
MDMU646 X 2020-03-15,74.414788
MDMU646 X 2020-03-16,49.621443
MDMU646 X 2020-03-17,50.077377
MDMU646 X 2020-03-18,53.547441
MDMU646 X 2020-03-19,42.993865
MDMU646 X 2020-03-20,54.174198
MDMU646 X 2020-03-21,49.600423
MDMU646 X 2020-03-22,68.448430
MDMU646 X 2020-03-23,49.731016
MDMU646 X 2020-03-24,58.177977
MDMU646 X 2020-03-25,45.835825
MDMU646 X 2020-03-26,44.202635
MDMU646 X 2020-03-27,58.969345
MDMU646 X 2020-03-28,75.486751
MDMU646 X 2020-03-29,42.961923
MDMU646 X 2020-03-30,63.012655
MDMU646 X 2020-03-31,66.007889
MDMU646 X 2020-04-01,80.573172
MDMU646 X 2020-04-02,62.831397
MDMU646 X 2020-04-03,71.169549
MDMU646 X 2020-04-04,77.025101
MELPBP8 X 2020-01-03,61.453087
MELPBP8 X 2020-01-04,29.576328
MELPBP8 X 2020-01-05,59.524815
MELPBP8 X 2020-01-06,57.366978
MELPBP8 X 2020-01-07,63.022140
MELPBP8 X 2020-01-08,50.360060
MELPBP8 X 2020-01-14,28.566339
MELPBP8 X 2020-01-15,28.947354
MELPBP8 X 2020-01-16,48.571810
MELPBP8 X 2020-01-17,27.106475
MELPBP8 X 2020-01-18,27.529500
MELPBP8 X 2020-01-19,38.334438
MELPBP8 X 2020-01-20,33.473463
MELPBP8 X 2020-01-21,38.505456
MELPBP8 X 2020-01-22,95.088357
MELPBP8 X 2020-01-23,49.575103
MELPBP8 X 2020-01-24,81.258552
MELPBP8 X 2020-01-25,73.231519
MELPBP8 X 2020-01-26,81.802182
MELPBP8 X 2020-01-27,28.520528
MELPBP8 X 2020-01-28,18.996570
MELPBP8 X 2020-01-29,20.250446
MELPBP8 X 2020-01-30,34.226802
MELPBP8 X 2020-01-31,18.712163
MELPBP8 X 2020-02-01,39.288675
MELPBP8 X 2020-02-02,20.508408
MELPBP8 X 2020-02-03,29.196370
MELPBP8 X 2020-02-04,17.705800
MELPBP8 X 2020-02-05,28.258549
MELPBP8 X 2020-02-06,34.305006
MELPBP8 X 2020-02-07,85.869546
MELPBP8 X 2020-02-08,68.690468
MELPBP8 X 2020-02-09,40.961784
MELPBP8 X 2020-02-10,29.245870
MELPBP8 X 2020-02-11,21.350218
MELPBP8 X 2020-02-12,25.782759
MELPBP8 X 2020-02-13,40.333730
MELPBP8 X 2020-02-14,29.235968
MELPBP8 X 2020-02-15,47.772679
MELPBP8 X 2020-02-16,38.166935
MELPBP8 X 2020-02-17,20.763698
MELPBP8 X 2020-02-18,18.272094
MELPBP8 X 2020-02-19,26.320311
MELPBP8 X 2020-02-20,27.274294
MELPBP8 X 2020-02-21,27.403779
MELPBP8 X 2020-02-22,55.278266
MELPBP8 X 2020-02-23,33.528426
MELPBP8 X 2020-02-24,24.443906
MELPBP8 X 2020-02-25,28.988972
MELPBP8 X 2020-02-26,23.530378
MELPBP8 X 2020-02-27,54.323106
MELPBP8 X 2020-02-28,61.942714
MELPBP8 X 2020-02-29,26.375630
MELPBP8 X 2020-03-01,31.534877
MELPBP8 X 2020-03-02,27.364746
MELPBP8 X 2020-03-03,20.995302
MELPBP8 X 2020-03-04,34.499378
MELPBP8 X 2020-03-05,27.166194
MELPBP8 X 2020-03-06,19.241795
MELPBP8 X 2020-03-07,40.498984
MELPBP8 X 2020-03-08,54.762708
MELPBP8 X 2020-03-09,26.111418
MELPBP8 X 2020-03-10,33.031212
MELPBP8 X 2020-03-11,24.098725
MELPBP8 X 2020-03-12,24.904679
MELPBP8 X 2020-03-13,29.624607
MELPBP8 X 2020-03-14,48.887738
MELPBP8 X 2020-03-15,54.079203
MELPBP8 X 2020-03-16,30.885987
MELPBP8 X 2020-03-17,46.703015
MELPBP8 X 2020-03-18,59.973181
MELPBP8 X 2020-03-19,45.813666
MELPBP8 X 2020-03-20,61.647716
MELPBP8 X 2020-03-21,54.451525
MELPBP8 X 2020-03-22,34.046475
MELPBP8 X 2020-03-23,35.452992
MELPBP8 X 2020-03-24,28.680976
MELPBP8 X 2020-03-25,34.935382
MELPBP8 X 2020-03-26,71.663283
MELPBP8 X 2020-03-27,49.848679
MELPBP8 X 2020-03-28,61.106181
MELPBP8 X 2020-03-29,28.917858
MELPBP8 X 2020-03-30,27.671956
MELPBP8 X 2020-03-31,31.061769
MELPBP8 X 2020-04-01,32.197474
MELPBP8 X 2020-04-02,58.680029
MELPBP8 X 2020-04-03,64.103948
MELPBP8 X 2020-04-04,45.270081
MN4JVH4 X 2020-01-02,87.448712
MN4JVH4 X 2020-01-03,89.837997
MN4JVH4 X 2020-01-04,100.024251
MN4JVH4 X 2020-01-05,98.448061
MN4JVH4 X 2020-01-06,84.456638
MN4JVH4 X 2020-01-07,48.858841
MN4JVH4 X 2020-01-08,40.377003
MN4JVH4 X 2020-01-09,58.932639
MN4JVH4 X 2020-01-10,92.113433
MN4JVH4 X 2020-01-11,93.159399
MN4JVH4 X 2020-01-12,86.948163
MN4JVH4 X 2020-01-13,40.219206
MN4JVH4 X 2020-01-14,101.607708
MN4JVH4 X 2020-01-15,97.451712
MN4JVH4 X 2020-01-16,72.113389
MN4JVH4 X 2020-01-17,55.282509
MN4JVH4 X 2020-01-18,68.970435
MN4JVH4 X 2020-01-19,88.152972
MN4JVH4 X 2020-01-20,105.749417
MN4JVH4 X 2020-01-21,62.982837
MN4JVH4 X 2020-01-22,99.736032
MN4JVH4 X 2020-01-23,92.268688
MN4JVH4 X 2020-01-24,59.279054
MN4JVH4 X 2020-01-25,125.050274
MN4JVH4 X 2020-01-26,111.482758
MN4JVH4 X 2020-01-27,107.714172
MN4JVH4 X 2020-01-28,102.158205
MN4JVH4 X 2020-01-29,77.710420
MN4JVH4 X 2020-01-30,107.456128
MN4JVH4 X 2020-01-31,35.893899
MN4JVH4 X 2020-02-01,76.340133
MN4JVH4 X 2020-02-02,91.566181
MN4JVH4 X 2020-02-03,102.907784
MN4JVH4 X 2020-02-04,67.411926
MN4JVH4 X 2020-02-05,70.082829
MN4JVH4 X 2020-02-06,45.903406
MN4JVH4 X 2020-02-07,57.064004
MN4JVH4 X 2020-02-08,44.866626
MN4JVH4 X 2020-02-09,94.711131
MN4JVH4 X 2020-02-10,112.034570
MN4JVH4 X 2020-02-11,90.740888
MN4JVH4 X 2020-02-12,78.376431
MN4JVH4 X 2020-02-13,75.020656
MN4JVH4 X 2020-02-14,105.629974
MN4JVH4 X 2020-02-15,115.735897
MN4JVH4 X 2020-02-16,112.115902
MN4JVH4 X 2020-02-17,105.275283
MN4JVH4 X 2020-02-18,81.065660
MN4JVH4 X 2020-02-19,88.114236
MN4JVH4 X 2020-02-20,84.406532
MN4JVH4 X 2020-02-21,67.647458
MN4JVH4 X 2020-02-22,70.689024
MN4JVH4 X 2020-02-23,73.788108
MN4JVH4 X 2020-02-24,92.475161
MN4JVH4 X 2020-02-25,29.762506
MN4JVH4 X 2020-02-26,103.382669
MN4JVH4 X 2020-02-27,68.542772
MN4JVH4 X 2020-02-28,98.440987
MN4JVH4 X 2020-02-29,84.654643
MN4JVH4 X 2020-03-01,65.303980
MN4JVH4 X 2020-03-02,77.981209
MN4JVH4 X 2020-03-03,68.844321
MN4JVH4 X 2020-03-04,51.448131
MN4JVH4 X 2020-03-05,54.569468
MN4JVH4 X 2020-03-06,44.021143
MN4JVH4 X 2020-03-07,56.284581
MN4JVH4 X 2020-03-08,61.358503
MN4JVH4 X 2020-03-09,52.311930
MN4JVH4 X 2020-03-10,40.278296
MN4JVH4 X 2020-03-11,53.153298
MN4JVH4 X 2020-03-12,57.317132
MN4JVH4 X 2020-03-13,44.713364
MN4JVH4 X 2020-03-14,54.341898
MN4JVH4 X 2020-03-15,71.683763
MN4JVH4 X 2020-03-16,44.601021
MN4JVH4 X 2020-03-17,48.369405
MN4JVH4 X 2020-03-18,44.233761
MN4JVH4 X 2020-03-19,85.635552
MN4JVH4 X 2020-03-20,60.478549
MN4JVH4 X 2020-03-21,53.796655
MN4JVH4 X 2020-03-22,68.570774
MN4JVH4 X 2020-03-23,75.553069
MN4JVH4 X 2020-03-24,59.671885
MN4JVH4 X 2020-03-25,43.860790
MN4JVH4 X 2020-03-26,43.938512
MN4JVH4 X 2020-03-27,52.040659
MN4JVH4 X 2020-03-28,31.442783
MN4JVH4 X 2020-03-29,32.139499
MN4JVH4 X 2020-03-30,32.885517
MN4JVH4 X 2020-03-31,68.057054
MN4JVH4 X 2020-04-01,51.228598
MN4JVH4 X 2020-04-02,74.104930
MN4JVH4 X 2020-04-03,62.036816
MN4JVH4 X 2020-04-04,70.224833
MNOX0WS X 2020-01-02,22.279645
MNOX0WS X 2020-01-03,26.949483
MNOX0WS X 2020-01-04,23.934255
MNOX0WS X 2020-01-05,25.930401
MNOX0WS X 2020-01-06,20.902614
MNOX0WS X 2020-01-07,21.491881
MNOX0WS X 2020-01-08,14.779810
MNOX0WS X 2020-01-09,22.837505
MNOX0WS X 2020-01-10,24.044476
MNOX0WS X 2020-01-11,23.668801
MNOX0WS X 2020-01-12,22.977290
MNOX0WS X 2020-01-13,22.574495
MNOX0WS X 2020-01-14,23.315013
MNOX0WS X 2020-01-15,23.990867
MNOX0WS X 2020-01-16,22.892409
MNOX0WS X 2020-01-17,23.451587
MNOX0WS X 2020-01-18,22.726308
MNOX0WS X 2020-01-19,24.942762
MNOX0WS X 2020-01-20,27.645010
MNOX0WS X 2020-01-21,37.924810
MNOX0WS X 2020-01-22,22.350919
MNOX0WS X 2020-01-23,29.371753
MNOX0WS X 2020-01-24,23.007640
MNOX0WS X 2020-01-25,26.825536
MNOX0WS X 2020-01-26,25.274202
MNOX0WS X 2020-01-27,22.632506
MNOX0WS X 2020-01-28,21.493681
MNOX0WS X 2020-01-29,21.320505
MNOX0WS X 2020-01-30,15.844008
MNOX0WS X 2020-01-31,25.069869
MNOX0WS X 2020-02-01,27.046647
MNOX0WS X 2020-02-02,92.204440
MNOX0WS X 2020-02-03,29.385417
MNOX0WS X 2020-02-04,24.138880
MNOX0WS X 2020-02-05,24.199157
MNOX0WS X 2020-02-06,22.487287
MNOX0WS X 2020-02-07,19.453898
MNOX0WS X 2020-02-08,19.670688
MNOX0WS X 2020-02-09,18.072162
MNOX0WS X 2020-02-10,25.690788
MNOX0WS X 2020-02-11,21.837064
MNOX0WS X 2020-02-12,29.252782
MNOX0WS X 2020-02-13,24.441623
MNOX0WS X 2020-02-14,22.457244
MNOX0WS X 2020-02-15,22.319741
MNOX0WS X 2020-02-16,21.429513
MNOX0WS X 2020-02-17,27.417961
MNOX0WS X 2020-02-18,25.578143
MNOX0WS X 2020-02-19,26.188235
MNOX0WS X 2020-02-20,25.013569
MNOX0WS X 2020-02-21,21.155835
MNOX0WS X 2020-02-22,21.912814
MNOX0WS X 2020-02-23,21.251801
MNOX0WS X 2020-02-24,24.087939
MNOX0WS X 2020-02-25,26.489967
MNOX0WS X 2020-02-26,24.256225
MNOX0WS X 2020-02-27,22.342924
MNOX0WS X 2020-02-28,21.557671
MNOX0WS X 2020-02-29,19.021732
MNOX0WS X 2020-03-01,26.255404
MNOX0WS X 2020-03-02,24.161134
MNOX0WS X 2020-03-03,22.504933
MNOX0WS X 2020-03-04,23.208469
MNOX0WS X 2020-03-05,19.959021
MNOX0WS X 2020-03-06,20.299847
MNOX0WS X 2020-03-07,21.990293
MNOX0WS X 2020-03-08,23.193188
MNOX0WS X 2020-03-09,23.380981
MNOX0WS X 2020-03-10,12.625619
MNOX0WS X 2020-03-11,20.521649
MNOX0WS X 2020-03-12,22.500574
MNOX0WS X 2020-03-13,19.079915
MNOX0WS X 2020-03-14,26.153240
MNOX0WS X 2020-03-15,33.563589
MNOX0WS X 2020-03-16,24.344039
MNOX0WS X 2020-03-17,20.342465
MNOX0WS X 2020-03-18,19.010242
MNOX0WS X 2020-03-19,22.104687
MNOX0WS X 2020-03-20,20.607870
MNOX0WS X 2020-03-21,20.460076
MNOX0WS X 2020-03-22,21.870650
MNOX0WS X 2020-03-23,21.139924
MNOX0WS X 2020-03-24,20.280811
MNOX0WS X 2020-03-25,22.893376
MNOX0WS X 2020-03-26,22.161998
MNOX0WS X 2020-03-27,19.265640
MNOX0WS X 2020-03-28,19.492875
MNOX0WS X 2020-03-29,21.155381
MNOX0WS X 2020-03-30,20.760637
MNOX0WS X 2020-03-31,22.013028
MNOX0WS X 2020-04-01,20.199152
MNOX0WS X 2020-04-02,25.549804
MNOX0WS X 2020-04-03,25.873020
MNOX0WS X 2020-04-04,24.094218
N04QCJO X 2020-01-02,114.642028
N04QCJO X 2020-01-03,104.163447
N04QCJO X 2020-01-04,144.566485
N04QCJO X 2020-01-05,116.159259
N04QCJO X 2020-01-06,118.972452
N04QCJO X 2020-01-07,130.465560
N04QCJO X 2020-01-08,129.951782
N04QCJO X 2020-01-09,134.365493
N04QCJO X 2020-01-10,144.566091
N04QCJO X 2020-01-11,110.253448
N04QCJO X 2020-01-12,105.036317
N04QCJO X 2020-01-13,106.531296
N04QCJO X 2020-01-14,115.283713
N04QCJO X 2020-01-15,165.159802
N04QCJO X 2020-01-16,138.589156
N04QCJO X 2020-01-17,143.727382
N04QCJO X 2020-01-18,133.871078
N04QCJO X 2020-01-19,138.993347
N04QCJO X 2020-01-20,135.304415
N04QCJO X 2020-01-21,110.690833
N04QCJO X 2020-01-22,138.907311
N04QCJO X 2020-01-23,99.738495
N04QCJO X 2020-01-24,98.045758
N04QCJO X 2020-01-25,84.684574
N04QCJO X 2020-01-26,104.333306
N04QCJO X 2020-01-27,98.238991
N04QCJO X 2020-01-28,93.941553
N04QCJO X 2020-01-29,146.733929
N04QCJO X 2020-01-30,118.321302
N04QCJO X 2020-01-31,131.539005
N04QCJO X 2020-02-01,127.002775
N04QCJO X 2020-02-02,129.788960
N04QCJO X 2020-02-03,122.813480
N04QCJO X 2020-02-04,116.748392
N04QCJO X 2020-02-05,117.953877
N04QCJO X 2020-02-06,92.841800
N04QCJO X 2020-02-07,99.533278
N04QCJO X 2020-02-08,103.495437
N04QCJO X 2020-02-09,122.106582
N04QCJO X 2020-02-10,130.349727
N04QCJO X 2020-02-11,115.374444
N04QCJO X 2020-02-12,91.439698
N04QCJO X 2020-02-13,74.243212
N04QCJO X 2020-02-14,68.004571
N04QCJO X 2020-02-15,96.686046
N04QCJO X 2020-02-16,85.474356
N04QCJO X 2020-02-17,86.616940
N04QCJO X 2020-02-18,93.062337
N04QCJO X 2020-02-19,136.465745
N04QCJO X 2020-02-20,151.481987
N04QCJO X 2020-02-21,128.163680
N04QCJO X 2020-02-22,135.913890
N04QCJO X 2020-02-23,128.184762
N04QCJO X 2020-02-24,139.597196
N04QCJO X 2020-02-25,92.417087
N04QCJO X 2020-02-26,132.894854
N04QCJO X 2020-02-27,94.710469
N04QCJO X 2020-02-28,69.109628
N04QCJO X 2020-02-29,82.495556
N04QCJO X 2020-03-01,74.418345
N04QCJO X 2020-03-02,76.139885
N04QCJO X 2020-03-03,72.780446
N04QCJO X 2020-03-04,71.018456
N04QCJO X 2020-03-05,73.758790
N04QCJO X 2020-03-06,76.001610
N04QCJO X 2020-03-07,73.101512
N04QCJO X 2020-03-08,83.368296
N04QCJO X 2020-03-09,99.293377
N04QCJO X 2020-03-10,98.348591
N04QCJO X 2020-03-11,92.724783
N04QCJO X 2020-03-12,88.540425
N04QCJO X 2020-03-13,90.848702
N04QCJO X 2020-03-14,74.997590
N04QCJO X 2020-03-15,66.751493
N04QCJO X 2020-03-16,86.124139
N04QCJO X 2020-03-17,65.681386
N04QCJO X 2020-03-18,82.261794
N04QCJO X 2020-03-19,74.580219
N04QCJO X 2020-03-20,75.114643
N04QCJO X 2020-03-21,75.991677
N04QCJO X 2020-03-22,79.168841
N04QCJO X 2020-03-23,84.272348
N04QCJO X 2020-03-24,75.127380
N04QCJO X 2020-03-25,69.141180
N04QCJO X 2020-03-26,76.674766
N04QCJO X 2020-03-27,71.107474
N04QCJO X 2020-03-28,77.593839
N04QCJO X 2020-03-29,75.141519
N04QCJO X 2020-03-30,59.355338
N04QCJO X 2020-03-31,70.597643
N04QCJO X 2020-04-01,64.511328
N04QCJO X 2020-04-02,73.083836
N04QCJO X 2020-04-03,63.759843
N04QCJO X 2020-04-04,52.616844
N0O5ZLI X 2020-01-02,36.077734
N0O5ZLI X 2020-01-03,41.234382
N0O5ZLI X 2020-01-04,44.054763
N0O5ZLI X 2020-01-05,32.927604
N0O5ZLI X 2020-01-06,54.529135
N0O5ZLI X 2020-01-07,54.152028
N0O5ZLI X 2020-01-08,80.227262
N0O5ZLI X 2020-01-09,41.460032
N0O5ZLI X 2020-01-10,35.704016
N0O5ZLI X 2020-01-11,52.666070
N0O5ZLI X 2020-01-12,47.994504
N0O5ZLI X 2020-01-13,39.857211
N0O5ZLI X 2020-01-14,44.180282
N0O5ZLI X 2020-01-15,36.093569
N0O5ZLI X 2020-01-16,42.036283
N0O5ZLI X 2020-01-17,47.414093
N0O5ZLI X 2020-01-18,35.630306
N0O5ZLI X 2020-01-19,45.357481
N0O5ZLI X 2020-01-20,50.802685
N0O5ZLI X 2020-01-21,40.219727
N0O5ZLI X 2020-01-22,51.604201
N0O5ZLI X 2020-01-23,56.347790
N0O5ZLI X 2020-01-24,44.110505
N0O5ZLI X 2020-01-25,49.888728
N0O5ZLI X 2020-01-26,59.622528
N0O5ZLI X 2020-01-27,37.563072
N0O5ZLI X 2020-01-28,36.656595
N0O5ZLI X 2020-01-29,59.357053
N0O5ZLI X 2020-01-30,40.884122
N0O5ZLI X 2020-01-31,30.615513
N0O5ZLI X 2020-02-01,28.102294
N0O5ZLI X 2020-02-02,55.555516
N0O5ZLI X 2020-02-03,99.568676
N0O5ZLI X 2020-02-04,51.020351
N0O5ZLI X 2020-02-05,76.771325
N0O5ZLI X 2020-02-06,32.806842
N0O5ZLI X 2020-02-07,60.323579
N0O5ZLI X 2020-02-08,51.514012
N0O5ZLI X 2020-02-09,33.699321
N0O5ZLI X 2020-02-10,86.249968
N0O5ZLI X 2020-02-11,39.449246
N0O5ZLI X 2020-02-12,72.074353
N0O5ZLI X 2020-02-13,59.158749
N0O5ZLI X 2020-02-14,57.525882
N0O5ZLI X 2020-02-15,65.732025
N0O5ZLI X 2020-02-16,48.498032
N0O5ZLI X 2020-02-17,30.171787
N0O5ZLI X 2020-02-18,59.299635
N0O5ZLI X 2020-02-19,75.566004
N0O5ZLI X 2020-02-20,55.568311
N0O5ZLI X 2020-02-21,43.566709
N0O5ZLI X 2020-02-22,45.406921
N0O5ZLI X 2020-02-23,34.831694
N0O5ZLI X 2020-02-24,72.710422
N0O5ZLI X 2020-02-25,69.427817
N0O5ZLI X 2020-02-26,30.849794
N0O5ZLI X 2020-02-27,28.328513
N0O5ZLI X 2020-02-28,41.234339
N0O5ZLI X 2020-02-29,55.932204
N0O5ZLI X 2020-03-01,87.997849
N0O5ZLI X 2020-03-02,77.503206
N0O5ZLI X 2020-03-03,42.920950
N0O5ZLI X 2020-03-04,42.281857
N0O5ZLI X 2020-03-05,33.882129
N0O5ZLI X 2020-03-06,41.032729
N0O5ZLI X 2020-03-07,43.664063
N0O5ZLI X 2020-03-08,37.680319
N0O5ZLI X 2020-03-09,52.829176
N0O5ZLI X 2020-03-10,39.194560
N0O5ZLI X 2020-03-11,42.879988
N0O5ZLI X 2020-03-12,52.129335
N0O5ZLI X 2020-03-13,64.730151
N0O5ZLI X 2020-03-14,43.808606
N0O5ZLI X 2020-03-15,43.317528
N0O5ZLI X 2020-03-16,34.301460
N0O5ZLI X 2020-03-17,73.895548
N0O5ZLI X 2020-03-18,68.403290
N0O5ZLI X 2020-03-19,66.426893
N0O5ZLI X 2020-03-20,34.084672
N0O5ZLI X 2020-03-21,47.765405
N0O5ZLI X 2020-03-22,71.497288
N0O5ZLI X 2020-03-23,39.847492
N0O5ZLI X 2020-03-24,37.466251
N0O5ZLI X 2020-03-25,46.966475
N0O5ZLI X 2020-03-26,83.945853
N0O5ZLI X 2020-03-27,48.265552
N0O5ZLI X 2020-03-28,45.050098
N0O5ZLI X 2020-03-29,39.840659
N0O5ZLI X 2020-03-30,46.403159
N0O5ZLI X 2020-03-31,39.868900
N0O5ZLI X 2020-04-01,29.663262
N0O5ZLI X 2020-04-02,54.554368
N0O5ZLI X 2020-04-03,68.402607
N0O5ZLI X 2020-04-04,42.488714
N0PF0ST X 2020-01-02,60.665234
N0PF0ST X 2020-01-03,48.971073
N0PF0ST X 2020-01-04,21.431546
N0PF0ST X 2020-01-05,42.565270
N0PF0ST X 2020-01-06,51.420606
N0PF0ST X 2020-01-07,42.978675
N0PF0ST X 2020-01-08,48.850279
N0PF0ST X 2020-01-09,35.412001
N0PF0ST X 2020-01-10,40.618026
N0PF0ST X 2020-01-11,47.865536
N0PF0ST X 2020-01-12,32.617548
N0PF0ST X 2020-01-13,33.265833
N0PF0ST X 2020-01-14,55.464522
N0PF0ST X 2020-01-15,32.060231
N0PF0ST X 2020-01-16,46.984067
N0PF0ST X 2020-01-17,65.576717
N0PF0ST X 2020-01-18,35.004944
N0PF0ST X 2020-01-19,34.638369
N0PF0ST X 2020-01-20,36.916792
N0PF0ST X 2020-01-21,56.363067
N0PF0ST X 2020-01-22,36.560390
N0PF0ST X 2020-01-23,43.304770
N0PF0ST X 2020-01-24,51.961573
N0PF0ST X 2020-01-25,65.238157
N0PF0ST X 2020-01-26,76.676997
N0PF0ST X 2020-01-27,37.480562
N0PF0ST X 2020-01-28,44.830771
N0PF0ST X 2020-01-29,31.680331
N0PF0ST X 2020-01-30,37.676232
N0PF0ST X 2020-01-31,30.646116
N0PF0ST X 2020-02-01,20.066136
N0PF0ST X 2020-02-02,24.907243
N0PF0ST X 2020-02-03,46.234031
N0PF0ST X 2020-02-04,27.592552
N0PF0ST X 2020-02-05,44.912619
N0PF0ST X 2020-02-06,38.365143
N0PF0ST X 2020-02-07,50.357992
N0PF0ST X 2020-02-08,43.534627
N0PF0ST X 2020-02-09,30.252095
N0PF0ST X 2020-02-10,25.544281
N0PF0ST X 2020-02-11,24.813540
N0PF0ST X 2020-02-12,20.022644
N0PF0ST X 2020-02-13,27.768663
N0PF0ST X 2020-02-14,52.161786
N0PF0ST X 2020-02-15,48.557991
N0PF0ST X 2020-02-16,22.625681
N0PF0ST X 2020-02-17,25.088420
N0PF0ST X 2020-02-18,24.163922
N0PF0ST X 2020-02-19,18.312768
N0PF0ST X 2020-02-20,50.146209
N0PF0ST X 2020-02-21,26.365698
N0PF0ST X 2020-02-22,25.201639
N0PF0ST X 2020-02-23,22.682611
N0PF0ST X 2020-02-24,23.976147
N0PF0ST X 2020-02-25,20.609008
N0PF0ST X 2020-02-26,38.547427
N0PF0ST X 2020-02-27,45.508377
N0PF0ST X 2020-02-28,28.478872
N0PF0ST X 2020-02-29,32.847808
N0PF0ST X 2020-03-01,20.410913
N0PF0ST X 2020-03-02,46.902917
N0PF0ST X 2020-03-03,46.883037
N0PF0ST X 2020-03-04,40.490817
N0PF0ST X 2020-03-05,55.537959
N0PF0ST X 2020-03-06,38.641873
N0PF0ST X 2020-03-07,34.066836
N0PF0ST X 2020-03-08,37.356431
N0PF0ST X 2020-03-09,32.812813
N0PF0ST X 2020-03-10,27.667616
N0PF0ST X 2020-03-11,28.692706
N0PF0ST X 2020-03-12,26.316328
N0PF0ST X 2020-03-13,24.768679
N0PF0ST X 2020-03-14,50.275438
N0PF0ST X 2020-03-15,46.857213
N0PF0ST X 2020-03-16,45.007282
N0PF0ST X 2020-03-17,51.927389
N0PF0ST X 2020-03-18,42.613558
N0PF0ST X 2020-03-19,51.281663
N0PF0ST X 2020-03-20,68.124500
N0PF0ST X 2020-03-21,26.887299
N0PF0ST X 2020-03-22,51.540321
N0PF0ST X 2020-03-23,53.894201
N0PF0ST X 2020-03-24,83.238902
N0PF0ST X 2020-03-25,61.769611
N0PF0ST X 2020-03-26,75.284914
N0PF0ST X 2020-03-27,65.686272
N0PF0ST X 2020-03-28,51.080660
N0PF0ST X 2020-03-29,25.385664
N0PF0ST X 2020-03-30,33.784667
N0PF0ST X 2020-03-31,26.605996
N0PF0ST X 2020-04-01,34.674561
N0PF0ST X 2020-04-02,30.431815
N0PF0ST X 2020-04-03,29.743329
N0PF0ST X 2020-04-04,40.362323
N13GNKZ X 2020-01-02,99.779921
N13GNKZ X 2020-01-03,122.199982
N13GNKZ X 2020-01-04,51.233905
N13GNKZ X 2020-01-05,58.379120
N13GNKZ X 2020-01-06,102.988484
N13GNKZ X 2020-01-07,123.803560
N13GNKZ X 2020-01-08,104.141414
N13GNKZ X 2020-01-09,89.206931
N13GNKZ X 2020-01-10,68.041317
N13GNKZ X 2020-01-11,67.208089
N13GNKZ X 2020-01-12,77.753833
N13GNKZ X 2020-01-13,109.678710
N13GNKZ X 2020-01-14,108.331295
N13GNKZ X 2020-01-15,60.487396
N13GNKZ X 2020-01-16,101.327471
N13GNKZ X 2020-01-17,77.867168
N13GNKZ X 2020-01-18,58.902984
N13GNKZ X 2020-01-19,106.560868
N13GNKZ X 2020-01-20,95.270802
N13GNKZ X 2020-01-21,94.038238
N13GNKZ X 2020-01-22,96.923896
N13GNKZ X 2020-01-23,95.453129
N13GNKZ X 2020-01-24,113.994087
N13GNKZ X 2020-01-25,97.094751
N13GNKZ X 2020-01-26,71.206496
N13GNKZ X 2020-01-27,71.442528
N13GNKZ X 2020-01-28,28.544472
N13GNKZ X 2020-01-29,66.869458
N13GNKZ X 2020-01-30,118.110575
N13GNKZ X 2020-01-31,72.270611
N13GNKZ X 2020-02-01,63.428933
N13GNKZ X 2020-02-02,67.671895
N13GNKZ X 2020-02-03,70.905480
N13GNKZ X 2020-02-04,41.226992
N13GNKZ X 2020-02-05,38.106693
N13GNKZ X 2020-02-06,81.115911
N13GNKZ X 2020-02-07,77.168202
N13GNKZ X 2020-02-08,94.979562
N13GNKZ X 2020-02-09,101.318586
N13GNKZ X 2020-02-10,50.325841
N13GNKZ X 2020-02-11,56.622230
N13GNKZ X 2020-02-12,65.052558
N13GNKZ X 2020-02-13,76.756856
N13GNKZ X 2020-02-14,57.288583
N13GNKZ X 2020-02-15,80.550720
N13GNKZ X 2020-02-16,55.172753
N13GNKZ X 2020-02-17,46.845300
N13GNKZ X 2020-02-18,40.623329
N13GNKZ X 2020-02-19,86.393536
N13GNKZ X 2020-02-20,68.039077
N13GNKZ X 2020-02-21,53.303570
N13GNKZ X 2020-02-22,54.703694
N13GNKZ X 2020-02-23,59.859833
N13GNKZ X 2020-02-24,58.662440
N13GNKZ X 2020-02-25,51.856689
N13GNKZ X 2020-02-26,58.688904
N13GNKZ X 2020-02-27,76.621130
N13GNKZ X 2020-02-28,77.573683
N13GNKZ X 2020-02-29,57.970366
N13GNKZ X 2020-03-01,29.635261
N13GNKZ X 2020-03-02,37.694873
N13GNKZ X 2020-03-03,53.729956
N13GNKZ X 2020-03-04,65.732444
N13GNKZ X 2020-03-05,60.917135
N13GNKZ X 2020-03-06,47.183804
N13GNKZ X 2020-03-07,52.194456
N13GNKZ X 2020-03-08,74.322544
N13GNKZ X 2020-03-09,59.611094
N13GNKZ X 2020-03-10,70.562827
N13GNKZ X 2020-03-11,53.616488
N13GNKZ X 2020-03-12,67.766655
N13GNKZ X 2020-03-13,56.393894
N13GNKZ X 2020-03-14,62.666762
N13GNKZ X 2020-03-15,66.654766
N13GNKZ X 2020-03-16,62.389306
N13GNKZ X 2020-03-17,65.379403
N13GNKZ X 2020-03-18,60.489660
N13GNKZ X 2020-03-19,52.644889
N13GNKZ X 2020-03-20,58.636630
N13GNKZ X 2020-03-21,66.713874
N13GNKZ X 2020-03-22,56.501377
N13GNKZ X 2020-03-23,55.836878
N13GNKZ X 2020-03-24,52.337440
N13GNKZ X 2020-03-25,61.932497
N13GNKZ X 2020-03-26,61.526448
N13GNKZ X 2020-03-27,79.650008
N13GNKZ X 2020-03-28,74.192097
N13GNKZ X 2020-03-29,67.870368
N13GNKZ X 2020-03-30,49.565716
N13GNKZ X 2020-03-31,74.000388
N13GNKZ X 2020-04-01,71.225635
N13GNKZ X 2020-04-02,56.384607
N13GNKZ X 2020-04-03,67.064720
N13GNKZ X 2020-04-04,73.932976
N3VJDCH X 2020-01-02,76.902014
N3VJDCH X 2020-01-03,78.513131
N3VJDCH X 2020-01-04,77.411476
N3VJDCH X 2020-01-05,114.416099
N3VJDCH X 2020-01-06,103.910968
N3VJDCH X 2020-01-07,101.942048
N3VJDCH X 2020-01-08,75.978048
N3VJDCH X 2020-01-09,108.855444
N3VJDCH X 2020-01-10,125.222622
N3VJDCH X 2020-01-11,95.364127
N3VJDCH X 2020-01-12,93.938861
N3VJDCH X 2020-01-13,98.978448
N3VJDCH X 2020-01-14,110.321217
N3VJDCH X 2020-01-15,116.306677
N3VJDCH X 2020-01-16,108.147345
N3VJDCH X 2020-01-17,93.543504
N3VJDCH X 2020-01-18,106.518007
N3VJDCH X 2020-01-19,97.859109
N3VJDCH X 2020-01-20,75.461807
N3VJDCH X 2020-01-21,96.037833
N3VJDCH X 2020-01-22,81.355167
N3VJDCH X 2020-01-23,70.280942
N3VJDCH X 2020-01-24,82.517798
N3VJDCH X 2020-01-25,121.013642
N3VJDCH X 2020-01-26,112.634004
N3VJDCH X 2020-01-27,115.240021
N3VJDCH X 2020-01-29,113.589189
N3VJDCH X 2020-01-30,99.245357
N3VJDCH X 2020-01-31,102.057853
N3VJDCH X 2020-02-01,108.614778
N3VJDCH X 2020-02-02,115.770245
N3VJDCH X 2020-02-03,111.321443
N3VJDCH X 2020-02-04,116.892409
N3VJDCH X 2020-02-05,115.752849
N3VJDCH X 2020-02-06,97.524810
N3VJDCH X 2020-02-07,106.954007
N3VJDCH X 2020-02-08,94.105719
N3VJDCH X 2020-02-09,80.143267
N3VJDCH X 2020-02-10,111.505288
N3VJDCH X 2020-02-11,102.376235
N3VJDCH X 2020-02-12,101.232304
N3VJDCH X 2020-02-13,102.921128
N3VJDCH X 2020-02-14,73.879089
N3VJDCH X 2020-02-15,117.371675
N3VJDCH X 2020-02-16,75.777786
N3VJDCH X 2020-02-17,59.639702
N3VJDCH X 2020-02-18,78.479298
N3VJDCH X 2020-02-19,80.450452
N3VJDCH X 2020-02-20,73.608705
N3VJDCH X 2020-02-21,109.168333
N3VJDCH X 2020-02-22,94.502218
N3VJDCH X 2020-02-23,79.732474
N3VJDCH X 2020-02-24,99.780160
N3VJDCH X 2020-02-25,71.894112
N3VJDCH X 2020-02-26,77.893841
N3VJDCH X 2020-02-27,99.782504
N3VJDCH X 2020-02-28,87.546128
N3VJDCH X 2020-02-29,93.481902
N3VJDCH X 2020-03-01,105.706574
N3VJDCH X 2020-03-02,130.133731
N3VJDCH X 2020-03-03,83.414000
N3VJDCH X 2020-03-04,102.397028
N3VJDCH X 2020-03-05,140.711089
N3VJDCH X 2020-03-06,70.762630
N3VJDCH X 2020-03-07,82.335413
N3VJDCH X 2020-03-08,100.599739
N3VJDCH X 2020-03-09,96.200214
N3VJDCH X 2020-03-10,82.943937
N3VJDCH X 2020-03-11,118.434509
N3VJDCH X 2020-03-12,135.393889
N3VJDCH X 2020-03-13,92.411549
N3VJDCH X 2020-03-14,139.510611
N3VJDCH X 2020-03-15,112.999091
N3VJDCH X 2020-03-16,102.450675
N3VJDCH X 2020-03-17,102.413857
N3VJDCH X 2020-03-18,111.855130
N3VJDCH X 2020-03-19,126.840631
N3VJDCH X 2020-03-20,93.158156
N3VJDCH X 2020-03-21,89.612992
N3VJDCH X 2020-03-22,93.599040
N3VJDCH X 2020-03-23,78.140123
N3VJDCH X 2020-03-24,75.475762
N3VJDCH X 2020-03-25,63.000860
N3VJDCH X 2020-03-26,99.204837
N3VJDCH X 2020-03-27,133.293799
N3VJDCH X 2020-03-28,115.754127
N3VJDCH X 2020-03-29,127.315198
N3VJDCH X 2020-03-30,136.883752
N3VJDCH X 2020-03-31,148.944857
N3VJDCH X 2020-04-01,155.395075
N3VJDCH X 2020-04-02,86.550241
N3VJDCH X 2020-04-03,71.455795
N3VJDCH X 2020-04-04,127.688997
NIPJPJE X 2020-01-02,56.318206
NIPJPJE X 2020-01-03,44.374121
NIPJPJE X 2020-01-04,44.619913
NIPJPJE X 2020-01-05,49.334529
NIPJPJE X 2020-01-06,34.175647
NIPJPJE X 2020-01-07,55.457418
NIPJPJE X 2020-01-08,39.837268
NIPJPJE X 2020-01-09,27.140853
NIPJPJE X 2020-01-10,37.872744
NIPJPJE X 2020-01-11,30.423274
NIPJPJE X 2020-01-12,39.981244
NIPJPJE X 2020-01-13,53.475616
NIPJPJE X 2020-01-14,49.608440
NIPJPJE X 2020-01-15,69.601758
NIPJPJE X 2020-01-16,53.573669
NIPJPJE X 2020-01-17,33.505126
NIPJPJE X 2020-01-18,28.773002
NIPJPJE X 2020-01-19,60.416889
NIPJPJE X 2020-01-20,62.262858
NIPJPJE X 2020-01-21,52.579153
NIPJPJE X 2020-01-22,46.902904
NIPJPJE X 2020-01-23,25.838818
NIPJPJE X 2020-01-24,62.609483
NIPJPJE X 2020-01-25,51.226469
NIPJPJE X 2020-01-26,54.215417
NIPJPJE X 2020-01-27,92.023621
NIPJPJE X 2020-01-28,82.377260
NIPJPJE X 2020-01-29,53.323272
NIPJPJE X 2020-01-30,67.179813
NIPJPJE X 2020-01-31,94.982560
NIPJPJE X 2020-02-01,53.233483
NIPJPJE X 2020-02-02,61.967844
NIPJPJE X 2020-02-03,82.728767
NIPJPJE X 2020-02-04,51.386167
NIPJPJE X 2020-02-05,53.336786
NIPJPJE X 2020-02-06,38.478249
NIPJPJE X 2020-02-07,52.634534
NIPJPJE X 2020-02-08,41.354027
NIPJPJE X 2020-02-09,42.350457
NIPJPJE X 2020-02-10,33.239680
NIPJPJE X 2020-02-11,41.720498
NIPJPJE X 2020-02-12,52.156347
NIPJPJE X 2020-02-13,49.112657
NIPJPJE X 2020-02-14,43.425098
NIPJPJE X 2020-02-15,49.547464
NIPJPJE X 2020-02-16,36.349107
NIPJPJE X 2020-02-17,46.061046
NIPJPJE X 2020-02-18,42.112915
NIPJPJE X 2020-02-19,49.628616
NIPJPJE X 2020-02-20,60.067667
NIPJPJE X 2020-02-21,53.469214
NIPJPJE X 2020-02-22,34.541190
NIPJPJE X 2020-02-23,40.479097
NIPJPJE X 2020-02-24,32.151439
NIPJPJE X 2020-02-25,45.453332
NIPJPJE X 2020-02-26,56.662702
NIPJPJE X 2020-02-27,50.779933
NIPJPJE X 2020-02-28,82.785431
NIPJPJE X 2020-02-29,87.337913
NIPJPJE X 2020-03-01,73.906683
NIPJPJE X 2020-03-02,53.629339
NIPJPJE X 2020-03-03,47.229172
NIPJPJE X 2020-03-04,54.859833
NIPJPJE X 2020-03-05,49.565015
NIPJPJE X 2020-03-06,50.492984
NIPJPJE X 2020-03-07,59.674472
NIPJPJE X 2020-03-08,48.572690
NIPJPJE X 2020-03-09,32.311702
NIPJPJE X 2020-03-10,45.712079
NIPJPJE X 2020-03-11,65.316521
NIPJPJE X 2020-03-12,78.522017
NIPJPJE X 2020-03-13,53.489842
NIPJPJE X 2020-03-14,48.966139
NIPJPJE X 2020-03-15,46.113069
NIPJPJE X 2020-03-16,38.736437
NIPJPJE X 2020-03-17,43.917252
NIPJPJE X 2020-03-18,42.057242
NIPJPJE X 2020-03-19,47.512288
NIPJPJE X 2020-03-20,41.770671
NIPJPJE X 2020-03-21,40.607909
NIPJPJE X 2020-03-22,57.844228
NIPJPJE X 2020-03-23,54.136722
NIPJPJE X 2020-03-24,49.859123
NIPJPJE X 2020-03-25,65.587694
NIPJPJE X 2020-03-26,66.791017
NIPJPJE X 2020-03-27,67.793419
NIPJPJE X 2020-03-28,49.264450
NIPJPJE X 2020-03-29,51.892663
NIPJPJE X 2020-03-30,57.058274
NIPJPJE X 2020-03-31,49.551889
NIPJPJE X 2020-04-01,78.013317
NIPJPJE X 2020-04-02,51.935918
NIPJPJE X 2020-04-03,72.226357
NIPJPJE X 2020-04-04,26.348955
NJFSSS1 X 2020-01-02,35.142288
NJFSSS1 X 2020-01-03,30.011505
NJFSSS1 X 2020-01-04,33.989168
NJFSSS1 X 2020-01-05,38.892856
NJFSSS1 X 2020-01-06,32.221362
NJFSSS1 X 2020-01-07,30.386757
NJFSSS1 X 2020-01-08,33.483637
NJFSSS1 X 2020-01-09,57.275468
NJFSSS1 X 2020-01-10,29.770921
NJFSSS1 X 2020-01-11,27.639506
NJFSSS1 X 2020-01-12,32.289173
NJFSSS1 X 2020-01-13,23.688121
NJFSSS1 X 2020-01-14,27.321561
NJFSSS1 X 2020-01-15,27.955719
NJFSSS1 X 2020-01-16,28.061138
NJFSSS1 X 2020-01-17,30.870169
NJFSSS1 X 2020-01-18,30.925512
NJFSSS1 X 2020-01-19,29.733453
NJFSSS1 X 2020-01-20,30.323716
NJFSSS1 X 2020-01-21,30.680009
NJFSSS1 X 2020-01-22,27.105146
NJFSSS1 X 2020-01-23,28.090860
NJFSSS1 X 2020-01-24,22.502940
NJFSSS1 X 2020-01-25,36.338220
NJFSSS1 X 2020-01-26,29.867919
NJFSSS1 X 2020-01-27,23.222027
NJFSSS1 X 2020-01-28,31.742043
NJFSSS1 X 2020-01-29,35.826235
NJFSSS1 X 2020-01-30,32.663731
NJFSSS1 X 2020-01-31,30.716105
NJFSSS1 X 2020-02-01,28.069138
NJFSSS1 X 2020-02-02,31.119790
NJFSSS1 X 2020-02-03,30.401096
NJFSSS1 X 2020-02-04,37.630554
NJFSSS1 X 2020-02-05,46.613963
NJFSSS1 X 2020-02-06,32.651121
NJFSSS1 X 2020-02-07,26.129386
NJFSSS1 X 2020-02-08,35.529506
NJFSSS1 X 2020-02-09,39.611833
NJFSSS1 X 2020-02-10,30.568110
NJFSSS1 X 2020-02-11,30.245309
NJFSSS1 X 2020-02-12,25.744988
NJFSSS1 X 2020-02-13,36.861940
NJFSSS1 X 2020-02-14,30.987299
NJFSSS1 X 2020-02-15,28.522069
NJFSSS1 X 2020-02-16,33.232713
NJFSSS1 X 2020-02-17,42.051116
NJFSSS1 X 2020-02-18,23.187050
NJFSSS1 X 2020-02-19,26.944427
NJFSSS1 X 2020-02-20,30.312369
NJFSSS1 X 2020-02-21,25.505224
NJFSSS1 X 2020-02-22,27.290454
NJFSSS1 X 2020-02-23,21.268548
NJFSSS1 X 2020-02-24,25.803844
NJFSSS1 X 2020-02-25,26.567276
NJFSSS1 X 2020-02-26,30.922668
NJFSSS1 X 2020-02-27,26.239043
NJFSSS1 X 2020-02-28,22.763332
NJFSSS1 X 2020-02-29,26.091244
NJFSSS1 X 2020-03-01,25.235637
NJFSSS1 X 2020-03-02,24.733914
NJFSSS1 X 2020-03-03,23.296867
NJFSSS1 X 2020-03-04,29.377890
NJFSSS1 X 2020-03-05,28.404401
NJFSSS1 X 2020-03-06,27.165326
NJFSSS1 X 2020-03-07,28.884107
NJFSSS1 X 2020-03-08,26.607745
NJFSSS1 X 2020-03-09,27.645531
NJFSSS1 X 2020-03-10,29.071214
NJFSSS1 X 2020-03-11,29.289675
NJFSSS1 X 2020-03-12,33.106108
NJFSSS1 X 2020-03-13,33.065919
NJFSSS1 X 2020-03-14,33.818029
NJFSSS1 X 2020-03-15,26.547175
NJFSSS1 X 2020-03-16,20.923040
NJFSSS1 X 2020-03-17,24.094630
NJFSSS1 X 2020-03-18,35.512046
NJFSSS1 X 2020-03-19,25.364598
NJFSSS1 X 2020-03-20,25.755100
NJFSSS1 X 2020-03-21,23.915429
NJFSSS1 X 2020-03-22,44.888030
NJFSSS1 X 2020-03-23,30.599158
NJFSSS1 X 2020-03-24,30.992659
NJFSSS1 X 2020-03-25,27.001708
NJFSSS1 X 2020-03-26,26.209445
NJFSSS1 X 2020-03-27,23.448262
NJFSSS1 X 2020-03-28,21.689041
NJFSSS1 X 2020-03-29,34.407564
NJFSSS1 X 2020-03-30,21.776430
NJFSSS1 X 2020-03-31,21.349173
NJFSSS1 X 2020-04-01,17.696931
NJFSSS1 X 2020-04-02,25.981331
NJFSSS1 X 2020-04-03,32.424844
NJFSSS1 X 2020-04-04,29.020371
NJNT1L4 X 2020-01-02,35.092577
NJNT1L4 X 2020-01-03,29.012214
NJNT1L4 X 2020-01-04,37.148304
NJNT1L4 X 2020-01-05,43.398980
NJNT1L4 X 2020-01-06,61.627512
NJNT1L4 X 2020-01-07,30.515340
NJNT1L4 X 2020-01-08,57.976048
NJNT1L4 X 2020-01-09,49.223118
NJNT1L4 X 2020-01-10,33.965279
NJNT1L4 X 2020-01-11,32.049728
NJNT1L4 X 2020-01-12,53.520615
NJNT1L4 X 2020-01-13,41.673659
NJNT1L4 X 2020-01-14,43.064274
NJNT1L4 X 2020-01-15,56.078676
NJNT1L4 X 2020-01-16,116.690959
NJNT1L4 X 2020-01-17,46.673504
NJNT1L4 X 2020-01-18,33.653251
NJNT1L4 X 2020-01-19,22.678720
NJNT1L4 X 2020-01-20,57.386361
NJNT1L4 X 2020-01-21,35.555876
NJNT1L4 X 2020-01-22,37.306048
NJNT1L4 X 2020-01-23,41.441266
NJNT1L4 X 2020-01-24,36.211246
NJNT1L4 X 2020-01-25,38.571754
NJNT1L4 X 2020-01-26,49.851727
NJNT1L4 X 2020-01-27,49.731239
NJNT1L4 X 2020-01-28,40.090857
NJNT1L4 X 2020-01-29,49.078972
NJNT1L4 X 2020-01-30,28.807698
NJNT1L4 X 2020-01-31,31.695378
NJNT1L4 X 2020-02-01,64.237731
NJNT1L4 X 2020-02-02,55.656991
NJNT1L4 X 2020-02-03,32.860906
NJNT1L4 X 2020-02-04,23.188980
NJNT1L4 X 2020-02-05,42.086361
NJNT1L4 X 2020-02-06,54.118216
NJNT1L4 X 2020-02-07,48.784429
NJNT1L4 X 2020-02-08,45.795096
NJNT1L4 X 2020-02-09,24.775012
NJNT1L4 X 2020-02-10,27.925794
NJNT1L4 X 2020-02-11,33.959996
NJNT1L4 X 2020-02-12,44.937435
NJNT1L4 X 2020-02-13,52.663155
NJNT1L4 X 2020-02-14,40.931163
NJNT1L4 X 2020-02-15,27.043743
NJNT1L4 X 2020-02-16,28.817853
NJNT1L4 X 2020-02-17,43.099073
NJNT1L4 X 2020-02-18,50.007495
NJNT1L4 X 2020-02-19,40.518350
NJNT1L4 X 2020-02-20,31.637079
NJNT1L4 X 2020-02-21,46.341143
NJNT1L4 X 2020-02-22,63.464081
NJNT1L4 X 2020-02-23,48.135692
NJNT1L4 X 2020-02-24,55.414688
NJNT1L4 X 2020-02-25,30.943967
NJNT1L4 X 2020-02-26,30.139193
NJNT1L4 X 2020-02-27,119.769667
NJNT1L4 X 2020-02-28,96.330820
NJNT1L4 X 2020-02-29,69.282134
NJNT1L4 X 2020-03-01,30.522134
NJNT1L4 X 2020-03-02,26.733631
NJNT1L4 X 2020-03-03,30.000394
NJNT1L4 X 2020-03-04,75.187317
NJNT1L4 X 2020-03-05,55.801489
NJNT1L4 X 2020-03-06,32.670456
NJNT1L4 X 2020-03-07,41.491070
NJNT1L4 X 2020-03-08,25.873172
NJNT1L4 X 2020-03-09,54.020187
NJNT1L4 X 2020-03-10,51.371971
NJNT1L4 X 2020-03-11,42.408828
NJNT1L4 X 2020-03-12,39.398485
NJNT1L4 X 2020-03-13,53.716550
NJNT1L4 X 2020-03-14,46.966598
NJNT1L4 X 2020-03-15,63.353355
NJNT1L4 X 2020-03-16,37.873962
NJNT1L4 X 2020-03-17,23.986284
NJNT1L4 X 2020-03-18,27.863672
NJNT1L4 X 2020-03-19,45.184582
NJNT1L4 X 2020-03-20,85.158038
NJNT1L4 X 2020-03-21,42.627432
NJNT1L4 X 2020-03-22,28.661170
NJNT1L4 X 2020-03-23,40.746255
NJNT1L4 X 2020-03-24,22.358188
NJNT1L4 X 2020-03-25,59.314160
NJNT1L4 X 2020-03-26,51.212238
NJNT1L4 X 2020-03-27,54.200868
NJNT1L4 X 2020-03-28,29.096653
NJNT1L4 X 2020-03-29,58.311076
NJNT1L4 X 2020-03-30,58.124464
NJNT1L4 X 2020-03-31,58.722791
NJNT1L4 X 2020-04-01,34.513828
NJNT1L4 X 2020-04-02,28.962548
NJNT1L4 X 2020-04-03,28.078353
NJNT1L4 X 2020-04-04,47.260356
NPGYODP X 2020-01-02,22.522927
NPGYODP X 2020-01-03,23.395127
NPGYODP X 2020-01-04,17.093310
NPGYODP X 2020-01-05,36.145444
NPGYODP X 2020-01-06,32.148512
NPGYODP X 2020-01-07,27.209160
NPGYODP X 2020-01-08,27.966918
NPGYODP X 2020-01-09,15.413981
NPGYODP X 2020-01-10,14.042011
NPGYODP X 2020-01-11,28.776721
NPGYODP X 2020-01-12,23.065338
NPGYODP X 2020-01-13,20.381250
NPGYODP X 2020-01-14,14.081015
NPGYODP X 2020-01-15,19.913832
NPGYODP X 2020-01-16,33.284152
NPGYODP X 2020-01-17,22.292205
NPGYODP X 2020-01-18,31.583692
NPGYODP X 2020-01-19,31.789877
NPGYODP X 2020-01-20,19.425668
NPGYODP X 2020-01-21,20.449139
NPGYODP X 2020-01-22,14.408005
NPGYODP X 2020-01-23,17.898497
NPGYODP X 2020-01-24,18.677697
NPGYODP X 2020-01-25,20.581302
NPGYODP X 2020-01-26,34.360490
NPGYODP X 2020-01-27,28.939466
NPGYODP X 2020-01-28,23.843784
NPGYODP X 2020-01-29,29.366997
NPGYODP X 2020-01-30,24.517919
NPGYODP X 2020-01-31,23.169668
NPGYODP X 2020-02-01,22.166862
NPGYODP X 2020-02-02,25.315858
NPGYODP X 2020-02-03,21.956446
NPGYODP X 2020-02-04,22.405497
NPGYODP X 2020-02-05,23.417148
NPGYODP X 2020-02-06,17.707741
NPGYODP X 2020-02-07,32.584487
NPGYODP X 2020-02-08,29.743582
NPGYODP X 2020-02-09,26.853106
NPGYODP X 2020-02-10,30.192140
NPGYODP X 2020-02-11,30.963799
NPGYODP X 2020-02-12,37.752298
NPGYODP X 2020-02-13,39.839325
NPGYODP X 2020-02-14,36.108602
NPGYODP X 2020-02-15,41.702474
NPGYODP X 2020-02-16,35.043717
NPGYODP X 2020-02-17,29.686036
NPGYODP X 2020-02-18,22.575567
NPGYODP X 2020-02-19,20.617811
NPGYODP X 2020-02-20,30.990565
NPGYODP X 2020-02-21,35.245798
NPGYODP X 2020-02-22,28.312218
NPGYODP X 2020-02-23,31.292741
NPGYODP X 2020-02-24,27.239581
NPGYODP X 2020-02-25,31.124042
NPGYODP X 2020-02-26,116.182804
NPGYODP X 2020-02-27,37.229975
NPGYODP X 2020-02-28,68.004212
NPGYODP X 2020-02-29,34.601666
NPGYODP X 2020-03-01,24.415417
NPGYODP X 2020-03-02,43.560446
NPGYODP X 2020-03-03,26.855020
NPGYODP X 2020-03-04,23.631317
NPGYODP X 2020-03-05,44.021217
NPGYODP X 2020-03-06,38.521298
NPGYODP X 2020-03-07,30.419979
NPGYODP X 2020-03-08,30.826115
NPGYODP X 2020-03-09,23.235420
NPGYODP X 2020-03-10,22.638566
NPGYODP X 2020-03-11,48.226808
NPGYODP X 2020-03-12,37.800397
NPGYODP X 2020-03-13,23.560726
NPGYODP X 2020-03-14,22.583294
NPGYODP X 2020-03-15,23.931865
NPGYODP X 2020-03-16,20.701718
NPGYODP X 2020-03-17,25.977388
NPGYODP X 2020-03-18,28.815749
NPGYODP X 2020-03-19,25.686914
NPGYODP X 2020-03-20,21.049515
NPGYODP X 2020-03-21,29.062401
NPGYODP X 2020-03-22,27.087431
NPGYODP X 2020-03-23,58.007573
NPGYODP X 2020-03-24,64.839743
NPGYODP X 2020-03-25,30.490516
NPGYODP X 2020-03-26,19.434240
NPGYODP X 2020-03-27,21.236999
NPGYODP X 2020-03-28,23.417556
NPGYODP X 2020-03-29,25.626057
NPGYODP X 2020-03-30,29.381102
NPGYODP X 2020-03-31,22.631106
NPGYODP X 2020-04-01,22.636179
NPGYODP X 2020-04-02,29.930989
NPGYODP X 2020-04-03,30.470147
NPGYODP X 2020-04-04,32.348437
NT9A6FP X 2020-01-02,36.805565
NT9A6FP X 2020-01-03,85.079970
NT9A6FP X 2020-01-04,41.418782
NT9A6FP X 2020-01-05,34.381306
NT9A6FP X 2020-01-06,29.703865
NT9A6FP X 2020-01-07,68.560844
NT9A6FP X 2020-01-08,64.004095
NT9A6FP X 2020-01-09,27.236972
NT9A6FP X 2020-01-10,58.835235
NT9A6FP X 2020-01-11,80.478425
NT9A6FP X 2020-01-12,60.268770
NT9A6FP X 2020-01-13,88.480663
NT9A6FP X 2020-01-14,61.110569
NT9A6FP X 2020-01-15,48.120229
NT9A6FP X 2020-01-16,38.058257
NT9A6FP X 2020-01-17,51.968620
NT9A6FP X 2020-01-18,43.744542
NT9A6FP X 2020-01-19,51.682499
NT9A6FP X 2020-01-20,88.881024
NT9A6FP X 2020-01-21,56.023106
NT9A6FP X 2020-01-22,64.956624
NT9A6FP X 2020-01-23,61.145713
NT9A6FP X 2020-01-24,88.269159
NT9A6FP X 2020-01-25,42.797249
NT9A6FP X 2020-01-26,67.282032
NT9A6FP X 2020-01-27,39.035296
NT9A6FP X 2020-01-28,32.533687
NT9A6FP X 2020-01-29,35.330151
NT9A6FP X 2020-01-30,87.071913
NT9A6FP X 2020-01-31,21.583505
NT9A6FP X 2020-02-01,22.934082
NT9A6FP X 2020-02-02,29.155976
NT9A6FP X 2020-02-03,67.491788
NT9A6FP X 2020-02-04,58.914646
NT9A6FP X 2020-02-05,71.023743
NT9A6FP X 2020-02-06,27.958079
NT9A6FP X 2020-02-07,95.726944
NT9A6FP X 2020-02-08,70.430892
NT9A6FP X 2020-02-09,34.539134
NT9A6FP X 2020-02-10,83.677960
NT9A6FP X 2020-02-11,48.590952
NT9A6FP X 2020-02-12,136.536844
NT9A6FP X 2020-02-13,59.691329
NT9A6FP X 2020-02-14,48.277929
NT9A6FP X 2020-02-15,43.239976
NT9A6FP X 2020-02-16,58.672794
NT9A6FP X 2020-02-17,58.226925
NT9A6FP X 2020-02-18,47.132325
NT9A6FP X 2020-02-19,29.784045
NT9A6FP X 2020-02-20,97.893499
NT9A6FP X 2020-02-21,75.013685
NT9A6FP X 2020-02-22,50.106013
NT9A6FP X 2020-02-23,29.846593
NT9A6FP X 2020-02-24,52.471862
NT9A6FP X 2020-02-25,43.559651
NT9A6FP X 2020-02-26,40.895907
NT9A6FP X 2020-02-27,22.436111
NT9A6FP X 2020-02-28,68.685058
NT9A6FP X 2020-02-29,121.218754
NT9A6FP X 2020-03-01,53.228959
NT9A6FP X 2020-03-02,40.657765
NT9A6FP X 2020-03-03,72.131556
NT9A6FP X 2020-03-04,48.241407
NT9A6FP X 2020-03-05,30.148433
NT9A6FP X 2020-03-06,29.812481
NT9A6FP X 2020-03-07,56.794606
NT9A6FP X 2020-03-08,44.198659
NT9A6FP X 2020-03-09,46.762352
NT9A6FP X 2020-03-10,60.046901
NT9A6FP X 2020-03-11,35.299967
NT9A6FP X 2020-03-12,34.889427
NT9A6FP X 2020-03-13,65.612160
NT9A6FP X 2020-03-14,41.490238
NT9A6FP X 2020-03-15,41.334763
NT9A6FP X 2020-03-16,45.076708
NT9A6FP X 2020-03-17,113.793187
NT9A6FP X 2020-03-18,65.523331
NT9A6FP X 2020-03-19,63.436399
NT9A6FP X 2020-03-20,31.029626
NT9A6FP X 2020-03-21,54.624587
NT9A6FP X 2020-03-22,63.965730
NT9A6FP X 2020-03-23,46.811855
NT9A6FP X 2020-03-24,28.231587
NT9A6FP X 2020-03-25,48.661722
NT9A6FP X 2020-03-26,52.975775
NT9A6FP X 2020-03-27,61.872831
NT9A6FP X 2020-03-28,42.991520
NT9A6FP X 2020-03-29,33.856661
NT9A6FP X 2020-03-30,36.652652
NT9A6FP X 2020-03-31,39.450796
NT9A6FP X 2020-04-01,30.261440
NT9A6FP X 2020-04-02,64.541161
NT9A6FP X 2020-04-03,61.713613
NT9A6FP X 2020-04-04,81.130187
NUEDVX3 X 2020-01-02,38.796881
NUEDVX3 X 2020-01-03,122.207971
NUEDVX3 X 2020-01-04,47.026653
NUEDVX3 X 2020-01-05,22.211103
NUEDVX3 X 2020-01-06,28.247388
NUEDVX3 X 2020-01-07,49.732003
NUEDVX3 X 2020-01-08,38.247729
NUEDVX3 X 2020-01-09,24.972820
NUEDVX3 X 2020-01-10,37.201683
NUEDVX3 X 2020-01-11,44.893792
NUEDVX3 X 2020-01-12,58.144800
NUEDVX3 X 2020-01-13,94.403687
NUEDVX3 X 2020-01-14,61.737734
NUEDVX3 X 2020-01-15,45.688267
NUEDVX3 X 2020-01-16,45.884985
NUEDVX3 X 2020-01-17,42.229550
NUEDVX3 X 2020-01-18,25.331841
NUEDVX3 X 2020-01-19,40.460841
NUEDVX3 X 2020-01-20,92.024552
NUEDVX3 X 2020-01-21,55.012504
NUEDVX3 X 2020-01-22,51.684054
NUEDVX3 X 2020-01-23,60.350841
NUEDVX3 X 2020-01-24,56.260173
NUEDVX3 X 2020-01-25,42.690398
NUEDVX3 X 2020-01-26,48.136323
NUEDVX3 X 2020-01-27,43.121042
NUEDVX3 X 2020-01-28,28.662102
NUEDVX3 X 2020-01-29,35.827399
NUEDVX3 X 2020-01-30,94.317218
NUEDVX3 X 2020-01-31,25.252460
NUEDVX3 X 2020-02-01,21.305754
NUEDVX3 X 2020-02-02,29.702095
NUEDVX3 X 2020-02-03,88.022452
NUEDVX3 X 2020-02-04,43.970542
NUEDVX3 X 2020-02-05,73.637020
NUEDVX3 X 2020-02-06,26.445714
NUEDVX3 X 2020-02-07,75.320001
NUEDVX3 X 2020-02-08,65.831106
NUEDVX3 X 2020-02-09,31.966361
NUEDVX3 X 2020-02-10,95.229758
NUEDVX3 X 2020-02-11,40.021299
NUEDVX3 X 2020-02-12,79.211683
NUEDVX3 X 2020-02-13,53.602478
NUEDVX3 X 2020-02-14,69.427980
NUEDVX3 X 2020-02-15,43.740140
NUEDVX3 X 2020-02-16,55.965701
NUEDVX3 X 2020-02-17,33.719472
NUEDVX3 X 2020-02-18,60.884841
NUEDVX3 X 2020-02-19,32.111476
NUEDVX3 X 2020-02-20,68.376968
NUEDVX3 X 2020-02-21,45.711353
NUEDVX3 X 2020-02-22,43.517979
NUEDVX3 X 2020-02-23,40.667401
NUEDVX3 X 2020-02-24,79.083619
NUEDVX3 X 2020-02-25,52.234156
NUEDVX3 X 2020-02-26,39.363897
NUEDVX3 X 2020-02-27,36.391067
NUEDVX3 X 2020-02-28,65.442816
NUEDVX3 X 2020-02-29,70.545324
NUEDVX3 X 2020-03-01,62.828144
NUEDVX3 X 2020-03-02,45.553257
NUEDVX3 X 2020-03-03,58.119497
NUEDVX3 X 2020-03-04,52.590396
NUEDVX3 X 2020-03-05,36.300361
NUEDVX3 X 2020-03-06,33.379550
NUEDVX3 X 2020-03-07,48.269664
NUEDVX3 X 2020-03-08,35.266636
NUEDVX3 X 2020-03-09,36.869790
NUEDVX3 X 2020-03-10,41.636858
NUEDVX3 X 2020-03-11,54.266968
NUEDVX3 X 2020-03-12,30.629274
NUEDVX3 X 2020-03-13,55.415591
NUEDVX3 X 2020-03-14,32.088095
NUEDVX3 X 2020-03-15,43.482733
NUEDVX3 X 2020-03-16,37.795856
NUEDVX3 X 2020-03-17,52.423866
NUEDVX3 X 2020-03-18,71.733985
NUEDVX3 X 2020-03-19,41.093608
NUEDVX3 X 2020-03-20,31.611030
NUEDVX3 X 2020-03-21,57.475434
NUEDVX3 X 2020-03-22,58.314794
NUEDVX3 X 2020-03-23,39.489265
NUEDVX3 X 2020-03-24,26.639321
NUEDVX3 X 2020-03-25,55.500600
NUEDVX3 X 2020-03-26,72.418712
NUEDVX3 X 2020-03-27,55.672851
NUEDVX3 X 2020-03-28,37.472470
NUEDVX3 X 2020-03-29,29.736578
NUEDVX3 X 2020-03-30,48.669606
NUEDVX3 X 2020-03-31,48.756571
NUEDVX3 X 2020-04-01,24.257446
NUEDVX3 X 2020-04-02,50.555964
NUEDVX3 X 2020-04-03,69.071417
NUEDVX3 X 2020-04-04,34.304960
NXR8UIK X 2020-01-02,37.888644
NXR8UIK X 2020-01-03,40.279201
NXR8UIK X 2020-01-04,45.030290
NXR8UIK X 2020-01-05,45.822421
NXR8UIK X 2020-01-06,48.608848
NXR8UIK X 2020-01-07,45.540964
NXR8UIK X 2020-01-08,44.510365
NXR8UIK X 2020-01-09,58.941056
NXR8UIK X 2020-01-10,40.331104
NXR8UIK X 2020-01-11,49.505184
NXR8UIK X 2020-01-12,52.793203
NXR8UIK X 2020-01-13,37.014832
NXR8UIK X 2020-01-14,47.632159
NXR8UIK X 2020-01-15,46.552929
NXR8UIK X 2020-01-16,54.081934
NXR8UIK X 2020-01-17,57.514819
NXR8UIK X 2020-01-18,34.256280
NXR8UIK X 2020-01-19,50.409045
NXR8UIK X 2020-01-20,44.639951
NXR8UIK X 2020-01-21,63.627836
NXR8UIK X 2020-01-22,51.663505
NXR8UIK X 2020-01-23,56.920345
NXR8UIK X 2020-01-24,57.709872
NXR8UIK X 2020-01-25,50.524349
NXR8UIK X 2020-01-26,68.542960
NXR8UIK X 2020-01-27,41.261775
NXR8UIK X 2020-01-28,40.726667
NXR8UIK X 2020-01-29,40.011542
NXR8UIK X 2020-01-30,42.874870
NXR8UIK X 2020-01-31,34.090899
NXR8UIK X 2020-02-01,44.715544
NXR8UIK X 2020-02-02,70.453790
NXR8UIK X 2020-02-03,64.668586
NXR8UIK X 2020-02-04,61.019345
NXR8UIK X 2020-02-05,35.790791
NXR8UIK X 2020-02-06,46.487488
NXR8UIK X 2020-02-07,52.596978
NXR8UIK X 2020-02-08,41.397358
NXR8UIK X 2020-02-09,43.310308
NXR8UIK X 2020-02-10,37.501341
NXR8UIK X 2020-02-11,60.934021
NXR8UIK X 2020-02-12,51.369940
NXR8UIK X 2020-02-13,39.357299
NXR8UIK X 2020-02-14,72.463962
NXR8UIK X 2020-02-15,80.703369
NXR8UIK X 2020-02-16,48.490487
NXR8UIK X 2020-02-17,43.231394
NXR8UIK X 2020-02-18,65.003447
NXR8UIK X 2020-02-19,37.993070
NXR8UIK X 2020-02-20,63.168209
NXR8UIK X 2020-02-21,45.785638
NXR8UIK X 2020-02-22,53.070211
NXR8UIK X 2020-02-23,38.001647
NXR8UIK X 2020-02-24,37.221209
NXR8UIK X 2020-02-25,79.785528
NXR8UIK X 2020-02-26,36.266127
NXR8UIK X 2020-02-27,35.791624
NXR8UIK X 2020-02-28,52.314577
NXR8UIK X 2020-02-29,52.467565
NXR8UIK X 2020-03-01,67.037413
NXR8UIK X 2020-03-02,54.579093
NXR8UIK X 2020-03-03,44.436411
NXR8UIK X 2020-03-04,41.795331
NXR8UIK X 2020-03-05,39.221450
NXR8UIK X 2020-03-06,49.077078
NXR8UIK X 2020-03-07,55.360881
NXR8UIK X 2020-03-08,39.116071
NXR8UIK X 2020-03-09,57.823705
NXR8UIK X 2020-03-10,45.219655
NXR8UIK X 2020-03-11,35.222524
NXR8UIK X 2020-03-12,49.774857
NXR8UIK X 2020-03-13,57.308316
NXR8UIK X 2020-03-14,41.392087
NXR8UIK X 2020-03-15,47.767423
NXR8UIK X 2020-03-16,33.250079
NXR8UIK X 2020-03-17,46.322180
NXR8UIK X 2020-03-18,47.414759
NXR8UIK X 2020-03-19,48.613287
NXR8UIK X 2020-03-20,32.599807
NXR8UIK X 2020-03-21,61.414952
NXR8UIK X 2020-03-22,56.422079
NXR8UIK X 2020-03-23,33.801267
NXR8UIK X 2020-03-24,52.042679
NXR8UIK X 2020-03-25,50.440798
NXR8UIK X 2020-03-26,54.152386
NXR8UIK X 2020-03-27,64.777226
NXR8UIK X 2020-03-28,45.986765
NXR8UIK X 2020-03-29,35.399382
NXR8UIK X 2020-03-30,50.356619
NXR8UIK X 2020-03-31,44.008020
NXR8UIK X 2020-04-01,35.154022
NXR8UIK X 2020-04-02,53.259571
NXR8UIK X 2020-04-03,55.297198
NXR8UIK X 2020-04-04,102.236964
OC6BBFN X 2020-01-02,95.117306
OC6BBFN X 2020-01-03,91.014928
OC6BBFN X 2020-01-04,122.791455
OC6BBFN X 2020-01-05,86.569786
OC6BBFN X 2020-01-06,99.624429
OC6BBFN X 2020-01-07,111.402506
OC6BBFN X 2020-01-08,102.000425
OC6BBFN X 2020-01-09,135.671329
OC6BBFN X 2020-01-10,111.029829
OC6BBFN X 2020-01-11,86.308557
OC6BBFN X 2020-01-12,83.800373
OC6BBFN X 2020-01-13,119.216353
OC6BBFN X 2020-01-14,119.611659
OC6BBFN X 2020-01-15,111.818563
OC6BBFN X 2020-01-16,80.155933
OC6BBFN X 2020-01-17,74.810143
OC6BBFN X 2020-01-18,98.806663
OC6BBFN X 2020-01-19,101.140008
OC6BBFN X 2020-01-20,75.010421
OC6BBFN X 2020-01-21,88.524849
OC6BBFN X 2020-01-22,95.784997
OC6BBFN X 2020-01-23,122.552511
OC6BBFN X 2020-01-24,84.507478
OC6BBFN X 2020-01-25,91.606333
OC6BBFN X 2020-01-26,73.510114
OC6BBFN X 2020-01-27,90.262365
OC6BBFN X 2020-01-28,72.099377
OC6BBFN X 2020-01-29,55.524913
OC6BBFN X 2020-01-30,110.764835
OC6BBFN X 2020-01-31,90.450228
OC6BBFN X 2020-02-01,90.829267
OC6BBFN X 2020-02-02,88.658390
OC6BBFN X 2020-02-03,76.460094
OC6BBFN X 2020-02-04,78.219907
OC6BBFN X 2020-02-05,82.371694
OC6BBFN X 2020-02-06,87.570665
OC6BBFN X 2020-02-07,70.060623
OC6BBFN X 2020-02-08,79.811865
OC6BBFN X 2020-02-09,58.274212
OC6BBFN X 2020-02-10,79.591655
OC6BBFN X 2020-02-11,74.297816
OC6BBFN X 2020-02-12,92.868885
OC6BBFN X 2020-02-13,84.981450
OC6BBFN X 2020-02-14,119.012888
OC6BBFN X 2020-02-15,75.277002
OC6BBFN X 2020-02-16,45.089363
OC6BBFN X 2020-02-17,72.903476
OC6BBFN X 2020-02-18,82.900922
OC6BBFN X 2020-02-19,127.012856
OC6BBFN X 2020-02-20,85.645424
OC6BBFN X 2020-02-21,115.551032
OC6BBFN X 2020-02-22,79.936525
OC6BBFN X 2020-02-23,75.475267
OC6BBFN X 2020-02-24,117.858012
OC6BBFN X 2020-02-25,108.123417
OC6BBFN X 2020-02-26,103.873118
OC6BBFN X 2020-02-27,73.952315
OC6BBFN X 2020-02-28,86.061327
OC6BBFN X 2020-02-29,92.112187
OC6BBFN X 2020-03-01,120.387238
OC6BBFN X 2020-03-02,65.727541
OC6BBFN X 2020-03-03,81.941262
OC6BBFN X 2020-03-04,66.427868
OC6BBFN X 2020-03-05,55.087409
OC6BBFN X 2020-03-06,109.004736
OC6BBFN X 2020-03-07,79.763353
OC6BBFN X 2020-03-08,85.725344
OC6BBFN X 2020-03-09,94.193556
OC6BBFN X 2020-03-10,77.608841
OC6BBFN X 2020-03-11,79.803938
OC6BBFN X 2020-03-12,83.408897
OC6BBFN X 2020-03-13,88.160730
OC6BBFN X 2020-03-14,67.470622
OC6BBFN X 2020-03-15,73.227762
OC6BBFN X 2020-03-16,88.675917
OC6BBFN X 2020-03-17,105.631645
OC6BBFN X 2020-03-18,83.839881
OC6BBFN X 2020-03-19,90.888004
OC6BBFN X 2020-03-20,92.180116
OC6BBFN X 2020-03-21,107.856329
OC6BBFN X 2020-03-22,75.049545
OC6BBFN X 2020-03-23,75.296540
OC6BBFN X 2020-03-24,90.003847
OC6BBFN X 2020-03-25,76.058556
OC6BBFN X 2020-03-26,83.363024
OC6BBFN X 2020-03-27,78.789759
OC6BBFN X 2020-03-28,60.066049
OC6BBFN X 2020-03-29,70.660431
OC6BBFN X 2020-03-30,115.145460
OC6BBFN X 2020-03-31,57.467030
OC6BBFN X 2020-04-01,56.413471
OC6BBFN X 2020-04-02,124.187254
OC6BBFN X 2020-04-03,68.601556
OC6BBFN X 2020-04-04,40.592742
PFYSWP3 X 2020-01-02,120.006064
PFYSWP3 X 2020-01-03,103.982607
PFYSWP3 X 2020-01-04,95.552333
PFYSWP3 X 2020-01-05,93.585684
PFYSWP3 X 2020-01-06,141.928599
PFYSWP3 X 2020-01-07,121.857849
PFYSWP3 X 2020-01-08,127.292127
PFYSWP3 X 2020-01-09,99.023992
PFYSWP3 X 2020-01-10,88.839817
PFYSWP3 X 2020-01-11,107.809532
PFYSWP3 X 2020-01-12,99.403238
PFYSWP3 X 2020-01-13,121.033319
PFYSWP3 X 2020-01-14,99.885861
PFYSWP3 X 2020-01-15,160.886198
PFYSWP3 X 2020-01-16,144.654458
PFYSWP3 X 2020-01-17,145.893704
PFYSWP3 X 2020-01-18,125.975032
PFYSWP3 X 2020-01-19,106.392730
PFYSWP3 X 2020-01-20,102.140798
PFYSWP3 X 2020-01-21,115.975921
PFYSWP3 X 2020-01-22,95.465511
PFYSWP3 X 2020-01-23,118.622181
PFYSWP3 X 2020-01-24,85.308564
PFYSWP3 X 2020-01-25,114.529067
PFYSWP3 X 2020-01-26,88.211094
PFYSWP3 X 2020-01-27,133.599640
PFYSWP3 X 2020-01-28,146.003724
PFYSWP3 X 2020-01-29,119.570590
PFYSWP3 X 2020-01-30,87.643884
PFYSWP3 X 2020-01-31,119.233810
PFYSWP3 X 2020-02-01,135.629837
PFYSWP3 X 2020-02-02,102.568461
PFYSWP3 X 2020-02-03,136.241456
PFYSWP3 X 2020-02-04,147.056013
PFYSWP3 X 2020-02-05,161.040738
PFYSWP3 X 2020-02-06,142.008437
PFYSWP3 X 2020-02-07,154.964784
PFYSWP3 X 2020-02-08,99.794996
PFYSWP3 X 2020-02-09,146.800193
PFYSWP3 X 2020-02-10,105.564644
PFYSWP3 X 2020-02-11,107.893103
PFYSWP3 X 2020-02-12,122.020821
PFYSWP3 X 2020-02-13,133.367181
PFYSWP3 X 2020-02-14,149.902328
PFYSWP3 X 2020-02-15,112.853268
PFYSWP3 X 2020-02-16,151.644036
PFYSWP3 X 2020-02-17,160.857352
PFYSWP3 X 2020-02-18,148.763587
PFYSWP3 X 2020-02-19,151.913697
PFYSWP3 X 2020-02-20,96.116655
PFYSWP3 X 2020-02-21,138.053649
PFYSWP3 X 2020-02-22,76.920444
PFYSWP3 X 2020-02-23,121.477611
PFYSWP3 X 2020-02-24,108.979603
PFYSWP3 X 2020-02-25,80.798698
PFYSWP3 X 2020-02-26,89.340002
PFYSWP3 X 2020-02-27,108.008663
PFYSWP3 X 2020-02-28,145.750215
PFYSWP3 X 2020-02-29,110.681622
PFYSWP3 X 2020-03-01,143.379984
PFYSWP3 X 2020-03-02,121.423999
PFYSWP3 X 2020-03-03,102.225733
PFYSWP3 X 2020-03-04,149.474823
PFYSWP3 X 2020-03-05,95.658407
PFYSWP3 X 2020-03-06,112.957110
PFYSWP3 X 2020-03-07,91.699593
PFYSWP3 X 2020-03-08,78.789536
PFYSWP3 X 2020-03-09,104.426897
PFYSWP3 X 2020-03-10,126.972000
PFYSWP3 X 2020-03-11,144.483163
PFYSWP3 X 2020-03-12,96.267893
PFYSWP3 X 2020-03-13,79.837060
PFYSWP3 X 2020-03-14,68.541946
PFYSWP3 X 2020-03-15,121.032940
PFYSWP3 X 2020-03-16,85.210229
PFYSWP3 X 2020-03-17,114.701754
PFYSWP3 X 2020-03-18,111.866074
PFYSWP3 X 2020-03-19,133.737313
PFYSWP3 X 2020-03-20,121.177697
PFYSWP3 X 2020-03-21,146.959015
PFYSWP3 X 2020-03-22,113.557616
PFYSWP3 X 2020-03-23,100.740049
PFYSWP3 X 2020-03-24,134.986433
PFYSWP3 X 2020-03-25,140.700016
PFYSWP3 X 2020-03-26,111.426241
PFYSWP3 X 2020-03-27,132.593921
PFYSWP3 X 2020-03-28,115.131344
PFYSWP3 X 2020-03-29,98.598943
PFYSWP3 X 2020-03-30,100.425224
PFYSWP3 X 2020-03-31,90.210198
PFYSWP3 X 2020-04-01,79.313733
PFYSWP3 X 2020-04-02,116.516154
PFYSWP3 X 2020-04-03,81.965862
PFYSWP3 X 2020-04-04,102.770671
PHJ2AC1 X 2020-01-02,44.350307
PHJ2AC1 X 2020-01-03,46.324612
PHJ2AC1 X 2020-01-04,39.996571
PHJ2AC1 X 2020-01-05,28.823239
PHJ2AC1 X 2020-01-06,32.996008
PHJ2AC1 X 2020-01-07,34.068509
PHJ2AC1 X 2020-01-08,43.485833
PHJ2AC1 X 2020-01-09,33.415425
PHJ2AC1 X 2020-01-10,75.660099
PHJ2AC1 X 2020-01-11,50.192341
PHJ2AC1 X 2020-01-12,32.885115
PHJ2AC1 X 2020-01-13,35.683805
PHJ2AC1 X 2020-01-14,47.618278
PHJ2AC1 X 2020-01-15,66.540033
PHJ2AC1 X 2020-01-16,50.841537
PHJ2AC1 X 2020-01-17,72.049329
PHJ2AC1 X 2020-01-18,30.999437
PHJ2AC1 X 2020-01-19,38.684815
PHJ2AC1 X 2020-01-20,29.526115
PHJ2AC1 X 2020-01-21,41.385596
PHJ2AC1 X 2020-01-22,66.447507
PHJ2AC1 X 2020-01-23,88.478103
PHJ2AC1 X 2020-01-24,100.449467
PHJ2AC1 X 2020-01-25,39.479156
PHJ2AC1 X 2020-01-26,38.312652
PHJ2AC1 X 2020-01-27,32.056454
PHJ2AC1 X 2020-01-28,35.387395
PHJ2AC1 X 2020-01-29,30.218591
PHJ2AC1 X 2020-01-30,52.713528
PHJ2AC1 X 2020-01-31,63.605537
PHJ2AC1 X 2020-02-01,84.712440
PHJ2AC1 X 2020-02-02,69.905168
PHJ2AC1 X 2020-02-03,57.222415
PHJ2AC1 X 2020-02-04,53.808800
PHJ2AC1 X 2020-02-05,41.672007
PHJ2AC1 X 2020-02-06,39.607571
PHJ2AC1 X 2020-02-07,60.198854
PHJ2AC1 X 2020-02-08,29.769259
PHJ2AC1 X 2020-02-09,34.997987
PHJ2AC1 X 2020-02-10,55.093811
PHJ2AC1 X 2020-02-11,34.979632
PHJ2AC1 X 2020-02-12,74.927023
PHJ2AC1 X 2020-02-13,36.754409
PHJ2AC1 X 2020-02-14,33.943905
PHJ2AC1 X 2020-02-15,29.215698
PHJ2AC1 X 2020-02-16,43.104020
PHJ2AC1 X 2020-02-17,83.042872
PHJ2AC1 X 2020-02-18,58.251854
PHJ2AC1 X 2020-02-19,36.487567
PHJ2AC1 X 2020-02-20,34.660177
PHJ2AC1 X 2020-02-21,56.001791
PHJ2AC1 X 2020-02-22,60.734738
PHJ2AC1 X 2020-02-23,45.041835
PHJ2AC1 X 2020-02-24,65.934316
PHJ2AC1 X 2020-02-25,39.219799
PHJ2AC1 X 2020-02-26,46.306094
PHJ2AC1 X 2020-02-27,34.367365
PHJ2AC1 X 2020-02-28,27.931444
PHJ2AC1 X 2020-02-29,35.238817
PHJ2AC1 X 2020-03-01,27.211425
PHJ2AC1 X 2020-03-02,44.036988
PHJ2AC1 X 2020-03-03,52.234086
PHJ2AC1 X 2020-03-04,37.617751
PHJ2AC1 X 2020-03-05,80.666571
PHJ2AC1 X 2020-03-06,37.786919
PHJ2AC1 X 2020-03-07,30.018959
PHJ2AC1 X 2020-03-08,43.609435
PHJ2AC1 X 2020-03-09,42.532787
PHJ2AC1 X 2020-03-10,42.959992
PHJ2AC1 X 2020-03-11,47.711590
PHJ2AC1 X 2020-03-12,51.511911
PHJ2AC1 X 2020-03-13,46.196484
PHJ2AC1 X 2020-03-14,26.969622
PHJ2AC1 X 2020-03-15,33.076173
PHJ2AC1 X 2020-03-16,46.672553
PHJ2AC1 X 2020-03-17,55.835980
PHJ2AC1 X 2020-03-18,41.753282
PHJ2AC1 X 2020-03-19,64.554734
PHJ2AC1 X 2020-03-20,37.883295
PHJ2AC1 X 2020-03-21,31.025401
PHJ2AC1 X 2020-03-22,44.451073
PHJ2AC1 X 2020-03-23,31.991243
PHJ2AC1 X 2020-03-24,33.912008
PHJ2AC1 X 2020-03-25,36.887061
PHJ2AC1 X 2020-03-26,46.769354
PHJ2AC1 X 2020-03-27,47.101472
PHJ2AC1 X 2020-03-28,38.773624
PHJ2AC1 X 2020-03-29,15.830844
PHJ2AC1 X 2020-03-30,24.904262
PHJ2AC1 X 2020-03-31,32.126910
PHJ2AC1 X 2020-04-01,28.397831
PHJ2AC1 X 2020-04-02,23.968678
PHJ2AC1 X 2020-04-03,20.436971
PHJ2AC1 X 2020-04-04,14.494792
PP5RBWO X 2020-01-02,87.769405
PP5RBWO X 2020-01-03,98.304294
PP5RBWO X 2020-01-04,29.506506
PP5RBWO X 2020-01-05,34.659828
PP5RBWO X 2020-01-06,77.981286
PP5RBWO X 2020-01-07,120.812778
PP5RBWO X 2020-01-08,73.892854
PP5RBWO X 2020-01-09,34.660903
PP5RBWO X 2020-01-10,103.199164
PP5RBWO X 2020-01-11,40.487060
PP5RBWO X 2020-01-12,66.040831
PP5RBWO X 2020-01-13,76.475675
PP5RBWO X 2020-01-14,70.137767
PP5RBWO X 2020-01-15,77.148480
PP5RBWO X 2020-01-16,77.946915
PP5RBWO X 2020-01-17,74.479800
PP5RBWO X 2020-01-18,67.662024
PP5RBWO X 2020-01-19,46.615423
PP5RBWO X 2020-01-20,53.713357
PP5RBWO X 2020-01-21,95.104087
PP5RBWO X 2020-01-22,78.402272
PP5RBWO X 2020-01-23,56.562037
PP5RBWO X 2020-01-24,69.752770
PP5RBWO X 2020-01-25,101.275008
PP5RBWO X 2020-01-26,94.317049
PP5RBWO X 2020-01-27,104.992325
PP5RBWO X 2020-01-28,55.862835
PP5RBWO X 2020-01-29,40.202641
PP5RBWO X 2020-01-30,22.285468
PP5RBWO X 2020-01-31,52.807506
PP5RBWO X 2020-02-01,32.023054
PP5RBWO X 2020-02-02,24.095129
PP5RBWO X 2020-02-03,22.285109
PP5RBWO X 2020-02-04,24.896123
PP5RBWO X 2020-02-05,26.005679
PP5RBWO X 2020-02-06,31.337885
PP5RBWO X 2020-02-07,33.921192
PP5RBWO X 2020-02-08,96.301905
PP5RBWO X 2020-02-09,66.886698
PP5RBWO X 2020-02-10,72.119501
PP5RBWO X 2020-02-11,33.272204
PP5RBWO X 2020-02-12,25.118574
PP5RBWO X 2020-02-13,34.619956
PP5RBWO X 2020-02-14,34.856159
PP5RBWO X 2020-02-15,62.269460
PP5RBWO X 2020-02-16,61.690321
PP5RBWO X 2020-02-17,49.705991
PP5RBWO X 2020-02-18,23.366058
PP5RBWO X 2020-02-19,36.954040
PP5RBWO X 2020-02-20,34.547995
PP5RBWO X 2020-02-21,41.118197
PP5RBWO X 2020-02-22,63.111258
PP5RBWO X 2020-02-23,30.779156
PP5RBWO X 2020-02-24,26.712639
PP5RBWO X 2020-02-25,57.338381
PP5RBWO X 2020-02-26,30.595045
PP5RBWO X 2020-02-27,29.785833
PP5RBWO X 2020-02-28,27.896887
PP5RBWO X 2020-02-29,60.744372
PP5RBWO X 2020-03-01,45.141653
PP5RBWO X 2020-03-02,58.200866
PP5RBWO X 2020-03-03,39.699679
PP5RBWO X 2020-03-04,29.624786
PP5RBWO X 2020-03-05,51.675558
PP5RBWO X 2020-03-06,47.571938
PP5RBWO X 2020-03-07,36.073815
PP5RBWO X 2020-03-08,29.238155
PP5RBWO X 2020-03-09,58.062526
PP5RBWO X 2020-03-10,29.209310
PP5RBWO X 2020-03-11,30.762627
PP5RBWO X 2020-03-12,31.941806
PP5RBWO X 2020-03-13,54.958423
PP5RBWO X 2020-03-14,35.870504
PP5RBWO X 2020-03-15,52.794630
PP5RBWO X 2020-03-16,35.779496
PP5RBWO X 2020-03-17,53.700923
PP5RBWO X 2020-03-18,43.796631
PP5RBWO X 2020-03-19,73.414909
PP5RBWO X 2020-03-20,79.685861
PP5RBWO X 2020-03-21,66.590460
PP5RBWO X 2020-03-22,39.671638
PP5RBWO X 2020-03-23,44.994517
PP5RBWO X 2020-03-24,66.898029
PP5RBWO X 2020-03-25,64.531999
PP5RBWO X 2020-03-26,64.782302
PP5RBWO X 2020-03-27,74.680147
PP5RBWO X 2020-03-28,63.884341
PP5RBWO X 2020-03-29,33.563101
PP5RBWO X 2020-03-30,27.834410
PP5RBWO X 2020-03-31,62.250813
PP5RBWO X 2020-04-01,60.241156
PP5RBWO X 2020-04-02,63.216500
PP5RBWO X 2020-04-03,67.713128
PP5RBWO X 2020-04-04,58.436657
QDLS75K X 2020-01-02,76.997124
QDLS75K X 2020-01-03,66.451562
QDLS75K X 2020-01-04,62.691722
QDLS75K X 2020-01-05,51.311775
QDLS75K X 2020-01-06,83.714429
QDLS75K X 2020-01-07,80.991864
QDLS75K X 2020-01-08,102.653263
QDLS75K X 2020-01-09,71.608533
QDLS75K X 2020-01-10,71.617405
QDLS75K X 2020-01-11,53.742091
QDLS75K X 2020-01-12,76.853116
QDLS75K X 2020-01-13,76.650837
QDLS75K X 2020-01-14,58.060349
QDLS75K X 2020-01-15,81.839335
QDLS75K X 2020-01-16,79.643937
QDLS75K X 2020-01-17,74.374722
QDLS75K X 2020-01-18,64.965452
QDLS75K X 2020-01-19,60.475790
QDLS75K X 2020-01-20,46.361112
QDLS75K X 2020-01-21,94.955724
QDLS75K X 2020-01-22,79.283210
QDLS75K X 2020-01-23,66.010397
QDLS75K X 2020-01-24,78.444586
QDLS75K X 2020-01-25,76.373365
QDLS75K X 2020-01-26,75.522434
QDLS75K X 2020-01-27,87.222536
QDLS75K X 2020-01-28,75.516945
QDLS75K X 2020-01-29,74.726026
QDLS75K X 2020-01-30,62.703024
QDLS75K X 2020-01-31,61.922943
QDLS75K X 2020-02-01,57.408849
QDLS75K X 2020-02-02,51.991551
QDLS75K X 2020-02-03,81.692295
QDLS75K X 2020-02-04,59.301246
QDLS75K X 2020-02-05,55.948013
QDLS75K X 2020-02-06,75.809102
QDLS75K X 2020-02-07,64.100783
QDLS75K X 2020-02-08,53.084079
QDLS75K X 2020-02-09,38.091057
QDLS75K X 2020-02-10,46.508069
QDLS75K X 2020-02-11,43.123947
QDLS75K X 2020-02-12,73.199869
QDLS75K X 2020-02-13,62.628892
QDLS75K X 2020-02-14,65.720094
QDLS75K X 2020-02-15,64.789893
QDLS75K X 2020-02-16,72.189378
QDLS75K X 2020-02-17,70.703512
QDLS75K X 2020-02-18,73.005187
QDLS75K X 2020-02-19,81.617782
QDLS75K X 2020-02-20,69.618972
QDLS75K X 2020-02-21,65.287058
QDLS75K X 2020-02-22,80.810350
QDLS75K X 2020-02-23,42.953231
QDLS75K X 2020-02-24,47.389768
QDLS75K X 2020-02-25,42.986767
QDLS75K X 2020-02-26,42.514025
QDLS75K X 2020-02-27,67.022861
QDLS75K X 2020-02-28,78.800115
QDLS75K X 2020-02-29,66.528398
QDLS75K X 2020-03-01,55.937631
QDLS75K X 2020-03-02,37.731190
QDLS75K X 2020-03-03,48.573958
QDLS75K X 2020-03-04,74.183980
QDLS75K X 2020-03-05,75.827220
QDLS75K X 2020-03-06,64.319860
QDLS75K X 2020-03-07,97.756139
QDLS75K X 2020-03-08,53.427893
QDLS75K X 2020-03-09,76.495385
QDLS75K X 2020-03-10,71.762924
QDLS75K X 2020-03-11,68.966792
QDLS75K X 2020-03-12,67.034672
QDLS75K X 2020-03-13,80.616710
QDLS75K X 2020-03-14,43.788167
QDLS75K X 2020-03-15,66.199861
QDLS75K X 2020-03-16,44.091258
QDLS75K X 2020-03-17,56.774307
QDLS75K X 2020-03-18,59.639434
QDLS75K X 2020-03-19,52.841480
QDLS75K X 2020-03-20,51.874902
QDLS75K X 2020-03-21,60.212286
QDLS75K X 2020-03-22,73.379984
QDLS75K X 2020-03-23,52.632351
QDLS75K X 2020-03-24,56.920919
QDLS75K X 2020-03-25,52.092680
QDLS75K X 2020-03-26,58.427787
QDLS75K X 2020-03-27,68.201139
QDLS75K X 2020-03-28,61.088647
QDLS75K X 2020-03-29,49.889197
QDLS75K X 2020-03-30,47.756486
QDLS75K X 2020-03-31,34.290205
QDLS75K X 2020-04-01,44.736401
QDLS75K X 2020-04-02,48.965189
QDLS75K X 2020-04-03,70.586861
QDLS75K X 2020-04-04,75.625353
QLO2NZF X 2020-01-02,201.433259
QLO2NZF X 2020-01-03,163.702996
QLO2NZF X 2020-01-04,152.295333
QLO2NZF X 2020-01-05,115.423513
QLO2NZF X 2020-01-06,206.077929
QLO2NZF X 2020-01-07,47.416401
QLO2NZF X 2020-01-08,41.248270
QLO2NZF X 2020-01-09,173.368921
QLO2NZF X 2020-01-10,154.607959
QLO2NZF X 2020-01-11,51.512684
QLO2NZF X 2020-01-12,137.542032
QLO2NZF X 2020-01-13,50.002198
QLO2NZF X 2020-01-14,124.231093
QLO2NZF X 2020-01-15,176.307787
QLO2NZF X 2020-01-16,104.825483
QLO2NZF X 2020-01-17,137.551960
QLO2NZF X 2020-01-18,137.436332
QLO2NZF X 2020-01-19,116.361057
QLO2NZF X 2020-01-20,91.198309
QLO2NZF X 2020-01-21,181.952087
QLO2NZF X 2020-01-22,154.015046
QLO2NZF X 2020-01-23,102.961821
QLO2NZF X 2020-01-24,147.740504
QLO2NZF X 2020-01-25,187.139214
QLO2NZF X 2020-01-26,186.904559
QLO2NZF X 2020-01-27,195.471433
QLO2NZF X 2020-01-28,187.070361
QLO2NZF X 2020-01-29,125.711776
QLO2NZF X 2020-01-30,146.657270
QLO2NZF X 2020-01-31,157.405591
QLO2NZF X 2020-02-01,100.110373
QLO2NZF X 2020-02-02,170.165279
QLO2NZF X 2020-02-03,102.763792
QLO2NZF X 2020-02-04,63.832274
QLO2NZF X 2020-02-05,157.937038
QLO2NZF X 2020-02-06,161.272152
QLO2NZF X 2020-02-07,178.565081
QLO2NZF X 2020-02-08,124.823571
QLO2NZF X 2020-02-09,151.095937
QLO2NZF X 2020-02-10,155.362082
QLO2NZF X 2020-02-11,185.783816
QLO2NZF X 2020-02-12,192.648315
QLO2NZF X 2020-02-13,175.023181
QLO2NZF X 2020-02-14,75.687402
QLO2NZF X 2020-02-15,97.522630
QLO2NZF X 2020-02-16,58.452845
QLO2NZF X 2020-02-17,68.562389
QLO2NZF X 2020-02-18,93.299567
QLO2NZF X 2020-02-19,156.040302
QLO2NZF X 2020-02-20,142.798271
QLO2NZF X 2020-02-21,135.348042
QLO2NZF X 2020-02-22,50.521000
QLO2NZF X 2020-02-23,133.860247
QLO2NZF X 2020-02-24,73.217844
QLO2NZF X 2020-02-25,115.905189
QLO2NZF X 2020-02-26,156.727614
QLO2NZF X 2020-02-27,123.789333
QLO2NZF X 2020-02-28,167.749135
QLO2NZF X 2020-02-29,125.333767
QLO2NZF X 2020-03-01,74.086865
QLO2NZF X 2020-03-02,93.170446
QLO2NZF X 2020-03-03,37.729583
QLO2NZF X 2020-03-04,75.386976
QLO2NZF X 2020-03-05,135.184960
QLO2NZF X 2020-03-06,169.513718
QLO2NZF X 2020-03-07,68.576881
QLO2NZF X 2020-03-08,99.478062
QLO2NZF X 2020-03-09,93.769845
QLO2NZF X 2020-03-10,62.319278
QLO2NZF X 2020-03-11,112.547054
QLO2NZF X 2020-03-12,38.026488
QLO2NZF X 2020-03-13,95.172696
QLO2NZF X 2020-03-14,59.828587
QLO2NZF X 2020-03-15,42.009880
QLO2NZF X 2020-03-16,95.536992
QLO2NZF X 2020-03-17,99.154040
QLO2NZF X 2020-03-18,163.168880
QLO2NZF X 2020-03-19,34.961131
QLO2NZF X 2020-03-20,84.870033
QLO2NZF X 2020-03-21,100.904491
QLO2NZF X 2020-03-22,109.951969
QLO2NZF X 2020-03-23,77.859472
QLO2NZF X 2020-03-24,133.838201
QLO2NZF X 2020-03-25,154.822468
QLO2NZF X 2020-03-26,70.535516
QLO2NZF X 2020-03-27,70.642095
QLO2NZF X 2020-03-28,96.024135
QLO2NZF X 2020-03-29,102.281135
QLO2NZF X 2020-03-30,91.748205
QLO2NZF X 2020-03-31,89.427857
QLO2NZF X 2020-04-01,73.243114
QLO2NZF X 2020-04-02,47.922802
QLO2NZF X 2020-04-03,47.156317
QLO2NZF X 2020-04-04,51.015806
RG3VKJB X 2020-03-11,73.885168
RG3VKJB X 2020-03-12,76.174488
RG3VKJB X 2020-03-13,75.876694
RG3VKJB X 2020-03-14,78.496763
RG3VKJB X 2020-03-15,77.795570
RG3VKJB X 2020-03-16,75.772892
RG3VKJB X 2020-03-17,76.561095
RG3VKJB X 2020-03-18,72.823866
RG3VKJB X 2020-03-19,75.509837
RG3VKJB X 2020-03-20,77.299294
RG3VKJB X 2020-03-21,75.376540
RG3VKJB X 2020-03-22,79.633225
RG3VKJB X 2020-03-23,74.677817
RG3VKJB X 2020-03-24,65.895520
RG3VKJB X 2020-03-25,66.344771
RG3VKJB X 2020-03-26,70.263909
RG3VKJB X 2020-03-27,71.108017
RG3VKJB X 2020-03-28,73.398933
RG3VKJB X 2020-03-29,72.106641
RG3VKJB X 2020-03-30,71.196077
RG3VKJB X 2020-03-31,63.769444
RG3VKJB X 2020-04-01,66.392693
RG3VKJB X 2020-04-02,68.048309
RG3VKJB X 2020-04-03,65.422206
RG3VKJB X 2020-04-04,63.333142
RKAR1AR X 2020-01-02,66.971836
RKAR1AR X 2020-01-03,29.684302
RKAR1AR X 2020-01-04,40.362155
RKAR1AR X 2020-01-05,44.976716
RKAR1AR X 2020-01-06,49.309786
RKAR1AR X 2020-01-07,40.228243
RKAR1AR X 2020-01-08,20.176988
RKAR1AR X 2020-01-09,31.137492
RKAR1AR X 2020-01-10,22.678079
RKAR1AR X 2020-01-11,35.525914
RKAR1AR X 2020-01-12,32.675544
RKAR1AR X 2020-01-13,39.360341
RKAR1AR X 2020-01-14,19.675363
RKAR1AR X 2020-01-15,18.678866
RKAR1AR X 2020-01-16,39.052844
RKAR1AR X 2020-01-17,34.508792
RKAR1AR X 2020-01-18,35.585504
RKAR1AR X 2020-01-19,49.280488
RKAR1AR X 2020-01-20,41.569015
RKAR1AR X 2020-01-21,66.399743
RKAR1AR X 2020-01-22,75.177716
RKAR1AR X 2020-01-23,73.271089
RKAR1AR X 2020-01-24,84.333618
RKAR1AR X 2020-01-25,61.761620
RKAR1AR X 2020-01-26,85.288349
RKAR1AR X 2020-01-27,25.899033
RKAR1AR X 2020-01-28,15.656857
RKAR1AR X 2020-01-29,27.405808
RKAR1AR X 2020-01-30,31.597266
RKAR1AR X 2020-01-31,22.073958
RKAR1AR X 2020-02-01,23.900287
RKAR1AR X 2020-02-02,30.537896
RKAR1AR X 2020-02-03,33.101595
RKAR1AR X 2020-02-04,26.943341
RKAR1AR X 2020-02-05,47.840217
RKAR1AR X 2020-02-06,59.869630
RKAR1AR X 2020-02-07,75.423792
RKAR1AR X 2020-02-08,43.602613
RKAR1AR X 2020-02-09,25.025071
RKAR1AR X 2020-02-10,26.864762
RKAR1AR X 2020-02-11,23.576409
RKAR1AR X 2020-02-12,25.834544
RKAR1AR X 2020-02-13,23.775955
RKAR1AR X 2020-02-14,29.914671
RKAR1AR X 2020-02-15,38.541479
RKAR1AR X 2020-02-16,20.475264
RKAR1AR X 2020-02-17,25.825997
RKAR1AR X 2020-02-18,26.294440
RKAR1AR X 2020-02-19,25.689944
RKAR1AR X 2020-02-20,24.241575
RKAR1AR X 2020-02-21,26.565118
RKAR1AR X 2020-02-22,27.728488
RKAR1AR X 2020-02-23,18.789862
RKAR1AR X 2020-02-24,23.155415
RKAR1AR X 2020-02-25,23.190162
RKAR1AR X 2020-02-26,28.566566
RKAR1AR X 2020-02-27,24.638746
RKAR1AR X 2020-02-28,31.949266
RKAR1AR X 2020-02-29,37.346263
RKAR1AR X 2020-03-01,22.122143
RKAR1AR X 2020-03-02,30.633095
RKAR1AR X 2020-03-03,41.772122
RKAR1AR X 2020-03-04,44.859020
RKAR1AR X 2020-03-05,34.410302
RKAR1AR X 2020-03-06,42.057048
RKAR1AR X 2020-03-07,51.355836
RKAR1AR X 2020-03-08,28.073054
RKAR1AR X 2020-03-09,26.494041
RKAR1AR X 2020-03-10,20.363680
RKAR1AR X 2020-03-11,18.779844
RKAR1AR X 2020-03-12,25.147860
RKAR1AR X 2020-03-13,25.521758
RKAR1AR X 2020-03-14,49.895596
RKAR1AR X 2020-03-15,32.659058
RKAR1AR X 2020-03-16,72.346929
RKAR1AR X 2020-03-17,51.876474
RKAR1AR X 2020-03-18,33.877553
RKAR1AR X 2020-03-19,51.148388
RKAR1AR X 2020-03-20,32.511684
RKAR1AR X 2020-03-21,27.711673
RKAR1AR X 2020-03-22,30.905247
RKAR1AR X 2020-03-23,46.712050
RKAR1AR X 2020-03-24,46.947937
RKAR1AR X 2020-03-25,57.358139
RKAR1AR X 2020-03-26,47.508282
RKAR1AR X 2020-03-27,87.472198
RKAR1AR X 2020-03-28,71.377674
RKAR1AR X 2020-03-29,27.645246
RKAR1AR X 2020-03-30,24.442081
RKAR1AR X 2020-03-31,38.116553
RKAR1AR X 2020-04-01,37.092839
RKAR1AR X 2020-04-02,47.823396
RKAR1AR X 2020-04-03,30.716103
RKAR1AR X 2020-04-04,47.208923
S7F67CE X 2020-01-02,37.272476
S7F67CE X 2020-01-03,28.524779
S7F67CE X 2020-01-04,39.168195
S7F67CE X 2020-01-05,45.496664
S7F67CE X 2020-01-06,29.736285
S7F67CE X 2020-01-07,35.886045
S7F67CE X 2020-01-13,23.922780
S7F67CE X 2020-01-14,23.122353
S7F67CE X 2020-01-15,22.079229
S7F67CE X 2020-01-16,31.786984
S7F67CE X 2020-01-17,35.501640
S7F67CE X 2020-01-18,40.349675
S7F67CE X 2020-01-19,58.257889
S7F67CE X 2020-01-20,67.531168
S7F67CE X 2020-01-21,69.722710
S7F67CE X 2020-01-22,64.512254
S7F67CE X 2020-01-23,62.474414
S7F67CE X 2020-01-24,62.994873
S7F67CE X 2020-01-25,56.615164
S7F67CE X 2020-01-26,39.816802
S7F67CE X 2020-01-27,28.341026
S7F67CE X 2020-01-28,21.361548
S7F67CE X 2020-01-29,26.669434
S7F67CE X 2020-01-30,25.516751
S7F67CE X 2020-01-31,22.800215
S7F67CE X 2020-02-01,23.511632
S7F67CE X 2020-02-02,28.845966
S7F67CE X 2020-02-03,33.525861
S7F67CE X 2020-02-04,31.116067
S7F67CE X 2020-02-05,58.021472
S7F67CE X 2020-02-06,70.638888
S7F67CE X 2020-02-07,68.049071
S7F67CE X 2020-02-08,24.795887
S7F67CE X 2020-02-09,25.717643
S7F67CE X 2020-02-10,26.093229
S7F67CE X 2020-02-11,20.111851
S7F67CE X 2020-02-12,25.428347
S7F67CE X 2020-02-13,21.689471
S7F67CE X 2020-02-14,31.614504
S7F67CE X 2020-02-15,19.465055
S7F67CE X 2020-02-16,23.092117
S7F67CE X 2020-02-17,23.198664
S7F67CE X 2020-02-18,22.990065
S7F67CE X 2020-02-19,26.171921
S7F67CE X 2020-02-20,37.227417
S7F67CE X 2020-02-21,35.198860
S7F67CE X 2020-02-22,21.912821
S7F67CE X 2020-02-23,42.296849
S7F67CE X 2020-02-24,24.130889
S7F67CE X 2020-02-25,19.114068
S7F67CE X 2020-02-26,24.566378
S7F67CE X 2020-02-27,31.946559
S7F67CE X 2020-02-28,40.773044
S7F67CE X 2020-02-29,20.077092
S7F67CE X 2020-03-01,20.505813
S7F67CE X 2020-03-02,39.318472
S7F67CE X 2020-03-03,35.076759
S7F67CE X 2020-03-04,35.490464
S7F67CE X 2020-03-05,56.925396
S7F67CE X 2020-03-06,44.059257
S7F67CE X 2020-03-07,38.967620
S7F67CE X 2020-03-08,25.779209
S7F67CE X 2020-03-09,22.744345
S7F67CE X 2020-03-11,26.092267
S7F67CE X 2020-03-12,21.871754
S7F67CE X 2020-03-13,28.438810
S7F67CE X 2020-03-14,31.878156
S7F67CE X 2020-03-15,27.315566
S7F67CE X 2020-03-16,42.150966
S7F67CE X 2020-03-17,41.488888
S7F67CE X 2020-03-18,23.676587
S7F67CE X 2020-03-19,50.917333
S7F67CE X 2020-03-20,31.635041
S7F67CE X 2020-03-21,28.265978
S7F67CE X 2020-03-22,41.962398
S7F67CE X 2020-03-23,44.020452
S7F67CE X 2020-03-24,57.964693
S7F67CE X 2020-03-25,69.823612
S7F67CE X 2020-03-26,71.917401
S7F67CE X 2020-03-27,70.044516
S7F67CE X 2020-03-28,29.561444
S7F67CE X 2020-03-29,25.623787
S7F67CE X 2020-03-30,36.088341
S7F67CE X 2020-03-31,26.914439
S7F67CE X 2020-04-01,39.598694
S7F67CE X 2020-04-02,34.253321
S7F67CE X 2020-04-03,28.490648
S7F67CE X 2020-04-04,45.878266
SGM8B5D X 2020-01-02,124.866185
SGM8B5D X 2020-01-03,114.485080
SGM8B5D X 2020-01-04,212.038334
SGM8B5D X 2020-01-05,168.647153
SGM8B5D X 2020-01-06,114.419325
SGM8B5D X 2020-01-07,122.304888
SGM8B5D X 2020-01-08,113.785710
SGM8B5D X 2020-01-09,144.370903
SGM8B5D X 2020-01-10,163.736803
SGM8B5D X 2020-01-11,160.395713
SGM8B5D X 2020-01-12,174.922788
SGM8B5D X 2020-01-13,119.275672
SGM8B5D X 2020-01-14,147.157358
SGM8B5D X 2020-01-15,136.265263
SGM8B5D X 2020-01-16,83.460247
SGM8B5D X 2020-01-17,88.796128
SGM8B5D X 2020-01-18,174.005267
SGM8B5D X 2020-01-19,109.166454
SGM8B5D X 2020-01-20,142.115679
SGM8B5D X 2020-01-21,142.841361
SGM8B5D X 2020-01-22,175.433237
SGM8B5D X 2020-01-23,124.100393
SGM8B5D X 2020-01-24,133.018905
SGM8B5D X 2020-01-25,164.614881
SGM8B5D X 2020-01-26,177.479872
SGM8B5D X 2020-01-27,125.444017
SGM8B5D X 2020-01-28,90.363469
SGM8B5D X 2020-01-29,111.712008
SGM8B5D X 2020-01-30,154.677837
SGM8B5D X 2020-01-31,153.642267
SGM8B5D X 2020-02-01,150.576134
SGM8B5D X 2020-02-02,128.421104
SGM8B5D X 2020-02-03,163.208519
SGM8B5D X 2020-02-04,175.282745
SGM8B5D X 2020-02-05,114.820667
SGM8B5D X 2020-02-06,163.557545
SGM8B5D X 2020-02-07,178.410594
SGM8B5D X 2020-02-08,150.424519
SGM8B5D X 2020-02-09,148.408229
SGM8B5D X 2020-02-10,167.185050
SGM8B5D X 2020-02-11,178.854443
SGM8B5D X 2020-02-12,154.325068
SGM8B5D X 2020-02-13,121.284912
SGM8B5D X 2020-02-14,125.826594
SGM8B5D X 2020-02-15,154.864202
SGM8B5D X 2020-02-16,149.385032
SGM8B5D X 2020-02-17,166.666365
SGM8B5D X 2020-02-18,70.363449
SGM8B5D X 2020-02-19,116.199579
SGM8B5D X 2020-02-20,118.521749
SGM8B5D X 2020-02-21,99.030921
SGM8B5D X 2020-02-22,116.554848
SGM8B5D X 2020-02-23,132.778140
SGM8B5D X 2020-02-24,112.928758
SGM8B5D X 2020-02-25,158.268512
SGM8B5D X 2020-02-26,185.746103
SGM8B5D X 2020-02-27,124.109769
SGM8B5D X 2020-02-28,135.041549
SGM8B5D X 2020-02-29,133.474885
SGM8B5D X 2020-03-01,93.302167
SGM8B5D X 2020-03-02,163.303386
SGM8B5D X 2020-03-03,160.780028
SGM8B5D X 2020-03-04,150.443623
SGM8B5D X 2020-03-05,96.568933
SGM8B5D X 2020-03-06,66.800222
SGM8B5D X 2020-03-07,98.020270
SGM8B5D X 2020-03-08,152.909836
SGM8B5D X 2020-03-09,85.031631
SGM8B5D X 2020-03-10,134.935823
SGM8B5D X 2020-03-11,118.683901
SGM8B5D X 2020-03-12,112.668393
SGM8B5D X 2020-03-13,142.191824
SGM8B5D X 2020-03-14,107.717144
SGM8B5D X 2020-03-15,122.312147
SGM8B5D X 2020-03-16,136.980729
SGM8B5D X 2020-03-17,121.218397
SGM8B5D X 2020-03-18,133.988956
SGM8B5D X 2020-03-19,147.887636
SGM8B5D X 2020-03-20,138.681630
SGM8B5D X 2020-03-21,156.319790
SGM8B5D X 2020-03-22,139.695091
SGM8B5D X 2020-03-23,138.949671
SGM8B5D X 2020-03-24,128.710834
SGM8B5D X 2020-03-25,113.503544
SGM8B5D X 2020-03-26,88.830234
SGM8B5D X 2020-03-27,69.729627
SGM8B5D X 2020-03-28,70.850368
SGM8B5D X 2020-03-29,82.065570
SGM8B5D X 2020-03-30,73.093638
SGM8B5D X 2020-03-31,83.972833
SGM8B5D X 2020-04-01,85.313079
SGM8B5D X 2020-04-02,79.013742
SGM8B5D X 2020-04-03,83.387841
SGM8B5D X 2020-04-04,97.196756
SJPKSWZ X 2020-01-02,41.211323
SJPKSWZ X 2020-01-03,67.848356
SJPKSWZ X 2020-01-04,60.349152
SJPKSWZ X 2020-01-05,38.712146
SJPKSWZ X 2020-01-06,72.193438
SJPKSWZ X 2020-01-07,73.571419
SJPKSWZ X 2020-01-08,46.107541
SJPKSWZ X 2020-01-09,35.543179
SJPKSWZ X 2020-01-10,51.312167
SJPKSWZ X 2020-01-11,46.639813
SJPKSWZ X 2020-01-12,32.952115
SJPKSWZ X 2020-01-13,78.992149
SJPKSWZ X 2020-01-14,90.478860
SJPKSWZ X 2020-01-15,60.056361
SJPKSWZ X 2020-01-16,79.984948
SJPKSWZ X 2020-01-17,40.172948
SJPKSWZ X 2020-01-18,57.407876
SJPKSWZ X 2020-01-19,36.007005
SJPKSWZ X 2020-01-20,35.887107
SJPKSWZ X 2020-01-21,116.295659
SJPKSWZ X 2020-01-22,47.105683
SJPKSWZ X 2020-01-23,41.810008
SJPKSWZ X 2020-01-24,84.229683
SJPKSWZ X 2020-01-25,45.836361
SJPKSWZ X 2020-01-26,53.143172
SJPKSWZ X 2020-01-27,27.942962
SJPKSWZ X 2020-01-28,46.449475
SJPKSWZ X 2020-01-29,41.346845
SJPKSWZ X 2020-01-30,136.239873
SJPKSWZ X 2020-01-31,136.412288
SJPKSWZ X 2020-02-01,71.290210
SJPKSWZ X 2020-02-02,77.159103
SJPKSWZ X 2020-02-03,89.723099
SJPKSWZ X 2020-02-04,104.273019
SJPKSWZ X 2020-02-05,66.245884
SJPKSWZ X 2020-02-06,87.504545
SJPKSWZ X 2020-02-07,50.837206
SJPKSWZ X 2020-02-08,28.073828
SJPKSWZ X 2020-02-09,84.890563
SJPKSWZ X 2020-02-10,61.487130
SJPKSWZ X 2020-02-11,42.476496
SJPKSWZ X 2020-02-12,65.182491
SJPKSWZ X 2020-02-13,51.575950
SJPKSWZ X 2020-02-14,32.435214
SJPKSWZ X 2020-02-15,117.941185
SJPKSWZ X 2020-02-16,29.698153
SJPKSWZ X 2020-02-17,31.023563
SJPKSWZ X 2020-02-18,121.814853
SJPKSWZ X 2020-02-19,25.238086
SJPKSWZ X 2020-02-20,45.242480
SJPKSWZ X 2020-02-21,96.661159
SJPKSWZ X 2020-02-22,33.668751
SJPKSWZ X 2020-02-23,71.687094
SJPKSWZ X 2020-02-24,65.824964
SJPKSWZ X 2020-02-25,49.383467
SJPKSWZ X 2020-02-26,43.846361
SJPKSWZ X 2020-02-27,39.363988
SJPKSWZ X 2020-02-28,31.451143
SJPKSWZ X 2020-02-29,52.792899
SJPKSWZ X 2020-03-01,40.511313
SJPKSWZ X 2020-03-02,61.268662
SJPKSWZ X 2020-03-03,61.976238
SJPKSWZ X 2020-03-04,33.095717
SJPKSWZ X 2020-03-05,42.327343
SJPKSWZ X 2020-03-06,60.337792
SJPKSWZ X 2020-03-07,30.811179
SJPKSWZ X 2020-03-08,85.892431
SJPKSWZ X 2020-03-09,74.165176
SJPKSWZ X 2020-03-10,60.584262
SJPKSWZ X 2020-03-11,34.159694
SJPKSWZ X 2020-03-12,78.434919
SJPKSWZ X 2020-03-13,35.552564
SJPKSWZ X 2020-03-14,37.462779
SJPKSWZ X 2020-03-15,42.204823
SJPKSWZ X 2020-03-16,66.372940
SJPKSWZ X 2020-03-17,50.798115
SJPKSWZ X 2020-03-18,89.400115
SJPKSWZ X 2020-03-19,62.401128
SJPKSWZ X 2020-03-20,57.371048
SJPKSWZ X 2020-03-21,45.433094
SJPKSWZ X 2020-03-22,66.169795
SJPKSWZ X 2020-03-23,57.140736
SJPKSWZ X 2020-03-24,76.924008
SJPKSWZ X 2020-03-25,45.064492
SJPKSWZ X 2020-03-26,59.963373
SJPKSWZ X 2020-03-27,33.311970
SJPKSWZ X 2020-03-28,51.143257
SJPKSWZ X 2020-03-29,84.714693
SJPKSWZ X 2020-03-30,20.318334
SJPKSWZ X 2020-03-31,32.941715
SJPKSWZ X 2020-04-01,40.076063
SJPKSWZ X 2020-04-02,41.274919
SJPKSWZ X 2020-04-03,38.582545
SJPKSWZ X 2020-04-04,42.864176
SK52PK4 X 2020-01-02,46.801987
SK52PK4 X 2020-01-03,84.287549
SK52PK4 X 2020-01-04,75.631845
SK52PK4 X 2020-01-05,33.485220
SK52PK4 X 2020-01-06,50.679645
SK52PK4 X 2020-01-07,45.386548
SK52PK4 X 2020-01-08,28.347635
SK52PK4 X 2020-01-09,56.013989
SK52PK4 X 2020-01-10,37.970702
SK52PK4 X 2020-01-11,42.948029
SK52PK4 X 2020-01-12,62.184671
SK52PK4 X 2020-01-13,56.135270
SK52PK4 X 2020-01-14,46.636166
SK52PK4 X 2020-01-15,91.290040
SK52PK4 X 2020-01-16,53.708112
SK52PK4 X 2020-01-17,92.087140
SK52PK4 X 2020-01-18,33.526049
SK52PK4 X 2020-01-19,34.028139
SK52PK4 X 2020-01-20,143.066784
SK52PK4 X 2020-01-21,124.827509
SK52PK4 X 2020-01-22,56.280692
SK52PK4 X 2020-01-23,56.028788
SK52PK4 X 2020-01-24,81.126171
SK52PK4 X 2020-01-25,50.560255
SK52PK4 X 2020-01-26,58.315218
SK52PK4 X 2020-01-27,81.986394
SK52PK4 X 2020-01-28,59.721429
SK52PK4 X 2020-01-29,93.588079
SK52PK4 X 2020-01-30,118.213292
SK52PK4 X 2020-01-31,65.741939
SK52PK4 X 2020-02-01,88.382339
SK52PK4 X 2020-02-02,39.613663
SK52PK4 X 2020-02-03,41.602792
SK52PK4 X 2020-02-04,45.276303
SK52PK4 X 2020-02-05,119.095437
SK52PK4 X 2020-02-06,74.452400
SK52PK4 X 2020-02-07,92.867440
SK52PK4 X 2020-02-08,74.692813
SK52PK4 X 2020-02-09,48.278225
SK52PK4 X 2020-02-10,49.938988
SK52PK4 X 2020-02-11,44.723974
SK52PK4 X 2020-02-12,56.279684
SK52PK4 X 2020-02-13,33.504893
SK52PK4 X 2020-02-14,66.008181
SK52PK4 X 2020-02-15,33.866081
SK52PK4 X 2020-02-16,43.758357
SK52PK4 X 2020-02-17,48.784327
SK52PK4 X 2020-02-18,61.270181
SK52PK4 X 2020-02-19,44.763569
SK52PK4 X 2020-02-20,111.648053
SK52PK4 X 2020-02-21,76.076226
SK52PK4 X 2020-02-22,43.683952
SK52PK4 X 2020-02-23,36.461889
SK52PK4 X 2020-02-24,45.084749
SK52PK4 X 2020-02-25,61.652869
SK52PK4 X 2020-02-26,69.768791
SK52PK4 X 2020-02-27,54.420693
SK52PK4 X 2020-02-28,81.450091
SK52PK4 X 2020-02-29,57.483541
SK52PK4 X 2020-03-01,49.103616
SK52PK4 X 2020-03-02,43.143634
SK52PK4 X 2020-03-03,42.790078
SK52PK4 X 2020-03-04,40.917798
SK52PK4 X 2020-03-05,35.954356
SK52PK4 X 2020-03-06,33.390028
SK52PK4 X 2020-03-07,70.193169
SK52PK4 X 2020-03-08,38.840950
SK52PK4 X 2020-03-09,54.930869
SK52PK4 X 2020-03-10,41.937845
SK52PK4 X 2020-03-11,63.367247
SK52PK4 X 2020-03-12,43.669332
SK52PK4 X 2020-03-13,28.639556
SK52PK4 X 2020-03-14,45.837386
SK52PK4 X 2020-03-15,54.182431
SK52PK4 X 2020-03-16,84.833165
SK52PK4 X 2020-03-17,51.961205
SK52PK4 X 2020-03-18,68.577237
SK52PK4 X 2020-03-19,44.377868
SK52PK4 X 2020-03-20,35.333171
SK52PK4 X 2020-03-21,53.741992
SK52PK4 X 2020-03-22,43.785232
SK52PK4 X 2020-03-23,38.131463
SK52PK4 X 2020-03-24,67.126524
SK52PK4 X 2020-03-25,44.720834
SK52PK4 X 2020-03-26,72.220603
SK52PK4 X 2020-03-27,65.377099
SK52PK4 X 2020-03-28,57.525275
SK52PK4 X 2020-03-29,20.018993
SK52PK4 X 2020-03-30,44.013857
SK52PK4 X 2020-03-31,42.230951
SK52PK4 X 2020-04-01,51.603325
SK52PK4 X 2020-04-02,38.901409
SK52PK4 X 2020-04-03,61.453450
SK52PK4 X 2020-04-04,44.408642
SPIVMHI X 2020-01-03,35.093815
SPIVMHI X 2020-01-04,55.100623
SPIVMHI X 2020-01-05,46.288806
SPIVMHI X 2020-01-06,36.819892
SPIVMHI X 2020-01-07,33.255548
SPIVMHI X 2020-01-08,37.360319
SPIVMHI X 2020-01-09,36.781956
SPIVMHI X 2020-01-10,65.994958
SPIVMHI X 2020-01-11,54.812889
SPIVMHI X 2020-01-12,72.246492
SPIVMHI X 2020-01-13,73.495183
SPIVMHI X 2020-01-14,80.554054
SPIVMHI X 2020-01-15,81.239298
SPIVMHI X 2020-01-16,55.414157
SPIVMHI X 2020-01-17,43.219937
SPIVMHI X 2020-01-18,47.687889
SPIVMHI X 2020-01-19,45.040071
SPIVMHI X 2020-01-29,47.674123
SPIVMHI X 2020-01-30,58.639287
SPIVMHI X 2020-02-02,56.211775
SPIVMHI X 2020-02-03,70.871042
SPIVMHI X 2020-02-04,69.654434
SPIVMHI X 2020-02-05,71.971390
SPIVMHI X 2020-02-06,61.453359
SPIVMHI X 2020-02-07,58.279098
SPIVMHI X 2020-02-08,38.445056
SPIVMHI X 2020-02-09,37.661803
SPIVMHI X 2020-02-10,71.726787
SPIVMHI X 2020-02-11,79.496643
SPIVMHI X 2020-02-12,44.880860
SPIVMHI X 2020-02-13,59.544296
SPIVMHI X 2020-02-14,66.430487
SPIVMHI X 2020-02-15,75.278158
SPIVMHI X 2020-02-16,79.159214
SPIVMHI X 2020-02-17,74.247486
SPIVMHI X 2020-02-18,58.361517
SPIVMHI X 2020-02-19,48.910135
SPIVMHI X 2020-02-20,43.057716
SPIVMHI X 2020-02-21,60.354252
SPIVMHI X 2020-02-22,45.768581
SPIVMHI X 2020-02-23,74.469602
SPIVMHI X 2020-02-24,88.553202
SPIVMHI X 2020-02-25,53.880448
SPIVMHI X 2020-02-26,50.314656
SPIVMHI X 2020-02-27,92.721061
SPIVMHI X 2020-02-28,60.369320
SPIVMHI X 2020-02-29,44.595488
SPIVMHI X 2020-03-01,39.621812
SPIVMHI X 2020-03-02,56.865384
SPIVMHI X 2020-03-03,67.446286
SPIVMHI X 2020-03-04,65.830413
SPIVMHI X 2020-03-05,64.682827
SPIVMHI X 2020-03-06,66.938073
SPIVMHI X 2020-03-07,43.559216
SPIVMHI X 2020-03-08,74.390679
SPIVMHI X 2020-03-09,60.994310
SPIVMHI X 2020-03-10,66.347730
SPIVMHI X 2020-03-11,67.099967
SPIVMHI X 2020-03-12,83.749329
SPIVMHI X 2020-03-13,45.314661
SPIVMHI X 2020-03-14,47.469889
SPIVMHI X 2020-03-15,80.423142
SPIVMHI X 2020-03-16,62.798738
SPIVMHI X 2020-03-17,61.503029
SPIVMHI X 2020-03-18,44.642001
SPIVMHI X 2020-03-19,41.313992
SPIVMHI X 2020-03-20,37.818917
SPIVMHI X 2020-03-21,41.937250
SPIVMHI X 2020-03-22,55.070566
SPIVMHI X 2020-03-23,77.735360
SPIVMHI X 2020-03-24,64.129659
SPIVMHI X 2020-03-25,65.784276
SPIVMHI X 2020-03-26,71.879345
SPIVMHI X 2020-03-27,64.559021
SPIVMHI X 2020-03-28,56.392999
SPIVMHI X 2020-03-29,54.748829
SPIVMHI X 2020-03-30,59.927048
SPIVMHI X 2020-03-31,41.853378
SPIVMHI X 2020-04-01,41.504135
SPIVMHI X 2020-04-02,55.998443
SPIVMHI X 2020-04-03,60.777820
SPIVMHI X 2020-04-04,65.263573
SR1WBIB X 2020-01-02,107.729976
SR1WBIB X 2020-01-03,92.851130
SR1WBIB X 2020-01-04,98.257656
SR1WBIB X 2020-01-05,129.223952
SR1WBIB X 2020-01-06,89.906774
SR1WBIB X 2020-01-07,87.831849
SR1WBIB X 2020-01-08,88.404754
SR1WBIB X 2020-01-09,92.116938
SR1WBIB X 2020-01-10,85.059717
SR1WBIB X 2020-01-11,85.630344
SR1WBIB X 2020-01-12,83.322261
SR1WBIB X 2020-01-13,85.404159
SR1WBIB X 2020-01-14,87.093356
SR1WBIB X 2020-01-15,77.001290
SR1WBIB X 2020-01-16,81.361915
SR1WBIB X 2020-01-17,131.831651
SR1WBIB X 2020-01-18,89.221142
SR1WBIB X 2020-01-19,128.729455
SR1WBIB X 2020-01-20,104.590472
SR1WBIB X 2020-01-21,98.532845
SR1WBIB X 2020-01-22,89.612282
SR1WBIB X 2020-01-23,83.463905
SR1WBIB X 2020-01-24,103.547992
SR1WBIB X 2020-01-25,115.175148
SR1WBIB X 2020-01-26,109.803147
SR1WBIB X 2020-01-27,125.761694
SR1WBIB X 2020-01-28,134.691524
SR1WBIB X 2020-01-29,131.739243
SR1WBIB X 2020-01-30,119.696591
SR1WBIB X 2020-01-31,111.791512
SR1WBIB X 2020-02-01,115.380373
SR1WBIB X 2020-02-02,132.549005
SR1WBIB X 2020-02-03,181.876653
SR1WBIB X 2020-02-04,146.872290
SR1WBIB X 2020-02-05,134.303745
SR1WBIB X 2020-02-06,132.544307
SR1WBIB X 2020-02-07,122.981827
SR1WBIB X 2020-02-08,130.886978
SR1WBIB X 2020-02-09,138.597526
SR1WBIB X 2020-02-10,91.107492
SR1WBIB X 2020-02-11,78.726671
SR1WBIB X 2020-02-12,89.960738
SR1WBIB X 2020-02-13,114.282259
SR1WBIB X 2020-02-14,142.732160
SR1WBIB X 2020-02-15,124.107721
SR1WBIB X 2020-02-16,110.065048
SR1WBIB X 2020-02-17,129.411516
SR1WBIB X 2020-02-18,120.986798
SR1WBIB X 2020-02-19,123.910483
SR1WBIB X 2020-02-20,142.252880
SR1WBIB X 2020-02-21,108.936146
SR1WBIB X 2020-02-22,87.732419
SR1WBIB X 2020-02-23,86.617976
SR1WBIB X 2020-02-24,81.597198
SR1WBIB X 2020-02-25,79.379909
SR1WBIB X 2020-02-26,107.414754
SR1WBIB X 2020-02-27,102.395258
SR1WBIB X 2020-02-28,121.394392
SR1WBIB X 2020-02-29,112.519005
SR1WBIB X 2020-03-01,134.196782
SR1WBIB X 2020-03-02,73.344021
SR1WBIB X 2020-03-03,116.909607
SR1WBIB X 2020-03-04,133.589165
SR1WBIB X 2020-03-05,118.200020
SR1WBIB X 2020-03-06,120.741840
SR1WBIB X 2020-03-07,124.465552
SR1WBIB X 2020-03-08,120.158377
SR1WBIB X 2020-03-09,118.360319
SR1WBIB X 2020-03-10,114.631085
SR1WBIB X 2020-03-11,82.654302
SR1WBIB X 2020-03-12,136.818843
SR1WBIB X 2020-03-13,82.252762
SR1WBIB X 2020-03-14,78.047293
SR1WBIB X 2020-03-15,127.998335
SR1WBIB X 2020-03-16,111.769345
SR1WBIB X 2020-03-17,120.174870
SR1WBIB X 2020-03-18,116.954060
SR1WBIB X 2020-03-19,108.569295
SR1WBIB X 2020-03-20,120.177794
SR1WBIB X 2020-03-21,128.717605
SR1WBIB X 2020-03-22,119.719121
SR1WBIB X 2020-03-23,85.876536
SR1WBIB X 2020-03-24,100.199540
SR1WBIB X 2020-03-25,118.773091
SR1WBIB X 2020-03-26,109.428629
SR1WBIB X 2020-03-27,116.873617
SR1WBIB X 2020-03-28,128.545933
SR1WBIB X 2020-03-29,69.720743
SR1WBIB X 2020-03-30,110.814901
SR1WBIB X 2020-03-31,80.506670
SR1WBIB X 2020-04-01,80.034956
SR1WBIB X 2020-04-02,79.861631
SR1WBIB X 2020-04-03,78.851189
SR1WBIB X 2020-04-04,90.904966
SSNBQCB X 2020-01-02,77.049243
SSNBQCB X 2020-01-06,49.048275
SSNBQCB X 2020-01-07,53.668514
SSNBQCB X 2020-01-08,44.818056
SSNBQCB X 2020-01-09,82.735919
SSNBQCB X 2020-01-10,47.610870
SSNBQCB X 2020-01-11,65.248208
SSNBQCB X 2020-01-12,29.842508
SSNBQCB X 2020-01-13,60.320167
SSNBQCB X 2020-01-14,46.207847
SSNBQCB X 2020-01-15,47.861519
SSNBQCB X 2020-01-16,68.929111
SSNBQCB X 2020-01-17,58.055563
SSNBQCB X 2020-01-18,32.042865
SSNBQCB X 2020-01-19,36.586669
SSNBQCB X 2020-01-20,44.605463
SSNBQCB X 2020-01-21,30.308606
SSNBQCB X 2020-01-22,45.122651
SSNBQCB X 2020-01-23,39.596480
SSNBQCB X 2020-01-24,70.414160
SSNBQCB X 2020-01-25,32.912933
SSNBQCB X 2020-01-26,84.995046
SSNBQCB X 2020-01-27,75.220913
SSNBQCB X 2020-01-28,31.732762
SSNBQCB X 2020-01-29,25.740767
SSNBQCB X 2020-01-30,32.687038
SSNBQCB X 2020-01-31,36.021770
SSNBQCB X 2020-02-01,29.593037
SSNBQCB X 2020-02-02,30.834802
SSNBQCB X 2020-02-03,33.508235
SSNBQCB X 2020-02-04,31.940726
SSNBQCB X 2020-02-05,26.362917
SSNBQCB X 2020-02-06,27.071873
SSNBQCB X 2020-02-07,57.895718
SSNBQCB X 2020-02-08,56.579578
SSNBQCB X 2020-02-09,45.855507
SSNBQCB X 2020-02-10,40.771810
SSNBQCB X 2020-02-11,29.984647
SSNBQCB X 2020-02-12,24.993778
SSNBQCB X 2020-02-13,31.931500
SSNBQCB X 2020-02-14,30.684981
SSNBQCB X 2020-02-15,62.652562
SSNBQCB X 2020-02-16,67.916379
SSNBQCB X 2020-02-17,30.358586
SSNBQCB X 2020-02-18,34.338552
SSNBQCB X 2020-02-19,48.980085
SSNBQCB X 2020-02-20,55.139742
SSNBQCB X 2020-02-21,49.952386
SSNBQCB X 2020-02-22,49.432926
SSNBQCB X 2020-02-23,54.353871
SSNBQCB X 2020-02-24,60.993513
SSNBQCB X 2020-02-25,52.320530
SSNBQCB X 2020-02-26,28.580804
SSNBQCB X 2020-02-27,25.044017
SSNBQCB X 2020-02-28,32.039282
SSNBQCB X 2020-02-29,48.804257
SSNBQCB X 2020-03-01,34.303925
SSNBQCB X 2020-03-03,29.027758
SSNBQCB X 2020-03-04,34.946749
SSNBQCB X 2020-03-05,54.154505
SSNBQCB X 2020-03-06,26.274342
SSNBQCB X 2020-03-07,57.285837
SSNBQCB X 2020-03-08,32.009115
SSNBQCB X 2020-03-09,54.183058
SSNBQCB X 2020-03-10,46.335050
SSNBQCB X 2020-03-11,43.115870
SSNBQCB X 2020-03-12,62.357099
SSNBQCB X 2020-03-13,35.758885
SSNBQCB X 2020-03-14,51.949038
SSNBQCB X 2020-03-15,27.700304
SSNBQCB X 2020-03-16,28.383614
SSNBQCB X 2020-03-17,41.994180
SSNBQCB X 2020-03-18,67.250694
SSNBQCB X 2020-03-19,37.013230
SSNBQCB X 2020-03-20,36.200056
SSNBQCB X 2020-03-21,48.811881
SSNBQCB X 2020-03-22,68.846968
SSNBQCB X 2020-03-23,26.387702
SSNBQCB X 2020-03-24,32.768702
SSNBQCB X 2020-03-25,32.845356
SSNBQCB X 2020-03-26,30.943204
SSNBQCB X 2020-03-27,32.241284
SSNBQCB X 2020-03-28,35.282950
SSNBQCB X 2020-03-29,63.173418
SSNBQCB X 2020-03-30,50.450053
SSNBQCB X 2020-03-31,32.036984
SSNBQCB X 2020-04-01,30.112153
SSNBQCB X 2020-04-02,29.792300
STQ9TW0 X 2020-01-02,73.281347
STQ9TW0 X 2020-01-03,87.482257
STQ9TW0 X 2020-01-04,75.721477
STQ9TW0 X 2020-01-05,63.234279
STQ9TW0 X 2020-01-06,73.512004
STQ9TW0 X 2020-01-07,64.899344
STQ9TW0 X 2020-01-08,81.525381
STQ9TW0 X 2020-01-09,44.561975
STQ9TW0 X 2020-01-10,51.977957
STQ9TW0 X 2020-01-11,96.342536
STQ9TW0 X 2020-01-12,58.898622
STQ9TW0 X 2020-01-13,72.760504
STQ9TW0 X 2020-01-14,150.712363
STQ9TW0 X 2020-01-15,77.515157
STQ9TW0 X 2020-01-16,72.574385
STQ9TW0 X 2020-01-17,42.152800
STQ9TW0 X 2020-01-18,70.385216
STQ9TW0 X 2020-01-19,70.272479
STQ9TW0 X 2020-01-20,86.746254
STQ9TW0 X 2020-01-21,79.511933
STQ9TW0 X 2020-01-22,58.236651
STQ9TW0 X 2020-01-23,81.937103
STQ9TW0 X 2020-01-24,66.856266
STQ9TW0 X 2020-01-25,98.208626
STQ9TW0 X 2020-01-26,65.676452
STQ9TW0 X 2020-01-27,107.244765
STQ9TW0 X 2020-01-28,110.230875
STQ9TW0 X 2020-01-29,118.789698
STQ9TW0 X 2020-01-30,74.571038
STQ9TW0 X 2020-01-31,75.653277
STQ9TW0 X 2020-02-01,57.444912
STQ9TW0 X 2020-02-02,74.285000
STQ9TW0 X 2020-02-03,40.463101
STQ9TW0 X 2020-02-04,44.146571
STQ9TW0 X 2020-02-05,45.507694
STQ9TW0 X 2020-02-06,66.897102
STQ9TW0 X 2020-02-07,66.031569
STQ9TW0 X 2020-02-08,90.586578
STQ9TW0 X 2020-02-09,46.655194
STQ9TW0 X 2020-02-10,59.729558
STQ9TW0 X 2020-02-11,82.100792
STQ9TW0 X 2020-02-12,43.352399
STQ9TW0 X 2020-02-13,85.409601
STQ9TW0 X 2020-02-14,63.334586
STQ9TW0 X 2020-02-15,120.054425
STQ9TW0 X 2020-02-16,60.989889
STQ9TW0 X 2020-02-17,60.251019
STQ9TW0 X 2020-02-18,53.184728
STQ9TW0 X 2020-02-19,115.859048
STQ9TW0 X 2020-02-20,58.377179
STQ9TW0 X 2020-02-21,71.243512
STQ9TW0 X 2020-02-22,53.814283
STQ9TW0 X 2020-02-23,40.268810
STQ9TW0 X 2020-02-24,87.517302
STQ9TW0 X 2020-02-25,63.273048
STQ9TW0 X 2020-02-26,58.253430
STQ9TW0 X 2020-02-27,90.259974
STQ9TW0 X 2020-02-28,70.577317
STQ9TW0 X 2020-02-29,42.906713
STQ9TW0 X 2020-03-01,53.120225
STQ9TW0 X 2020-03-02,48.660135
STQ9TW0 X 2020-03-03,93.288168
STQ9TW0 X 2020-03-04,100.609467
STQ9TW0 X 2020-03-05,90.414856
STQ9TW0 X 2020-03-06,68.141549
STQ9TW0 X 2020-03-07,46.465836
STQ9TW0 X 2020-03-08,50.203564
STQ9TW0 X 2020-03-09,49.335680
STQ9TW0 X 2020-03-10,41.623192
STQ9TW0 X 2020-03-11,59.666443
STQ9TW0 X 2020-03-12,37.802512
STQ9TW0 X 2020-03-13,58.406524
STQ9TW0 X 2020-03-14,48.734418
STQ9TW0 X 2020-03-15,41.371377
STQ9TW0 X 2020-03-16,43.230348
STQ9TW0 X 2020-03-17,50.870278
STQ9TW0 X 2020-03-18,64.820344
STQ9TW0 X 2020-03-19,33.135874
STQ9TW0 X 2020-03-20,41.747570
STQ9TW0 X 2020-03-21,55.009758
STQ9TW0 X 2020-03-22,41.551603
STQ9TW0 X 2020-03-23,43.630016
STQ9TW0 X 2020-03-24,49.774933
STQ9TW0 X 2020-03-25,39.433476
STQ9TW0 X 2020-03-26,32.620911
STQ9TW0 X 2020-03-27,36.418540
STQ9TW0 X 2020-03-28,33.679975
STQ9TW0 X 2020-03-29,37.998908
STQ9TW0 X 2020-03-30,58.910140
STQ9TW0 X 2020-03-31,105.824067
STQ9TW0 X 2020-04-01,71.230286
STQ9TW0 X 2020-04-02,49.445876
STQ9TW0 X 2020-04-03,43.564433
STQ9TW0 X 2020-04-04,43.272107
SXS0LL4 X 2020-01-02,75.445489
SXS0LL4 X 2020-01-03,114.167347
SXS0LL4 X 2020-01-04,119.559996
SXS0LL4 X 2020-01-05,88.022644
SXS0LL4 X 2020-01-06,96.757302
SXS0LL4 X 2020-01-07,81.884111
SXS0LL4 X 2020-01-08,117.282577
SXS0LL4 X 2020-01-09,87.077304
SXS0LL4 X 2020-01-10,86.464392
SXS0LL4 X 2020-01-11,91.919262
SXS0LL4 X 2020-01-12,64.461283
SXS0LL4 X 2020-01-13,82.964468
SXS0LL4 X 2020-01-14,112.537857
SXS0LL4 X 2020-01-15,70.115857
SXS0LL4 X 2020-01-16,70.962274
SXS0LL4 X 2020-01-17,60.929608
SXS0LL4 X 2020-01-18,61.768311
SXS0LL4 X 2020-01-19,95.438337
SXS0LL4 X 2020-01-20,89.420603
SXS0LL4 X 2020-01-21,84.810929
SXS0LL4 X 2020-01-22,117.953594
SXS0LL4 X 2020-01-23,70.227214
SXS0LL4 X 2020-01-24,70.110740
SXS0LL4 X 2020-01-25,52.348384
SXS0LL4 X 2020-01-26,61.107648
SXS0LL4 X 2020-01-27,63.095455
SXS0LL4 X 2020-01-28,38.690373
SXS0LL4 X 2020-01-29,60.542337
SXS0LL4 X 2020-01-30,78.589352
SXS0LL4 X 2020-01-31,72.968888
SXS0LL4 X 2020-02-01,61.617159
SXS0LL4 X 2020-02-02,62.434150
SXS0LL4 X 2020-02-03,62.256742
SXS0LL4 X 2020-02-04,65.529336
SXS0LL4 X 2020-02-05,55.502897
SXS0LL4 X 2020-02-06,44.016069
SXS0LL4 X 2020-02-07,55.370841
SXS0LL4 X 2020-02-08,49.840655
SXS0LL4 X 2020-02-09,64.959206
SXS0LL4 X 2020-02-10,50.847306
SXS0LL4 X 2020-02-11,52.402554
SXS0LL4 X 2020-02-12,48.269997
SXS0LL4 X 2020-02-13,77.195667
SXS0LL4 X 2020-02-14,57.890786
SXS0LL4 X 2020-02-15,62.167185
SXS0LL4 X 2020-02-16,44.449725
SXS0LL4 X 2020-02-17,58.849385
SXS0LL4 X 2020-02-18,58.459190
SXS0LL4 X 2020-02-19,57.989384
SXS0LL4 X 2020-02-20,63.109812
SXS0LL4 X 2020-02-21,70.660812
SXS0LL4 X 2020-02-22,77.344040
SXS0LL4 X 2020-02-23,64.974520
SXS0LL4 X 2020-02-24,65.087972
SXS0LL4 X 2020-02-25,60.853095
SXS0LL4 X 2020-02-26,79.443742
SXS0LL4 X 2020-02-27,69.136680
SXS0LL4 X 2020-02-28,74.228690
SXS0LL4 X 2020-02-29,93.208821
SXS0LL4 X 2020-03-01,81.978488
SXS0LL4 X 2020-03-02,59.639052
SXS0LL4 X 2020-03-03,71.108833
SXS0LL4 X 2020-03-04,56.864966
SXS0LL4 X 2020-03-05,55.697679
SXS0LL4 X 2020-03-06,55.927728
SXS0LL4 X 2020-03-07,92.410698
SXS0LL4 X 2020-03-08,59.585597
SXS0LL4 X 2020-03-09,81.663802
SXS0LL4 X 2020-03-10,84.545079
SXS0LL4 X 2020-03-11,44.409488
SXS0LL4 X 2020-03-12,60.771135
SXS0LL4 X 2020-03-13,86.751611
SXS0LL4 X 2020-03-14,48.962235
SXS0LL4 X 2020-03-15,68.904265
SXS0LL4 X 2020-03-16,77.758466
SXS0LL4 X 2020-03-17,58.927353
SXS0LL4 X 2020-03-18,100.068448
SXS0LL4 X 2020-03-19,92.557659
SXS0LL4 X 2020-03-20,67.934766
SXS0LL4 X 2020-03-21,83.796495
SXS0LL4 X 2020-03-22,75.091970
SXS0LL4 X 2020-03-23,68.364978
SXS0LL4 X 2020-03-24,64.135980
SXS0LL4 X 2020-03-25,66.400706
SXS0LL4 X 2020-03-26,65.588972
SXS0LL4 X 2020-03-27,78.920244
SXS0LL4 X 2020-03-28,50.313206
SXS0LL4 X 2020-03-29,45.141103
SXS0LL4 X 2020-03-30,46.843214
SXS0LL4 X 2020-03-31,47.610159
SXS0LL4 X 2020-04-01,53.703675
SXS0LL4 X 2020-04-02,50.821601
SXS0LL4 X 2020-04-03,51.969060
SXS0LL4 X 2020-04-04,32.451226
T0LXFV5 X 2020-01-02,92.660651
T0LXFV5 X 2020-01-06,87.490470
T0LXFV5 X 2020-01-07,103.235906
T0LXFV5 X 2020-01-08,90.577754
T0LXFV5 X 2020-01-09,97.641835
T0LXFV5 X 2020-01-10,78.465853
T0LXFV5 X 2020-01-11,84.361139
T0LXFV5 X 2020-01-12,69.653963
T0LXFV5 X 2020-01-13,86.087179
T0LXFV5 X 2020-01-14,87.877478
T0LXFV5 X 2020-01-15,100.875820
T0LXFV5 X 2020-01-16,85.576921
T0LXFV5 X 2020-01-17,67.117666
T0LXFV5 X 2020-01-18,75.814143
T0LXFV5 X 2020-01-19,45.928246
T0LXFV5 X 2020-01-20,32.664677
T0LXFV5 X 2020-01-21,43.319503
T0LXFV5 X 2020-01-22,78.906518
T0LXFV5 X 2020-01-23,85.524718
T0LXFV5 X 2020-01-24,97.039342
T0LXFV5 X 2020-01-25,107.340591
T0LXFV5 X 2020-01-26,101.505508
T0LXFV5 X 2020-01-27,92.911120
T0LXFV5 X 2020-01-28,34.668356
T0LXFV5 X 2020-01-29,29.904290
T0LXFV5 X 2020-01-30,76.096153
T0LXFV5 X 2020-01-31,79.931525
T0LXFV5 X 2020-02-01,65.851684
T0LXFV5 X 2020-02-02,49.621425
T0LXFV5 X 2020-02-03,61.828194
T0LXFV5 X 2020-02-04,91.031862
T0LXFV5 X 2020-02-05,82.035063
T0LXFV5 X 2020-02-06,54.859302
T0LXFV5 X 2020-02-07,75.710257
T0LXFV5 X 2020-02-08,83.599960
T0LXFV5 X 2020-02-09,66.968472
T0LXFV5 X 2020-02-10,56.218642
T0LXFV5 X 2020-02-11,29.479800
T0LXFV5 X 2020-02-12,75.441897
T0LXFV5 X 2020-02-13,59.268622
T0LXFV5 X 2020-02-14,42.189730
T0LXFV5 X 2020-02-15,75.499437
T0LXFV5 X 2020-02-16,69.434563
T0LXFV5 X 2020-02-17,64.256099
T0LXFV5 X 2020-02-18,57.958067
T0LXFV5 X 2020-02-19,61.554630
T0LXFV5 X 2020-02-20,69.040108
T0LXFV5 X 2020-02-21,78.209439
T0LXFV5 X 2020-02-22,77.234159
T0LXFV5 X 2020-02-23,60.101313
T0LXFV5 X 2020-02-24,57.190717
T0LXFV5 X 2020-02-25,81.277877
T0LXFV5 X 2020-02-26,29.982808
T0LXFV5 X 2020-02-27,66.473532
T0LXFV5 X 2020-02-28,34.720665
T0LXFV5 X 2020-02-29,62.972697
T0LXFV5 X 2020-03-01,42.234528
T0LXFV5 X 2020-03-03,40.807501
T0LXFV5 X 2020-03-04,55.077643
T0LXFV5 X 2020-03-05,63.160135
T0LXFV5 X 2020-03-06,25.034635
T0LXFV5 X 2020-03-07,59.646896
T0LXFV5 X 2020-03-08,36.964847
T0LXFV5 X 2020-03-09,62.014690
T0LXFV5 X 2020-03-10,59.960770
T0LXFV5 X 2020-03-11,63.144150
T0LXFV5 X 2020-03-12,60.968488
T0LXFV5 X 2020-03-13,64.929869
T0LXFV5 X 2020-03-14,62.372512
T0LXFV5 X 2020-03-15,32.769509
T0LXFV5 X 2020-03-16,49.682433
T0LXFV5 X 2020-03-17,72.289337
T0LXFV5 X 2020-03-18,68.353956
T0LXFV5 X 2020-03-19,63.469639
T0LXFV5 X 2020-03-20,60.028455
T0LXFV5 X 2020-03-21,71.585549
T0LXFV5 X 2020-03-22,62.176802
T0LXFV5 X 2020-03-23,39.591077
T0LXFV5 X 2020-03-24,43.340798
T0LXFV5 X 2020-03-25,33.566312
T0LXFV5 X 2020-03-26,34.928000
T0LXFV5 X 2020-03-27,41.523996
T0LXFV5 X 2020-03-28,69.301848
T0LXFV5 X 2020-03-29,62.653111
T0LXFV5 X 2020-03-30,67.922881
T0LXFV5 X 2020-03-31,30.627331
T0LXFV5 X 2020-04-01,32.926308
T0LXFV5 X 2020-04-02,60.604349
T0QPCP1 X 2020-01-02,55.769095
T0QPCP1 X 2020-01-03,21.824483
T0QPCP1 X 2020-01-04,31.975595
T0QPCP1 X 2020-01-05,47.749537
T0QPCP1 X 2020-01-06,38.734483
T0QPCP1 X 2020-01-07,26.312062
T0QPCP1 X 2020-01-08,27.831629
T0QPCP1 X 2020-01-09,41.222422
T0QPCP1 X 2020-01-10,35.279312
T0QPCP1 X 2020-01-11,31.807104
T0QPCP1 X 2020-01-12,30.607798
T0QPCP1 X 2020-01-13,37.392123
T0QPCP1 X 2020-01-14,22.219320
T0QPCP1 X 2020-01-15,21.381099
T0QPCP1 X 2020-01-16,30.620489
T0QPCP1 X 2020-01-17,35.110552
T0QPCP1 X 2020-01-18,31.918893
T0QPCP1 X 2020-01-19,32.365448
T0QPCP1 X 2020-01-20,70.711266
T0QPCP1 X 2020-01-21,67.147512
T0QPCP1 X 2020-01-22,34.900115
T0QPCP1 X 2020-01-23,59.881984
T0QPCP1 X 2020-01-24,53.831064
T0QPCP1 X 2020-01-25,50.477275
T0QPCP1 X 2020-01-26,41.051837
T0QPCP1 X 2020-01-27,37.536342
T0QPCP1 X 2020-01-28,24.215702
T0QPCP1 X 2020-01-29,23.946897
T0QPCP1 X 2020-01-30,27.744635
T0QPCP1 X 2020-01-31,22.115517
T0QPCP1 X 2020-02-01,25.281525
T0QPCP1 X 2020-02-02,24.997187
T0QPCP1 X 2020-02-03,29.341369
T0QPCP1 X 2020-02-04,27.685480
T0QPCP1 X 2020-02-05,35.047362
T0QPCP1 X 2020-02-06,66.792470
T0QPCP1 X 2020-02-07,64.965771
T0QPCP1 X 2020-02-08,36.444947
T0QPCP1 X 2020-02-09,20.786072
T0QPCP1 X 2020-02-10,30.512151
T0QPCP1 X 2020-02-11,21.522758
T0QPCP1 X 2020-02-12,23.455133
T0QPCP1 X 2020-02-13,28.245025
T0QPCP1 X 2020-02-14,38.068659
T0QPCP1 X 2020-02-15,19.066308
T0QPCP1 X 2020-02-16,19.312860
T0QPCP1 X 2020-02-17,22.486970
T0QPCP1 X 2020-02-18,25.433865
T0QPCP1 X 2020-02-19,27.433516
T0QPCP1 X 2020-02-20,26.189733
T0QPCP1 X 2020-02-21,26.180484
T0QPCP1 X 2020-02-22,30.323114
T0QPCP1 X 2020-02-23,20.728633
T0QPCP1 X 2020-02-24,29.185492
T0QPCP1 X 2020-02-25,21.715679
T0QPCP1 X 2020-02-26,27.980893
T0QPCP1 X 2020-02-27,31.870083
T0QPCP1 X 2020-02-28,25.572728
T0QPCP1 X 2020-02-29,22.680046
T0QPCP1 X 2020-03-01,21.031571
T0QPCP1 X 2020-03-02,24.175028
T0QPCP1 X 2020-03-03,30.422835
T0QPCP1 X 2020-03-04,33.497451
T0QPCP1 X 2020-03-05,28.827396
T0QPCP1 X 2020-03-06,22.372322
T0QPCP1 X 2020-03-07,41.891877
T0QPCP1 X 2020-03-08,20.313581
T0QPCP1 X 2020-03-09,34.383187
T0QPCP1 X 2020-03-10,22.319836
T0QPCP1 X 2020-03-11,32.995964
T0QPCP1 X 2020-03-12,24.909583
T0QPCP1 X 2020-03-13,26.383405
T0QPCP1 X 2020-03-14,50.780085
T0QPCP1 X 2020-03-15,24.299273
T0QPCP1 X 2020-03-16,36.271013
T0QPCP1 X 2020-03-17,35.379728
T0QPCP1 X 2020-03-18,22.149107
T0QPCP1 X 2020-03-19,45.188103
T0QPCP1 X 2020-03-20,31.740454
T0QPCP1 X 2020-03-21,34.473917
T0QPCP1 X 2020-03-22,45.166640
T0QPCP1 X 2020-03-23,41.951948
T0QPCP1 X 2020-03-24,44.165110
T0QPCP1 X 2020-03-25,53.431582
T0QPCP1 X 2020-03-26,62.891519
T0QPCP1 X 2020-03-27,43.725036
T0QPCP1 X 2020-03-28,39.306394
T0QPCP1 X 2020-03-29,28.451460
T0QPCP1 X 2020-03-30,37.005279
T0QPCP1 X 2020-03-31,29.345040
T0QPCP1 X 2020-04-01,34.408373
T0QPCP1 X 2020-04-02,31.169548
T0QPCP1 X 2020-04-03,29.134106
T0QPCP1 X 2020-04-04,31.667248
T5IIAB1 X 2020-01-02,32.000294
T5IIAB1 X 2020-01-03,40.741477
T5IIAB1 X 2020-01-04,90.994874
T5IIAB1 X 2020-01-05,66.808566
T5IIAB1 X 2020-01-06,52.072083
T5IIAB1 X 2020-01-07,62.724496
T5IIAB1 X 2020-01-08,69.079000
T5IIAB1 X 2020-01-09,74.111887
T5IIAB1 X 2020-01-10,48.693065
T5IIAB1 X 2020-01-11,68.482776
T5IIAB1 X 2020-01-12,68.539054
T5IIAB1 X 2020-01-13,70.696169
T5IIAB1 X 2020-01-14,77.346860
T5IIAB1 X 2020-01-15,71.251463
T5IIAB1 X 2020-01-16,72.490684
T5IIAB1 X 2020-01-17,33.570337
T5IIAB1 X 2020-01-18,46.025940
T5IIAB1 X 2020-01-19,58.360878
T5IIAB1 X 2020-01-20,62.816888
T5IIAB1 X 2020-01-21,72.835716
T5IIAB1 X 2020-01-22,67.101004
T5IIAB1 X 2020-01-23,75.941733
T5IIAB1 X 2020-01-24,73.675553
T5IIAB1 X 2020-01-25,53.142417
T5IIAB1 X 2020-01-26,53.573148
T5IIAB1 X 2020-01-27,37.090952
T5IIAB1 X 2020-01-28,37.905501
T5IIAB1 X 2020-01-29,34.045746
T5IIAB1 X 2020-01-30,25.826875
T5IIAB1 X 2020-01-31,73.200100
T5IIAB1 X 2020-02-01,75.210711
T5IIAB1 X 2020-02-02,56.238620
T5IIAB1 X 2020-02-03,26.670221
T5IIAB1 X 2020-02-04,30.153790
T5IIAB1 X 2020-02-05,47.313882
T5IIAB1 X 2020-02-06,79.963794
T5IIAB1 X 2020-02-07,90.051902
T5IIAB1 X 2020-02-08,75.613504
T5IIAB1 X 2020-02-09,39.449069
T5IIAB1 X 2020-02-10,27.622164
T5IIAB1 X 2020-02-11,33.364769
T5IIAB1 X 2020-02-12,80.173610
T5IIAB1 X 2020-02-13,85.251316
T5IIAB1 X 2020-02-14,75.353345
T5IIAB1 X 2020-02-15,77.907474
T5IIAB1 X 2020-02-16,58.835294
T5IIAB1 X 2020-02-17,49.003235
T5IIAB1 X 2020-02-18,54.740886
T5IIAB1 X 2020-02-19,72.098646
T5IIAB1 X 2020-02-20,78.951747
T5IIAB1 X 2020-02-21,55.988579
T5IIAB1 X 2020-02-22,49.168438
T5IIAB1 X 2020-02-23,56.915348
T5IIAB1 X 2020-02-24,38.360492
T5IIAB1 X 2020-02-25,62.467643
T5IIAB1 X 2020-02-26,57.822444
T5IIAB1 X 2020-02-27,77.365397
T5IIAB1 X 2020-02-28,60.598041
T5IIAB1 X 2020-02-29,49.665889
T5IIAB1 X 2020-03-01,33.265621
T5IIAB1 X 2020-03-02,26.990266
T5IIAB1 X 2020-03-03,25.920131
T5IIAB1 X 2020-03-04,66.419970
T5IIAB1 X 2020-03-05,64.159661
T5IIAB1 X 2020-03-06,43.271128
T5IIAB1 X 2020-03-07,45.930763
T5IIAB1 X 2020-03-08,26.947437
T5IIAB1 X 2020-03-09,43.059019
T5IIAB1 X 2020-03-10,38.546911
T5IIAB1 X 2020-03-11,50.706303
T5IIAB1 X 2020-03-12,40.652474
T5IIAB1 X 2020-03-13,70.761022
T5IIAB1 X 2020-03-14,35.087845
T5IIAB1 X 2020-03-15,40.601496
T5IIAB1 X 2020-03-16,38.450246
T5IIAB1 X 2020-03-17,33.773143
T5IIAB1 X 2020-03-18,38.462617
T5IIAB1 X 2020-03-19,33.000410
T5IIAB1 X 2020-03-20,36.973231
T5IIAB1 X 2020-03-21,40.182925
T5IIAB1 X 2020-03-22,46.063626
T5IIAB1 X 2020-03-23,34.379742
T5IIAB1 X 2020-03-24,45.662635
T5IIAB1 X 2020-03-25,30.365508
T5IIAB1 X 2020-03-26,32.095929
T5IIAB1 X 2020-03-27,36.348710
T5IIAB1 X 2020-03-28,35.344642
T5IIAB1 X 2020-03-29,32.411040
T5IIAB1 X 2020-03-30,30.346206
T5IIAB1 X 2020-03-31,38.550389
T5IIAB1 X 2020-04-01,43.179353
T5IIAB1 X 2020-04-02,31.148967
T5IIAB1 X 2020-04-03,74.933515
T5IIAB1 X 2020-04-04,47.606722
T6HK4HL X 2020-01-02,40.784837
T6HK4HL X 2020-01-03,53.753324
T6HK4HL X 2020-01-04,38.326286
T6HK4HL X 2020-01-05,49.845471
T6HK4HL X 2020-02-01,87.973250
T6HK4HL X 2020-02-02,46.700660
T6HK4HL X 2020-02-03,38.090628
T6HK4HL X 2020-02-04,48.751189
T6HK4HL X 2020-02-05,33.484340
T6HK4HL X 2020-02-06,44.727187
T6HK4HL X 2020-02-07,53.168624
T6HK4HL X 2020-02-08,42.251550
T6HK4HL X 2020-02-09,71.110861
T6HK4HL X 2020-02-10,35.754610
T6HK4HL X 2020-02-11,42.369183
T6HK4HL X 2020-02-12,45.682999
T6HK4HL X 2020-02-13,42.001655
T6HK4HL X 2020-02-14,90.486421
T6HK4HL X 2020-02-15,70.951692
T6HK4HL X 2020-02-16,51.146700
T6HK4HL X 2020-02-17,53.442689
T6HK4HL X 2020-02-18,50.292449
T6HK4HL X 2020-02-19,42.804821
T6HK4HL X 2020-02-20,41.876179
T6HK4HL X 2020-02-21,69.733197
T6HK4HL X 2020-02-22,52.024689
T6HK4HL X 2020-02-23,30.759730
T6HK4HL X 2020-02-24,31.464944
T6HK4HL X 2020-02-25,38.487462
T6HK4HL X 2020-02-26,63.412186
T6HK4HL X 2020-02-27,39.144255
T6HK4HL X 2020-02-28,46.818989
T6HK4HL X 2020-02-29,32.635365
T6HK4HL X 2020-03-01,47.585704
T6HK4HL X 2020-03-02,36.138381
T6HK4HL X 2020-03-03,35.623295
T6HK4HL X 2020-03-04,62.817224
T6HK4HL X 2020-03-05,48.502131
T6HK4HL X 2020-03-06,43.339472
T6HK4HL X 2020-03-07,38.841844
T6HK4HL X 2020-03-08,33.238702
T6HK4HL X 2020-03-09,42.953881
T6HK4HL X 2020-03-10,39.580234
T6HK4HL X 2020-03-11,55.043964
T6HK4HL X 2020-03-12,36.261083
T6HK4HL X 2020-03-13,31.697909
T6HK4HL X 2020-03-14,31.780009
T6HK4HL X 2020-03-15,35.596669
T6HK4HL X 2020-03-16,30.910815
T6HK4HL X 2020-03-17,32.120079
T6HK4HL X 2020-03-18,61.861249
T6HK4HL X 2020-03-19,45.311297
T6HK4HL X 2020-03-20,21.439147
T6HK4HL X 2020-03-21,23.325738
T6HK4HL X 2020-03-22,25.383073
T6HK4HL X 2020-03-23,25.965126
T6HK4HL X 2020-03-24,33.653095
T6HK4HL X 2020-03-25,48.508493
T6HK4HL X 2020-03-26,45.529224
T6HK4HL X 2020-03-27,62.526524
T6HK4HL X 2020-03-28,53.944959
T6HK4HL X 2020-03-29,26.412774
T6HK4HL X 2020-03-30,77.064464
T6HK4HL X 2020-03-31,29.278601
T6HK4HL X 2020-04-01,21.542024
T6HK4HL X 2020-04-02,20.970925
T6HK4HL X 2020-04-03,25.676481
T6HK4HL X 2020-04-04,29.946758
TAI6W4Z X 2020-01-02,47.578976
TAI6W4Z X 2020-01-03,63.441261
TAI6W4Z X 2020-01-04,64.529461
TAI6W4Z X 2020-01-05,47.620403
TAI6W4Z X 2020-01-06,46.798761
TAI6W4Z X 2020-01-07,87.224255
TAI6W4Z X 2020-01-08,48.236821
TAI6W4Z X 2020-01-09,52.324378
TAI6W4Z X 2020-01-10,43.748798
TAI6W4Z X 2020-01-13,39.246460
TAI6W4Z X 2020-01-14,33.594639
TAI6W4Z X 2020-01-15,68.249281
TAI6W4Z X 2020-01-16,64.566940
TAI6W4Z X 2020-01-17,34.122221
TAI6W4Z X 2020-01-18,42.649915
TAI6W4Z X 2020-01-19,49.050738
TAI6W4Z X 2020-01-20,77.637045
TAI6W4Z X 2020-01-21,55.121414
TAI6W4Z X 2020-01-22,34.780136
TAI6W4Z X 2020-01-23,49.448619
TAI6W4Z X 2020-01-24,55.837001
TAI6W4Z X 2020-01-25,55.753373
TAI6W4Z X 2020-01-26,49.091221
TAI6W4Z X 2020-01-27,43.958690
TAI6W4Z X 2020-01-28,55.783610
TAI6W4Z X 2020-01-29,60.751142
TAI6W4Z X 2020-01-30,36.315124
TAI6W4Z X 2020-01-31,59.618731
TAI6W4Z X 2020-02-01,48.248262
TAI6W4Z X 2020-02-02,53.582950
TAI6W4Z X 2020-02-03,36.979298
TAI6W4Z X 2020-02-05,45.095048
TAI6W4Z X 2020-02-06,54.150813
TAI6W4Z X 2020-02-07,79.882668
TAI6W4Z X 2020-02-08,89.457496
TAI6W4Z X 2020-02-09,28.425353
TAI6W4Z X 2020-02-10,23.170791
TAI6W4Z X 2020-02-11,31.714661
TAI6W4Z X 2020-02-12,55.637151
TAI6W4Z X 2020-02-13,75.902026
TAI6W4Z X 2020-02-14,70.927475
TAI6W4Z X 2020-02-15,84.048206
TAI6W4Z X 2020-02-16,55.916638
TAI6W4Z X 2020-02-17,36.371347
TAI6W4Z X 2020-02-18,27.455405
TAI6W4Z X 2020-02-19,72.577358
TAI6W4Z X 2020-02-20,63.447910
TAI6W4Z X 2020-02-21,43.014967
TAI6W4Z X 2020-02-22,46.143409
TAI6W4Z X 2020-02-23,39.289325
TAI6W4Z X 2020-02-24,49.478091
TAI6W4Z X 2020-02-25,30.189377
TAI6W4Z X 2020-02-26,74.030114
TAI6W4Z X 2020-02-27,56.991767
TAI6W4Z X 2020-02-28,62.874392
TAI6W4Z X 2020-02-29,69.334996
TAI6W4Z X 2020-03-01,30.559250
TAI6W4Z X 2020-03-03,28.784406
TAI6W4Z X 2020-03-04,96.511443
TAI6W4Z X 2020-03-05,68.255782
TAI6W4Z X 2020-03-06,41.782118
TAI6W4Z X 2020-03-07,78.432438
TAI6W4Z X 2020-03-08,83.953188
TAI6W4Z X 2020-03-09,47.095959
TAI6W4Z X 2020-03-10,62.378349
TAI6W4Z X 2020-03-11,78.014655
TAI6W4Z X 2020-03-12,73.102926
TAI6W4Z X 2020-03-13,92.031889
TAI6W4Z X 2020-03-14,39.428754
TAI6W4Z X 2020-03-15,34.554020
TAI6W4Z X 2020-03-16,35.642606
TAI6W4Z X 2020-03-17,52.077269
TAI6W4Z X 2020-03-18,54.477813
TAI6W4Z X 2020-03-19,78.654692
TAI6W4Z X 2020-03-20,48.446144
TAI6W4Z X 2020-03-21,58.651425
TAI6W4Z X 2020-03-22,52.313810
TAI6W4Z X 2020-03-23,44.050159
TAI6W4Z X 2020-03-24,32.121034
TAI6W4Z X 2020-03-25,34.034709
TAI6W4Z X 2020-03-26,33.136981
TAI6W4Z X 2020-03-27,41.404405
TAI6W4Z X 2020-03-28,38.222693
TAI6W4Z X 2020-03-29,43.955854
TAI6W4Z X 2020-03-30,75.695717
TAI6W4Z X 2020-03-31,39.529947
TAI6W4Z X 2020-04-01,42.292124
TAI6W4Z X 2020-04-02,25.642335
TAI6W4Z X 2020-04-03,39.909013
TAI6W4Z X 2020-04-04,37.780444
TDDP2F6 X 2020-01-02,40.510147
TDDP2F6 X 2020-01-03,47.619984
TDDP2F6 X 2020-01-04,74.745540
TDDP2F6 X 2020-01-05,40.602742
TDDP2F6 X 2020-01-06,47.489299
TDDP2F6 X 2020-01-07,67.541705
TDDP2F6 X 2020-01-08,82.260959
TDDP2F6 X 2020-01-09,50.280940
TDDP2F6 X 2020-01-10,67.416927
TDDP2F6 X 2020-01-11,40.401299
TDDP2F6 X 2020-01-12,45.962619
TDDP2F6 X 2020-01-13,45.772341
TDDP2F6 X 2020-01-14,56.207425
TDDP2F6 X 2020-01-15,67.142839
TDDP2F6 X 2020-01-16,84.121094
TDDP2F6 X 2020-01-17,80.086116
TDDP2F6 X 2020-01-18,48.743409
TDDP2F6 X 2020-01-19,66.341251
TDDP2F6 X 2020-01-20,81.698315
TDDP2F6 X 2020-01-21,34.621344
TDDP2F6 X 2020-01-22,38.491767
TDDP2F6 X 2020-01-23,30.016779
TDDP2F6 X 2020-01-24,35.514452
TDDP2F6 X 2020-01-25,42.014165
TDDP2F6 X 2020-01-26,69.161111
TDDP2F6 X 2020-02-02,45.253024
TDDP2F6 X 2020-02-03,36.343410
TDDP2F6 X 2020-02-04,43.925841
TDDP2F6 X 2020-02-05,38.770528
TDDP2F6 X 2020-02-06,30.044512
TDDP2F6 X 2020-02-07,31.218313
TDDP2F6 X 2020-02-08,37.537159
TDDP2F6 X 2020-02-10,59.874970
TDDP2F6 X 2020-02-11,38.225666
TDDP2F6 X 2020-02-12,32.629431
TDDP2F6 X 2020-02-13,33.701216
TDDP2F6 X 2020-02-14,47.860626
TDDP2F6 X 2020-02-15,45.091636
TDDP2F6 X 2020-02-16,51.168271
TDDP2F6 X 2020-02-17,52.614631
TDDP2F6 X 2020-02-18,70.268442
TDDP2F6 X 2020-02-19,42.361088
TDDP2F6 X 2020-02-20,48.270262
TDDP2F6 X 2020-02-21,52.273060
TDDP2F6 X 2020-02-22,40.020991
TDDP2F6 X 2020-02-23,38.212271
TDDP2F6 X 2020-02-24,27.989525
TDDP2F6 X 2020-02-25,60.183718
TDDP2F6 X 2020-02-26,51.366506
TDDP2F6 X 2020-02-27,37.192254
TDDP2F6 X 2020-02-28,69.478254
TDDP2F6 X 2020-02-29,54.518071
TDDP2F6 X 2020-03-01,32.954458
TDDP2F6 X 2020-03-02,35.474948
TDDP2F6 X 2020-03-03,38.989932
TDDP2F6 X 2020-03-04,42.152448
TDDP2F6 X 2020-03-05,37.422940
TDDP2F6 X 2020-03-06,48.728559
TDDP2F6 X 2020-03-07,45.613537
TDDP2F6 X 2020-03-08,30.585415
TDDP2F6 X 2020-03-09,42.105663
TDDP2F6 X 2020-03-10,53.109251
TDDP2F6 X 2020-03-11,40.962889
TDDP2F6 X 2020-03-12,38.183813
TDDP2F6 X 2020-03-13,23.781219
TDDP2F6 X 2020-03-14,20.069429
TDDP2F6 X 2020-03-15,31.241020
TDDP2F6 X 2020-03-16,53.867835
TDDP2F6 X 2020-03-17,52.729360
TDDP2F6 X 2020-03-18,60.028460
TDDP2F6 X 2020-03-19,43.651028
TDDP2F6 X 2020-03-20,41.579283
TDDP2F6 X 2020-03-21,58.920275
TDDP2F6 X 2020-03-22,26.444204
TDDP2F6 X 2020-03-23,36.448892
TDDP2F6 X 2020-03-24,38.901884
TDDP2F6 X 2020-03-25,61.349101
TDDP2F6 X 2020-03-26,56.976185
TDDP2F6 X 2020-03-27,62.981534
TDDP2F6 X 2020-03-28,61.827837
TDDP2F6 X 2020-03-29,112.226489
TDDP2F6 X 2020-03-30,25.354443
TDDP2F6 X 2020-03-31,43.344471
TDDP2F6 X 2020-04-01,54.048317
TDDP2F6 X 2020-04-02,70.808701
TDDP2F6 X 2020-04-03,60.680556
TDDP2F6 X 2020-04-04,46.147612
TF8GL9A X 2020-01-02,101.563772
TF8GL9A X 2020-01-03,124.053321
TF8GL9A X 2020-01-04,95.119151
TF8GL9A X 2020-01-05,130.358571
TF8GL9A X 2020-01-06,124.450667
TF8GL9A X 2020-01-07,110.054825
TF8GL9A X 2020-01-08,75.575611
TF8GL9A X 2020-01-09,118.510968
TF8GL9A X 2020-01-10,124.418236
TF8GL9A X 2020-01-11,124.002944
TF8GL9A X 2020-01-12,130.466155
TF8GL9A X 2020-01-13,77.714776
TF8GL9A X 2020-01-14,102.145730
TF8GL9A X 2020-01-15,116.100175
TF8GL9A X 2020-01-16,77.622750
TF8GL9A X 2020-01-17,114.147262
TF8GL9A X 2020-01-18,106.836778
TF8GL9A X 2020-01-19,129.059306
TF8GL9A X 2020-01-20,122.276132
TF8GL9A X 2020-01-21,115.333310
TF8GL9A X 2020-01-22,128.994631
TF8GL9A X 2020-01-23,126.285463
TF8GL9A X 2020-01-24,118.813284
TF8GL9A X 2020-01-25,118.616829
TF8GL9A X 2020-01-26,142.896681
TF8GL9A X 2020-01-27,99.244224
TF8GL9A X 2020-01-28,85.537930
TF8GL9A X 2020-01-29,89.573736
TF8GL9A X 2020-01-30,110.664972
TF8GL9A X 2020-01-31,141.103475
TF8GL9A X 2020-02-01,129.646094
TF8GL9A X 2020-02-02,116.483446
TF8GL9A X 2020-02-03,139.663214
TF8GL9A X 2020-02-04,118.736413
TF8GL9A X 2020-02-05,128.650177
TF8GL9A X 2020-02-06,104.701315
TF8GL9A X 2020-02-07,111.470196
TF8GL9A X 2020-02-08,121.211949
TF8GL9A X 2020-02-09,121.108185
TF8GL9A X 2020-02-10,107.645663
TF8GL9A X 2020-02-11,102.581251
TF8GL9A X 2020-02-12,71.751841
TF8GL9A X 2020-02-13,89.498175
TF8GL9A X 2020-02-14,123.092413
TF8GL9A X 2020-02-15,128.040796
TF8GL9A X 2020-02-16,131.936781
TF8GL9A X 2020-02-17,135.062329
TF8GL9A X 2020-02-18,119.550722
TF8GL9A X 2020-02-19,108.978657
TF8GL9A X 2020-02-20,115.524057
TF8GL9A X 2020-02-21,93.740056
TF8GL9A X 2020-02-22,130.735417
TF8GL9A X 2020-02-23,132.272075
TF8GL9A X 2020-02-24,120.610201
TF8GL9A X 2020-02-25,91.339878
TF8GL9A X 2020-02-26,144.361069
TF8GL9A X 2020-02-27,151.501317
TF8GL9A X 2020-02-28,134.170362
TF8GL9A X 2020-02-29,121.972176
TF8GL9A X 2020-03-01,101.736828
TF8GL9A X 2020-03-02,96.495312
TF8GL9A X 2020-03-03,105.644040
TF8GL9A X 2020-03-04,99.030325
TF8GL9A X 2020-03-05,87.694011
TF8GL9A X 2020-03-06,68.332333
TF8GL9A X 2020-03-07,90.891405
TF8GL9A X 2020-03-08,107.370839
TF8GL9A X 2020-03-09,100.349292
TF8GL9A X 2020-03-10,47.872647
TF8GL9A X 2020-03-11,76.003615
TF8GL9A X 2020-03-12,60.626135
TF8GL9A X 2020-03-13,97.071019
TF8GL9A X 2020-03-14,97.074167
TF8GL9A X 2020-03-15,127.543389
TF8GL9A X 2020-03-16,122.154635
TF8GL9A X 2020-03-17,128.385017
TF8GL9A X 2020-03-18,108.891844
TF8GL9A X 2020-03-19,76.212640
TF8GL9A X 2020-03-20,70.030413
TF8GL9A X 2020-03-21,82.255557
TF8GL9A X 2020-03-22,85.617790
TF8GL9A X 2020-03-23,81.286774
TF8GL9A X 2020-03-24,75.393996
TF8GL9A X 2020-03-25,83.578478
TF8GL9A X 2020-03-26,85.944897
TF8GL9A X 2020-03-27,76.808544
TF8GL9A X 2020-03-28,80.868622
TF8GL9A X 2020-03-29,87.656896
TF8GL9A X 2020-03-30,73.789391
TF8GL9A X 2020-03-31,71.181737
TF8GL9A X 2020-04-01,94.098310
TF8GL9A X 2020-04-02,94.196281
TF8GL9A X 2020-04-03,58.910837
TF8GL9A X 2020-04-04,81.674433
TJH3M9P X 2020-01-02,54.241909
TJH3M9P X 2020-01-03,25.122333
TJH3M9P X 2020-01-04,38.780897
TJH3M9P X 2020-01-05,42.074187
TJH3M9P X 2020-01-06,27.702010
TJH3M9P X 2020-01-07,25.232098
TJH3M9P X 2020-01-08,19.709507
TJH3M9P X 2020-01-09,29.770619
TJH3M9P X 2020-01-10,30.986921
TJH3M9P X 2020-01-11,30.775352
TJH3M9P X 2020-01-12,25.935610
TJH3M9P X 2020-01-13,28.405413
TJH3M9P X 2020-01-14,21.967745
TJH3M9P X 2020-01-15,23.874418
TJH3M9P X 2020-01-16,29.786186
TJH3M9P X 2020-01-17,34.528318
TJH3M9P X 2020-01-18,29.622658
TJH3M9P X 2020-01-19,34.672985
TJH3M9P X 2020-01-20,55.767341
TJH3M9P X 2020-01-21,74.636492
TJH3M9P X 2020-01-22,41.902907
TJH3M9P X 2020-01-23,46.574380
TJH3M9P X 2020-01-24,57.489456
TJH3M9P X 2020-01-25,64.767078
TJH3M9P X 2020-01-26,42.909246
TJH3M9P X 2020-01-27,27.758557
TJH3M9P X 2020-01-28,29.816766
TJH3M9P X 2020-01-29,29.048237
TJH3M9P X 2020-01-30,22.584272
TJH3M9P X 2020-01-31,25.719460
TJH3M9P X 2020-02-01,24.690220
TJH3M9P X 2020-02-02,28.811310
TJH3M9P X 2020-02-03,36.029349
TJH3M9P X 2020-02-04,31.178470
TJH3M9P X 2020-02-05,42.726022
TJH3M9P X 2020-02-06,58.089034
TJH3M9P X 2020-02-07,51.294741
TJH3M9P X 2020-02-08,39.153885
TJH3M9P X 2020-02-09,24.998050
TJH3M9P X 2020-02-10,34.442877
TJH3M9P X 2020-02-11,31.857552
TJH3M9P X 2020-02-12,28.674217
TJH3M9P X 2020-02-13,28.208143
TJH3M9P X 2020-02-14,43.117075
TJH3M9P X 2020-02-15,17.754930
TJH3M9P X 2020-02-16,19.863251
TJH3M9P X 2020-02-17,25.306276
TJH3M9P X 2020-02-18,23.974487
TJH3M9P X 2020-02-19,29.462009
TJH3M9P X 2020-02-20,23.944677
TJH3M9P X 2020-02-21,27.195738
TJH3M9P X 2020-02-22,33.083103
TJH3M9P X 2020-02-23,20.841552
TJH3M9P X 2020-02-24,25.781058
TJH3M9P X 2020-02-25,26.341311
TJH3M9P X 2020-02-26,29.239034
TJH3M9P X 2020-02-27,22.560698
TJH3M9P X 2020-02-28,31.885714
TJH3M9P X 2020-02-29,26.817349
TJH3M9P X 2020-03-01,25.159397
TJH3M9P X 2020-03-02,28.145950
TJH3M9P X 2020-03-03,30.401008
TJH3M9P X 2020-03-04,41.896743
TJH3M9P X 2020-03-05,29.218802
TJH3M9P X 2020-03-06,24.778593
TJH3M9P X 2020-03-07,46.176016
TJH3M9P X 2020-03-08,23.991067
TJH3M9P X 2020-03-09,38.557700
TJH3M9P X 2020-03-10,25.011523
TJH3M9P X 2020-03-11,24.973759
TJH3M9P X 2020-03-12,24.142660
TJH3M9P X 2020-03-13,29.989333
TJH3M9P X 2020-03-14,41.928702
TJH3M9P X 2020-03-15,28.455239
TJH3M9P X 2020-03-16,36.243238
TJH3M9P X 2020-03-17,33.404520
TJH3M9P X 2020-03-18,22.506382
TJH3M9P X 2020-03-19,51.224923
TJH3M9P X 2020-03-20,28.211632
TJH3M9P X 2020-03-21,24.502877
TJH3M9P X 2020-03-22,41.802426
TJH3M9P X 2020-03-23,50.576435
TJH3M9P X 2020-03-24,39.145327
TJH3M9P X 2020-03-25,47.273321
TJH3M9P X 2020-03-26,42.975061
TJH3M9P X 2020-03-27,48.360757
TJH3M9P X 2020-03-28,26.924632
TJH3M9P X 2020-03-29,27.794972
TJH3M9P X 2020-03-30,27.160189
TJH3M9P X 2020-03-31,28.597848
TJH3M9P X 2020-04-01,28.882993
TJH3M9P X 2020-04-02,33.297395
TJH3M9P X 2020-04-03,28.645824
TJH3M9P X 2020-04-04,38.830555
TWHT8RX X 2020-01-02,26.147827
TWHT8RX X 2020-01-03,35.208296
TWHT8RX X 2020-01-04,29.430461
TWHT8RX X 2020-01-05,28.383824
TWHT8RX X 2020-01-06,27.995304
TWHT8RX X 2020-01-07,25.101429
TWHT8RX X 2020-01-08,26.200017
TWHT8RX X 2020-01-09,48.125978
TWHT8RX X 2020-01-10,65.667459
TWHT8RX X 2020-01-11,33.870406
TWHT8RX X 2020-01-12,22.637187
TWHT8RX X 2020-01-13,35.919107
TWHT8RX X 2020-01-14,45.590754
TWHT8RX X 2020-01-15,69.334452
TWHT8RX X 2020-01-16,49.334478
TWHT8RX X 2020-01-17,64.652735
TWHT8RX X 2020-01-18,48.092739
TWHT8RX X 2020-01-19,53.645020
TWHT8RX X 2020-01-20,38.140359
TWHT8RX X 2020-01-21,70.071947
TWHT8RX X 2020-01-22,23.247963
TWHT8RX X 2020-01-23,47.741981
TWHT8RX X 2020-01-24,43.227561
TWHT8RX X 2020-01-25,35.674739
TWHT8RX X 2020-01-26,66.625611
TWHT8RX X 2020-01-27,62.694423
TWHT8RX X 2020-01-28,51.711959
TWHT8RX X 2020-01-29,41.947405
TWHT8RX X 2020-01-30,40.076403
TWHT8RX X 2020-01-31,54.675061
TWHT8RX X 2020-02-01,25.941983
TWHT8RX X 2020-02-02,51.075639
TWHT8RX X 2020-02-03,60.061423
TWHT8RX X 2020-02-04,38.653916
TWHT8RX X 2020-02-05,36.337728
TWHT8RX X 2020-02-06,43.127270
TWHT8RX X 2020-02-07,51.880782
TWHT8RX X 2020-02-08,27.598029
TWHT8RX X 2020-02-09,48.044045
TWHT8RX X 2020-02-10,47.885692
TWHT8RX X 2020-02-11,60.203909
TWHT8RX X 2020-02-12,60.374425
TWHT8RX X 2020-02-13,44.159652
TWHT8RX X 2020-02-14,30.326772
TWHT8RX X 2020-02-15,36.810125
TWHT8RX X 2020-02-16,21.011601
TWHT8RX X 2020-02-17,42.875538
TWHT8RX X 2020-02-18,76.012538
TWHT8RX X 2020-02-19,49.477511
TWHT8RX X 2020-02-20,68.556007
TWHT8RX X 2020-02-21,61.942762
TWHT8RX X 2020-02-22,53.835520
TWHT8RX X 2020-02-23,53.742250
TWHT8RX X 2020-02-24,30.870122
TWHT8RX X 2020-02-25,52.094116
TWHT8RX X 2020-02-26,55.479287
TWHT8RX X 2020-02-27,51.781556
TWHT8RX X 2020-02-28,50.164405
TWHT8RX X 2020-02-29,32.599152
TWHT8RX X 2020-03-01,59.366299
TWHT8RX X 2020-03-02,44.586415
TWHT8RX X 2020-03-03,34.370347
TWHT8RX X 2020-03-04,38.855548
TWHT8RX X 2020-03-05,58.363651
TWHT8RX X 2020-03-06,33.401052
TWHT8RX X 2020-03-07,43.507308
TWHT8RX X 2020-03-08,39.612414
TWHT8RX X 2020-03-09,47.746730
TWHT8RX X 2020-03-10,41.419310
TWHT8RX X 2020-03-11,48.349466
TWHT8RX X 2020-03-12,46.017081
TWHT8RX X 2020-03-13,61.154013
TWHT8RX X 2020-03-14,36.649159
TWHT8RX X 2020-03-15,43.493370
TWHT8RX X 2020-03-16,38.568171
TWHT8RX X 2020-03-17,57.849901
TWHT8RX X 2020-03-18,72.575770
TWHT8RX X 2020-03-19,52.450507
TWHT8RX X 2020-03-20,73.347099
TWHT8RX X 2020-03-21,50.777517
TWHT8RX X 2020-03-22,57.484528
TWHT8RX X 2020-03-23,28.757329
TWHT8RX X 2020-03-24,26.111859
TWHT8RX X 2020-03-25,59.923843
TWHT8RX X 2020-03-26,42.268427
TWHT8RX X 2020-03-27,36.360892
TWHT8RX X 2020-03-28,50.103277
TWHT8RX X 2020-03-29,36.665240
TWHT8RX X 2020-03-30,31.432677
TWHT8RX X 2020-03-31,29.430861
TWHT8RX X 2020-04-01,53.217512
TWHT8RX X 2020-04-02,27.181803
TWHT8RX X 2020-04-03,39.855226
TWHT8RX X 2020-04-04,34.170849
TYDTLKI X 2020-01-02,26.003087
TYDTLKI X 2020-01-03,19.031966
TYDTLKI X 2020-01-04,17.051206
TYDTLKI X 2020-01-05,32.458504
TYDTLKI X 2020-01-06,23.826108
TYDTLKI X 2020-01-07,25.082231
TYDTLKI X 2020-01-08,21.483123
TYDTLKI X 2020-01-09,20.048520
TYDTLKI X 2020-01-10,31.450574
TYDTLKI X 2020-01-11,29.815119
TYDTLKI X 2020-01-12,21.708606
TYDTLKI X 2020-01-13,22.096269
TYDTLKI X 2020-01-14,21.425735
TYDTLKI X 2020-01-15,18.624597
TYDTLKI X 2020-01-16,24.199295
TYDTLKI X 2020-01-17,24.931972
TYDTLKI X 2020-01-18,42.474344
TYDTLKI X 2020-01-19,17.911904
TYDTLKI X 2020-01-20,21.122794
TYDTLKI X 2020-01-21,18.448288
TYDTLKI X 2020-01-22,18.236762
TYDTLKI X 2020-01-23,22.615255
TYDTLKI X 2020-01-24,23.904639
TYDTLKI X 2020-01-25,15.080990
TYDTLKI X 2020-01-26,16.465910
TYDTLKI X 2020-01-27,45.111188
TYDTLKI X 2020-01-28,33.020571
TYDTLKI X 2020-01-29,55.224963
TYDTLKI X 2020-01-30,43.730175
TYDTLKI X 2020-01-31,26.442172
TYDTLKI X 2020-02-01,30.779266
TYDTLKI X 2020-02-02,16.490343
TYDTLKI X 2020-02-03,17.233480
TYDTLKI X 2020-02-04,24.368266
TYDTLKI X 2020-02-05,24.227718
TYDTLKI X 2020-02-06,28.812769
TYDTLKI X 2020-02-07,33.345717
TYDTLKI X 2020-02-08,30.665055
TYDTLKI X 2020-02-09,36.953067
TYDTLKI X 2020-02-10,19.180942
TYDTLKI X 2020-02-11,17.249641
TYDTLKI X 2020-02-12,19.123468
TYDTLKI X 2020-02-13,36.027480
TYDTLKI X 2020-02-14,28.705103
TYDTLKI X 2020-02-19,24.014357
TYDTLKI X 2020-02-20,25.547906
TYDTLKI X 2020-02-21,37.639183
TYDTLKI X 2020-02-22,19.766478
TYDTLKI X 2020-02-23,18.055341
TYDTLKI X 2020-02-24,19.791296
TYDTLKI X 2020-02-25,58.807881
TYDTLKI X 2020-02-26,29.393424
TYDTLKI X 2020-02-27,23.047645
TYDTLKI X 2020-02-28,29.545263
TYDTLKI X 2020-02-29,26.366274
TYDTLKI X 2020-03-01,26.480746
TYDTLKI X 2020-03-02,21.246780
TYDTLKI X 2020-03-03,37.647583
TYDTLKI X 2020-03-04,32.428298
TYDTLKI X 2020-03-05,23.512225
TYDTLKI X 2020-03-06,22.987602
TYDTLKI X 2020-03-07,33.410709
TYDTLKI X 2020-03-08,39.750478
TYDTLKI X 2020-03-09,27.942291
TYDTLKI X 2020-03-10,25.760556
TYDTLKI X 2020-03-11,40.250956
TYDTLKI X 2020-03-12,28.487813
TYDTLKI X 2020-03-13,17.171275
TYDTLKI X 2020-03-14,27.179258
TYDTLKI X 2020-03-15,19.941575
TYDTLKI X 2020-03-16,22.984961
TYDTLKI X 2020-03-17,31.477060
TYDTLKI X 2020-03-18,29.389606
TYDTLKI X 2020-03-19,21.044616
TYDTLKI X 2020-03-20,30.039816
TYDTLKI X 2020-03-21,23.059310
TYDTLKI X 2020-03-22,41.644651
TYDTLKI X 2020-03-23,28.333873
TYDTLKI X 2020-03-24,21.332606
TYDTLKI X 2020-03-25,32.670619
TYDTLKI X 2020-03-26,37.415300
TYDTLKI X 2020-03-27,31.941354
TYDTLKI X 2020-03-28,25.711896
TYDTLKI X 2020-03-29,17.408552
TYDTLKI X 2020-03-30,27.500038
TYDTLKI X 2020-03-31,26.815592
TYDTLKI X 2020-04-01,25.392786
TYDTLKI X 2020-04-02,20.853289
TYDTLKI X 2020-04-03,18.780421
TYDTLKI X 2020-04-04,68.639806
UBIMBDJ X 2020-01-02,51.928222
UBIMBDJ X 2020-01-03,38.614762
UBIMBDJ X 2020-01-04,43.239869
UBIMBDJ X 2020-01-05,37.040425
UBIMBDJ X 2020-01-06,39.887448
UBIMBDJ X 2020-01-07,32.517177
UBIMBDJ X 2020-01-08,38.805856
UBIMBDJ X 2020-01-09,38.864754
UBIMBDJ X 2020-01-10,47.844992
UBIMBDJ X 2020-01-11,34.365435
UBIMBDJ X 2020-01-12,44.135717
UBIMBDJ X 2020-01-13,31.793810
UBIMBDJ X 2020-01-14,63.814802
UBIMBDJ X 2020-01-15,43.938608
UBIMBDJ X 2020-01-16,37.170529
UBIMBDJ X 2020-01-17,41.091325
UBIMBDJ X 2020-01-18,38.480794
UBIMBDJ X 2020-01-19,30.452643
UBIMBDJ X 2020-01-20,34.840440
UBIMBDJ X 2020-01-21,41.552476
UBIMBDJ X 2020-01-22,42.014302
UBIMBDJ X 2020-01-23,40.809762
UBIMBDJ X 2020-01-24,33.715406
UBIMBDJ X 2020-01-25,38.242881
UBIMBDJ X 2020-01-26,47.047347
UBIMBDJ X 2020-01-27,71.438107
UBIMBDJ X 2020-01-28,109.464914
UBIMBDJ X 2020-01-29,29.394933
UBIMBDJ X 2020-01-30,43.497939
UBIMBDJ X 2020-01-31,34.281024
UBIMBDJ X 2020-02-01,34.358006
UBIMBDJ X 2020-02-02,54.431672
UBIMBDJ X 2020-02-03,62.093230
UBIMBDJ X 2020-02-04,36.115147
UBIMBDJ X 2020-02-05,52.703764
UBIMBDJ X 2020-02-06,41.304639
UBIMBDJ X 2020-02-07,45.527214
UBIMBDJ X 2020-02-08,35.149323
UBIMBDJ X 2020-02-09,28.648780
UBIMBDJ X 2020-02-10,37.866172
UBIMBDJ X 2020-02-11,68.705543
UBIMBDJ X 2020-02-12,49.409717
UBIMBDJ X 2020-02-13,53.207390
UBIMBDJ X 2020-02-14,55.319683
UBIMBDJ X 2020-02-15,55.018435
UBIMBDJ X 2020-02-16,74.540280
UBIMBDJ X 2020-02-17,49.132767
UBIMBDJ X 2020-02-18,50.934206
UBIMBDJ X 2020-02-19,47.191468
UBIMBDJ X 2020-02-20,31.647321
UBIMBDJ X 2020-02-21,42.603260
UBIMBDJ X 2020-02-22,36.909897
UBIMBDJ X 2020-02-23,48.809168
UBIMBDJ X 2020-02-24,40.212488
UBIMBDJ X 2020-02-25,36.724004
UBIMBDJ X 2020-02-26,38.793008
UBIMBDJ X 2020-02-27,50.425531
UBIMBDJ X 2020-02-28,54.918152
UBIMBDJ X 2020-02-29,37.939374
UBIMBDJ X 2020-03-01,34.779247
UBIMBDJ X 2020-03-02,34.854519
UBIMBDJ X 2020-03-03,61.712738
UBIMBDJ X 2020-03-04,47.585201
UBIMBDJ X 2020-03-05,39.634431
UBIMBDJ X 2020-03-06,70.460766
UBIMBDJ X 2020-03-07,33.403758
UBIMBDJ X 2020-03-08,70.012771
UBIMBDJ X 2020-03-09,53.760766
UBIMBDJ X 2020-03-10,42.307974
UBIMBDJ X 2020-03-11,58.655539
UBIMBDJ X 2020-03-12,98.781175
UBIMBDJ X 2020-03-13,42.471472
UBIMBDJ X 2020-03-14,36.926351
UBIMBDJ X 2020-03-15,85.236373
UBIMBDJ X 2020-03-16,44.221239
UBIMBDJ X 2020-03-17,47.154971
UBIMBDJ X 2020-03-18,38.600524
UBIMBDJ X 2020-03-19,37.417841
UBIMBDJ X 2020-03-20,37.545225
UBIMBDJ X 2020-03-21,32.601365
UBIMBDJ X 2020-03-22,37.132806
UBIMBDJ X 2020-03-23,67.641923
UBIMBDJ X 2020-03-24,46.341967
UBIMBDJ X 2020-03-25,50.888249
UBIMBDJ X 2020-03-26,78.815508
UBIMBDJ X 2020-03-27,58.872362
UBIMBDJ X 2020-03-28,46.249478
UBIMBDJ X 2020-03-29,37.648026
UBIMBDJ X 2020-03-30,51.218183
UBIMBDJ X 2020-03-31,44.800294
UBIMBDJ X 2020-04-01,41.011958
UBIMBDJ X 2020-04-02,54.698431
UBIMBDJ X 2020-04-03,54.429843
UBIMBDJ X 2020-04-04,60.736815
UCDO92A X 2020-01-02,24.019855
UCDO92A X 2020-01-03,26.125440
UCDO92A X 2020-01-04,33.183525
UCDO92A X 2020-01-05,42.293734
UCDO92A X 2020-01-06,28.005286
UCDO92A X 2020-01-07,27.415070
UCDO92A X 2020-01-08,32.578070
UCDO92A X 2020-01-09,46.166481
UCDO92A X 2020-01-10,47.559218
UCDO92A X 2020-01-11,25.304500
UCDO92A X 2020-01-12,24.779168
UCDO92A X 2020-01-13,24.583950
UCDO92A X 2020-01-14,21.993258
UCDO92A X 2020-01-15,23.641323
UCDO92A X 2020-01-16,24.070054
UCDO92A X 2020-01-17,29.959845
UCDO92A X 2020-01-18,37.207811
UCDO92A X 2020-01-19,75.752037
UCDO92A X 2020-01-20,74.382810
UCDO92A X 2020-01-21,59.136016
UCDO92A X 2020-01-22,39.990041
UCDO92A X 2020-01-23,62.136152
UCDO92A X 2020-01-24,54.147877
UCDO92A X 2020-01-25,40.600481
UCDO92A X 2020-01-26,33.957582
UCDO92A X 2020-01-27,23.315175
UCDO92A X 2020-01-28,19.640889
UCDO92A X 2020-01-29,23.158128
UCDO92A X 2020-01-30,21.908099
UCDO92A X 2020-01-31,39.972364
UCDO92A X 2020-02-01,23.877208
UCDO92A X 2020-02-02,32.317671
UCDO92A X 2020-02-03,27.166415
UCDO92A X 2020-02-04,26.220692
UCDO92A X 2020-02-05,47.004542
UCDO92A X 2020-02-06,60.544185
UCDO92A X 2020-02-07,64.186237
UCDO92A X 2020-02-08,28.422779
UCDO92A X 2020-02-09,22.361868
UCDO92A X 2020-02-10,30.703401
UCDO92A X 2020-02-11,29.565702
UCDO92A X 2020-02-12,30.883903
UCDO92A X 2020-02-13,34.156940
UCDO92A X 2020-02-14,30.471566
UCDO92A X 2020-02-15,28.574467
UCDO92A X 2020-02-16,23.798457
UCDO92A X 2020-02-17,27.327145
UCDO92A X 2020-02-18,25.807250
UCDO92A X 2020-02-19,25.560411
UCDO92A X 2020-02-20,21.302922
UCDO92A X 2020-02-21,32.499814
UCDO92A X 2020-02-22,24.206811
UCDO92A X 2020-02-23,28.001472
UCDO92A X 2020-02-24,46.635466
UCDO92A X 2020-02-25,22.519388
UCDO92A X 2020-02-26,26.545278
UCDO92A X 2020-02-27,23.467220
UCDO92A X 2020-02-28,26.018845
UCDO92A X 2020-02-29,19.718615
UCDO92A X 2020-03-01,20.629889
UCDO92A X 2020-03-02,36.532611
UCDO92A X 2020-03-03,34.080811
UCDO92A X 2020-03-04,40.427177
UCDO92A X 2020-03-05,43.538389
UCDO92A X 2020-03-06,55.253852
UCDO92A X 2020-03-07,35.852056
UCDO92A X 2020-03-08,19.279017
UCDO92A X 2020-03-09,25.864835
UCDO92A X 2020-03-10,20.686228
UCDO92A X 2020-03-11,24.858800
UCDO92A X 2020-03-12,22.301250
UCDO92A X 2020-03-13,24.006398
UCDO92A X 2020-03-14,46.856679
UCDO92A X 2020-03-15,23.271492
UCDO92A X 2020-03-16,29.831572
UCDO92A X 2020-03-17,24.659666
UCDO92A X 2020-03-18,19.041345
UCDO92A X 2020-03-19,52.269621
UCDO92A X 2020-03-20,33.358388
UCDO92A X 2020-03-21,38.127918
UCDO92A X 2020-03-22,41.742644
UCDO92A X 2020-03-23,62.914508
UCDO92A X 2020-03-24,54.261471
UCDO92A X 2020-03-25,46.113156
UCDO92A X 2020-03-26,70.304497
UCDO92A X 2020-03-27,55.225820
UCDO92A X 2020-03-28,25.941107
UCDO92A X 2020-03-29,27.694728
UCDO92A X 2020-03-30,31.864776
UCDO92A X 2020-03-31,24.874876
UCDO92A X 2020-04-01,25.845422
UCDO92A X 2020-04-02,24.131525
UCDO92A X 2020-04-03,26.697065
UCDO92A X 2020-04-04,39.983643
UZ352TT X 2020-01-02,67.459687
UZ352TT X 2020-01-03,22.104197
UZ352TT X 2020-01-04,39.914671
UZ352TT X 2020-01-05,33.231176
UZ352TT X 2020-01-06,44.949643
UZ352TT X 2020-01-07,44.331937
UZ352TT X 2020-01-08,27.187148
UZ352TT X 2020-01-09,15.734430
UZ352TT X 2020-01-10,29.058702
UZ352TT X 2020-01-11,44.955812
UZ352TT X 2020-01-12,27.240032
UZ352TT X 2020-01-13,37.389499
UZ352TT X 2020-01-14,18.346118
UZ352TT X 2020-01-15,21.662019
UZ352TT X 2020-01-16,43.886123
UZ352TT X 2020-01-17,20.949484
UZ352TT X 2020-01-18,31.935944
UZ352TT X 2020-01-19,54.942397
UZ352TT X 2020-01-20,75.420443
UZ352TT X 2020-01-21,79.949401
UZ352TT X 2020-01-22,92.959778
UZ352TT X 2020-01-23,62.296942
UZ352TT X 2020-01-24,74.194119
UZ352TT X 2020-01-25,85.698019
UZ352TT X 2020-01-26,58.431426
UZ352TT X 2020-01-27,25.433960
UZ352TT X 2020-01-28,18.128442
UZ352TT X 2020-01-29,33.719861
UZ352TT X 2020-01-30,29.718149
UZ352TT X 2020-01-31,25.490483
UZ352TT X 2020-02-01,21.906311
UZ352TT X 2020-02-02,23.572713
UZ352TT X 2020-02-03,30.065255
UZ352TT X 2020-02-04,31.719139
UZ352TT X 2020-02-05,61.663898
UZ352TT X 2020-02-06,74.011915
UZ352TT X 2020-02-07,77.079671
UZ352TT X 2020-02-08,52.045865
UZ352TT X 2020-02-09,31.379663
UZ352TT X 2020-02-10,22.196242
UZ352TT X 2020-02-11,26.799039
UZ352TT X 2020-02-12,25.704606
UZ352TT X 2020-02-13,41.096087
UZ352TT X 2020-02-14,36.038403
UZ352TT X 2020-02-15,23.958493
UZ352TT X 2020-02-16,19.055457
UZ352TT X 2020-02-17,21.298479
UZ352TT X 2020-02-18,21.160747
UZ352TT X 2020-02-19,22.742738
UZ352TT X 2020-02-20,19.873812
UZ352TT X 2020-02-21,24.502403
UZ352TT X 2020-02-22,18.763306
UZ352TT X 2020-02-23,13.659812
UZ352TT X 2020-02-24,25.125550
UZ352TT X 2020-02-25,17.043795
UZ352TT X 2020-02-26,24.474052
UZ352TT X 2020-02-27,27.629049
UZ352TT X 2020-02-28,42.225882
UZ352TT X 2020-02-29,27.574512
UZ352TT X 2020-03-01,22.321666
UZ352TT X 2020-03-02,26.774399
UZ352TT X 2020-03-03,29.698658
UZ352TT X 2020-03-04,36.984056
UZ352TT X 2020-03-05,28.810009
UZ352TT X 2020-03-06,47.890447
UZ352TT X 2020-03-07,42.137734
UZ352TT X 2020-03-08,32.726488
UZ352TT X 2020-03-09,30.229759
UZ352TT X 2020-03-10,25.648587
UZ352TT X 2020-03-11,26.009516
UZ352TT X 2020-03-12,25.181406
UZ352TT X 2020-03-13,31.308378
UZ352TT X 2020-03-14,44.020320
UZ352TT X 2020-03-15,30.067340
UZ352TT X 2020-03-16,69.765500
UZ352TT X 2020-03-17,57.649976
UZ352TT X 2020-03-18,59.801437
UZ352TT X 2020-03-19,63.135937
UZ352TT X 2020-03-20,63.922185
UZ352TT X 2020-03-21,32.019446
UZ352TT X 2020-03-22,29.869607
UZ352TT X 2020-03-23,33.972142
UZ352TT X 2020-03-24,49.148241
UZ352TT X 2020-03-25,54.668114
UZ352TT X 2020-03-26,55.538332
UZ352TT X 2020-03-27,79.907942
UZ352TT X 2020-03-28,86.344340
UZ352TT X 2020-03-29,21.669846
UZ352TT X 2020-03-30,28.106968
UZ352TT X 2020-03-31,58.262601
UZ352TT X 2020-04-01,60.639099
UZ352TT X 2020-04-02,59.499992
UZ352TT X 2020-04-03,34.703296
UZ352TT X 2020-04-04,42.724813
VKB6NUF X 2020-01-02,121.904462
VKB6NUF X 2020-01-03,65.392792
VKB6NUF X 2020-01-04,118.964374
VKB6NUF X 2020-01-05,119.470196
VKB6NUF X 2020-01-06,109.638352
VKB6NUF X 2020-01-07,123.708259
VKB6NUF X 2020-01-08,123.040132
VKB6NUF X 2020-01-09,124.884784
VKB6NUF X 2020-01-10,93.680044
VKB6NUF X 2020-01-11,127.734553
VKB6NUF X 2020-01-12,117.739053
VKB6NUF X 2020-01-13,130.852377
VKB6NUF X 2020-01-14,105.035603
VKB6NUF X 2020-01-15,87.502098
VKB6NUF X 2020-01-16,108.849762
VKB6NUF X 2020-01-17,134.104442
VKB6NUF X 2020-01-18,110.720127
VKB6NUF X 2020-01-19,116.653774
VKB6NUF X 2020-01-20,54.380743
VKB6NUF X 2020-01-21,126.721631
VKB6NUF X 2020-01-22,99.317443
VKB6NUF X 2020-01-23,124.212224
VKB6NUF X 2020-01-24,135.374656
VKB6NUF X 2020-01-25,102.823484
VKB6NUF X 2020-01-26,98.222226
VKB6NUF X 2020-01-27,135.357221
VKB6NUF X 2020-01-28,87.769057
VKB6NUF X 2020-01-29,94.138472
VKB6NUF X 2020-01-30,112.816563
VKB6NUF X 2020-01-31,119.901980
VKB6NUF X 2020-02-01,105.905813
VKB6NUF X 2020-02-02,88.321476
VKB6NUF X 2020-02-03,77.668037
VKB6NUF X 2020-02-04,42.653242
VKB6NUF X 2020-02-05,33.230630
VKB6NUF X 2020-02-06,103.353671
VKB6NUF X 2020-02-07,102.829022
VKB6NUF X 2020-02-08,111.644198
VKB6NUF X 2020-02-09,111.283389
VKB6NUF X 2020-02-10,86.878762
VKB6NUF X 2020-02-11,70.279556
VKB6NUF X 2020-02-12,47.898136
VKB6NUF X 2020-02-13,96.458603
VKB6NUF X 2020-02-14,80.247401
VKB6NUF X 2020-02-15,97.853988
VKB6NUF X 2020-02-16,88.452021
VKB6NUF X 2020-02-17,84.488015
VKB6NUF X 2020-02-18,84.093111
VKB6NUF X 2020-02-19,78.764855
VKB6NUF X 2020-02-20,79.859332
VKB6NUF X 2020-02-21,102.061421
VKB6NUF X 2020-02-22,82.208514
VKB6NUF X 2020-02-23,76.115964
VKB6NUF X 2020-02-24,37.263843
VKB6NUF X 2020-02-25,68.352561
VKB6NUF X 2020-02-26,71.285655
VKB6NUF X 2020-02-27,44.586687
VKB6NUF X 2020-02-28,34.165638
VKB6NUF X 2020-02-29,52.399423
VKB6NUF X 2020-03-03,47.666349
VKB6NUF X 2020-03-04,75.485644
VKB6NUF X 2020-03-05,54.842978
VKB6NUF X 2020-03-06,57.519944
VKB6NUF X 2020-03-07,72.891108
VKB6NUF X 2020-03-08,73.442841
VKB6NUF X 2020-03-09,82.072663
VKB6NUF X 2020-03-10,59.132038
VKB6NUF X 2020-03-11,76.115226
VKB6NUF X 2020-03-12,66.784358
VKB6NUF X 2020-03-13,50.244049
VKB6NUF X 2020-03-14,53.135362
VKB6NUF X 2020-03-15,55.987854
VKB6NUF X 2020-03-16,70.590261
VKB6NUF X 2020-03-17,80.628091
VKB6NUF X 2020-03-18,81.906948
VKB6NUF X 2020-03-19,86.975587
VKB6NUF X 2020-03-20,68.383026
VKB6NUF X 2020-03-21,65.072054
VKB6NUF X 2020-03-22,43.456996
VKB6NUF X 2020-03-23,44.444187
VKB6NUF X 2020-03-24,66.568537
VKB6NUF X 2020-03-25,60.174135
VKB6NUF X 2020-03-26,56.485448
VKB6NUF X 2020-03-27,70.084085
VKB6NUF X 2020-03-28,66.412660
VKB6NUF X 2020-03-29,67.968984
VKB6NUF X 2020-03-30,46.034553
VKB6NUF X 2020-03-31,27.360824
VKB6NUF X 2020-04-01,55.187456
VKB6NUF X 2020-04-02,65.450770
VKB6NUF X 2020-04-03,72.767909
VPGKX7K X 2020-01-02,160.216164
VPGKX7K X 2020-01-03,92.314397
VPGKX7K X 2020-01-04,122.355229
VPGKX7K X 2020-01-05,36.168212
VPGKX7K X 2020-01-06,31.104450
VPGKX7K X 2020-01-07,37.477972
VPGKX7K X 2020-01-08,110.413679
VPGKX7K X 2020-01-09,68.876849
VPGKX7K X 2020-01-10,139.232615
VPGKX7K X 2020-01-11,198.272999
VPGKX7K X 2020-01-12,110.094205
VPGKX7K X 2020-01-13,168.721783
VPGKX7K X 2020-01-14,110.842554
VPGKX7K X 2020-01-15,148.024276
VPGKX7K X 2020-01-16,65.957968
VPGKX7K X 2020-01-17,147.281852
VPGKX7K X 2020-01-18,183.338233
VPGKX7K X 2020-01-19,121.432499
VPGKX7K X 2020-01-20,156.833492
VPGKX7K X 2020-01-21,80.543077
VPGKX7K X 2020-01-22,102.877652
VPGKX7K X 2020-01-23,94.756016
VPGKX7K X 2020-01-24,38.212044
VPGKX7K X 2020-01-25,117.596044
VPGKX7K X 2020-01-26,66.903726
VPGKX7K X 2020-01-27,108.320578
VPGKX7K X 2020-01-28,83.372968
VPGKX7K X 2020-01-29,83.721774
VPGKX7K X 2020-01-30,76.630557
VPGKX7K X 2020-01-31,108.556981
VPGKX7K X 2020-02-01,125.270258
VPGKX7K X 2020-02-02,60.834274
VPGKX7K X 2020-02-03,117.822612
VPGKX7K X 2020-02-04,101.752574
VPGKX7K X 2020-02-05,74.087665
VPGKX7K X 2020-02-06,80.086442
VPGKX7K X 2020-02-07,137.150098
VPGKX7K X 2020-02-08,115.225188
VPGKX7K X 2020-02-09,152.756169
VPGKX7K X 2020-02-10,150.093377
VPGKX7K X 2020-02-11,97.384156
VPGKX7K X 2020-02-12,79.530909
VPGKX7K X 2020-02-13,102.700639
VPGKX7K X 2020-02-14,48.691302
VPGKX7K X 2020-02-15,48.116717
VPGKX7K X 2020-02-16,87.608492
VPGKX7K X 2020-02-17,68.560817
VPGKX7K X 2020-02-18,98.366854
VPGKX7K X 2020-02-19,88.119875
VPGKX7K X 2020-02-20,90.449235
VPGKX7K X 2020-02-21,39.557414
VPGKX7K X 2020-02-22,46.456044
VPGKX7K X 2020-02-23,88.754870
VPGKX7K X 2020-02-24,80.631298
VPGKX7K X 2020-02-25,42.694015
VPGKX7K X 2020-02-26,107.316008
VPGKX7K X 2020-02-27,99.775563
VPGKX7K X 2020-02-28,62.929035
VPGKX7K X 2020-02-29,47.972270
VPGKX7K X 2020-03-01,88.672788
VPGKX7K X 2020-03-02,130.665108
VPGKX7K X 2020-03-03,129.770735
VPGKX7K X 2020-03-04,115.670865
VPGKX7K X 2020-03-05,72.641828
VPGKX7K X 2020-03-06,39.115190
VPGKX7K X 2020-03-07,92.145556
VPGKX7K X 2020-03-08,71.113216
VPGKX7K X 2020-03-09,48.574679
VPGKX7K X 2020-03-10,74.894349
VPGKX7K X 2020-03-11,82.723794
VPGKX7K X 2020-03-12,92.091335
VPGKX7K X 2020-03-13,72.032960
VPGKX7K X 2020-03-14,131.149325
VPGKX7K X 2020-03-15,110.759011
VPGKX7K X 2020-03-16,59.008607
VPGKX7K X 2020-03-17,121.406654
VPGKX7K X 2020-03-18,107.934007
VPGKX7K X 2020-03-19,49.994409
VPGKX7K X 2020-03-20,99.980239
VPGKX7K X 2020-03-21,105.006045
VPGKX7K X 2020-03-22,67.875409
VPGKX7K X 2020-03-23,121.845913
VPGKX7K X 2020-03-24,104.751524
VPGKX7K X 2020-03-25,35.012630
VPGKX7K X 2020-03-26,45.665028
VPGKX7K X 2020-03-27,63.441392
VPGKX7K X 2020-03-28,65.916615
VPGKX7K X 2020-03-29,48.025840
VPGKX7K X 2020-03-30,85.331926
VPGKX7K X 2020-03-31,84.221151
VPGKX7K X 2020-04-01,60.149906
VPGKX7K X 2020-04-02,76.548663
VPGKX7K X 2020-04-03,61.239694
VPGKX7K X 2020-04-04,33.523036
VV7SGFI X 2020-01-02,41.459874
VV7SGFI X 2020-01-03,52.342593
VV7SGFI X 2020-01-04,41.063622
VV7SGFI X 2020-01-05,44.461466
VV7SGFI X 2020-01-06,43.027860
VV7SGFI X 2020-01-07,47.985507
VV7SGFI X 2020-01-08,43.962615
VV7SGFI X 2020-01-09,47.269047
VV7SGFI X 2020-01-10,38.975131
VV7SGFI X 2020-01-11,43.681828
VV7SGFI X 2020-01-12,59.193431
VV7SGFI X 2020-01-13,45.854265
VV7SGFI X 2020-01-14,42.225508
VV7SGFI X 2020-01-15,34.496328
VV7SGFI X 2020-01-16,57.292078
VV7SGFI X 2020-01-17,94.069530
VV7SGFI X 2020-01-18,61.541317
VV7SGFI X 2020-01-19,39.514677
VV7SGFI X 2020-01-20,51.693526
VV7SGFI X 2020-01-21,52.467194
VV7SGFI X 2020-01-22,58.254302
VV7SGFI X 2020-01-23,74.087323
VV7SGFI X 2020-01-24,58.682996
VV7SGFI X 2020-01-25,57.205333
VV7SGFI X 2020-01-26,54.370474
VV7SGFI X 2020-01-27,36.278955
VV7SGFI X 2020-01-28,44.676401
VV7SGFI X 2020-01-29,35.446446
VV7SGFI X 2020-01-30,45.030746
VV7SGFI X 2020-01-31,33.128630
VV7SGFI X 2020-02-01,31.402931
VV7SGFI X 2020-02-02,60.251238
VV7SGFI X 2020-02-03,105.216692
VV7SGFI X 2020-02-04,78.629937
VV7SGFI X 2020-02-05,43.818185
VV7SGFI X 2020-02-06,54.091321
VV7SGFI X 2020-02-07,63.984530
VV7SGFI X 2020-02-08,53.569684
VV7SGFI X 2020-02-09,44.947399
VV7SGFI X 2020-02-10,32.951673
VV7SGFI X 2020-02-11,43.146070
VV7SGFI X 2020-02-12,51.180710
VV7SGFI X 2020-02-13,38.906225
VV7SGFI X 2020-02-14,122.361233
VV7SGFI X 2020-02-15,51.080013
VV7SGFI X 2020-02-16,44.493317
VV7SGFI X 2020-02-17,28.446782
VV7SGFI X 2020-02-18,59.891484
VV7SGFI X 2020-02-19,50.258232
VV7SGFI X 2020-02-20,65.938024
VV7SGFI X 2020-02-21,44.730586
VV7SGFI X 2020-02-22,44.521677
VV7SGFI X 2020-02-23,32.463480
VV7SGFI X 2020-02-24,45.566329
VV7SGFI X 2020-02-25,79.159620
VV7SGFI X 2020-02-26,38.435235
VV7SGFI X 2020-02-27,31.327167
VV7SGFI X 2020-02-28,50.193124
VV7SGFI X 2020-02-29,49.379854
VV7SGFI X 2020-03-01,84.483190
VV7SGFI X 2020-03-02,48.358909
VV7SGFI X 2020-03-03,48.967230
VV7SGFI X 2020-03-04,42.799857
VV7SGFI X 2020-03-05,39.351434
VV7SGFI X 2020-03-06,67.380750
VV7SGFI X 2020-03-07,57.091071
VV7SGFI X 2020-03-08,42.343091
VV7SGFI X 2020-03-09,62.205225
VV7SGFI X 2020-03-10,42.104395
VV7SGFI X 2020-03-11,37.462819
VV7SGFI X 2020-03-12,53.767341
VV7SGFI X 2020-03-13,49.548627
VV7SGFI X 2020-03-14,47.888762
VV7SGFI X 2020-03-15,52.529347
VV7SGFI X 2020-03-16,31.215488
VV7SGFI X 2020-03-17,54.697000
VV7SGFI X 2020-03-18,46.977876
VV7SGFI X 2020-03-19,62.334286
VV7SGFI X 2020-03-20,28.828865
VV7SGFI X 2020-03-21,44.148340
VV7SGFI X 2020-03-22,55.669242
VV7SGFI X 2020-03-23,61.814804
VV7SGFI X 2020-03-24,55.522443
VV7SGFI X 2020-03-25,53.727851
VV7SGFI X 2020-03-26,77.282762
VV7SGFI X 2020-03-27,44.468437
VV7SGFI X 2020-03-28,36.330882
VV7SGFI X 2020-03-29,41.703671
VV7SGFI X 2020-03-30,44.435623
VV7SGFI X 2020-03-31,48.830976
VV7SGFI X 2020-04-01,31.179680
VV7SGFI X 2020-04-02,53.372769
VV7SGFI X 2020-04-03,56.057401
VV7SGFI X 2020-04-04,61.553127
VVLT5KL X 2020-01-02,88.748817
VVLT5KL X 2020-01-03,77.530270
VVLT5KL X 2020-01-04,47.804452
VVLT5KL X 2020-01-05,37.691918
VVLT5KL X 2020-01-06,83.165841
VVLT5KL X 2020-01-07,77.039300
VVLT5KL X 2020-01-08,82.678190
VVLT5KL X 2020-01-09,61.171546
VVLT5KL X 2020-01-10,90.700776
VVLT5KL X 2020-01-11,75.387892
VVLT5KL X 2020-01-12,76.243608
VVLT5KL X 2020-01-13,61.950475
VVLT5KL X 2020-01-14,49.458712
VVLT5KL X 2020-01-15,79.294417
VVLT5KL X 2020-01-16,102.909216
VVLT5KL X 2020-01-17,87.774778
VVLT5KL X 2020-01-18,65.844553
VVLT5KL X 2020-01-19,60.368036
VVLT5KL X 2020-01-20,49.506507
VVLT5KL X 2020-01-21,89.914164
VVLT5KL X 2020-01-22,80.907034
VVLT5KL X 2020-01-23,66.401262
VVLT5KL X 2020-01-24,79.149849
VVLT5KL X 2020-01-25,87.332261
VVLT5KL X 2020-01-26,79.220536
VVLT5KL X 2020-01-27,90.653747
VVLT5KL X 2020-01-28,56.627933
VVLT5KL X 2020-01-29,40.986446
VVLT5KL X 2020-01-30,56.221579
VVLT5KL X 2020-01-31,94.426822
VVLT5KL X 2020-02-01,63.938120
VVLT5KL X 2020-02-02,31.502280
VVLT5KL X 2020-02-03,42.509332
VVLT5KL X 2020-02-04,37.393437
VVLT5KL X 2020-02-05,20.890382
VVLT5KL X 2020-02-06,32.803741
VVLT5KL X 2020-02-07,35.896146
VVLT5KL X 2020-02-08,72.576156
VVLT5KL X 2020-02-09,83.569140
VVLT5KL X 2020-02-10,38.006488
VVLT5KL X 2020-02-11,25.504425
VVLT5KL X 2020-02-12,31.848181
VVLT5KL X 2020-02-13,64.514185
VVLT5KL X 2020-02-14,35.314147
VVLT5KL X 2020-02-15,62.432310
VVLT5KL X 2020-02-16,48.324139
VVLT5KL X 2020-02-17,42.315315
VVLT5KL X 2020-02-18,33.776608
VVLT5KL X 2020-02-19,38.530222
VVLT5KL X 2020-02-20,55.848660
VVLT5KL X 2020-02-21,41.834733
VVLT5KL X 2020-02-22,68.214423
VVLT5KL X 2020-02-23,32.181581
VVLT5KL X 2020-02-24,28.301573
VVLT5KL X 2020-02-25,39.222750
VVLT5KL X 2020-02-26,36.920653
VVLT5KL X 2020-02-27,42.747070
VVLT5KL X 2020-02-28,42.882955
VVLT5KL X 2020-02-29,72.448657
VVLT5KL X 2020-03-01,40.088425
VVLT5KL X 2020-03-02,34.579856
VVLT5KL X 2020-03-03,48.060851
VVLT5KL X 2020-03-04,36.752734
VVLT5KL X 2020-03-05,51.166181
VVLT5KL X 2020-03-06,50.649871
VVLT5KL X 2020-03-07,37.647272
VVLT5KL X 2020-03-08,41.831536
VVLT5KL X 2020-03-09,72.797556
VVLT5KL X 2020-03-10,46.978966
VVLT5KL X 2020-03-11,41.847437
VVLT5KL X 2020-03-12,39.989305
VVLT5KL X 2020-03-13,39.682718
VVLT5KL X 2020-03-14,42.845966
VVLT5KL X 2020-03-15,61.472235
VVLT5KL X 2020-03-16,40.332538
VVLT5KL X 2020-03-17,57.785216
VVLT5KL X 2020-03-18,81.116729
VVLT5KL X 2020-03-19,62.098743
VVLT5KL X 2020-03-20,59.776524
VVLT5KL X 2020-03-21,43.340696
VVLT5KL X 2020-03-22,33.616290
VVLT5KL X 2020-03-23,41.298317
VVLT5KL X 2020-03-24,56.133307
VVLT5KL X 2020-03-25,52.172504
VVLT5KL X 2020-03-26,81.128517
VVLT5KL X 2020-03-27,62.425245
VVLT5KL X 2020-03-28,66.794881
VVLT5KL X 2020-03-29,46.801103
VVLT5KL X 2020-03-30,25.368357
VVLT5KL X 2020-03-31,65.787405
VVNQR8W X 2020-01-02,84.019242
VVNQR8W X 2020-01-03,71.761518
VVNQR8W X 2020-01-04,105.807263
VVNQR8W X 2020-01-05,89.013694
VVNQR8W X 2020-01-06,57.534376
VVNQR8W X 2020-01-07,104.450036
VVNQR8W X 2020-01-08,43.071944
VVNQR8W X 2020-01-09,81.481034
VVNQR8W X 2020-01-10,95.155373
VVNQR8W X 2020-01-11,97.086853
VVNQR8W X 2020-01-12,122.592122
VVNQR8W X 2020-01-13,122.864353
VVNQR8W X 2020-01-14,100.333776
VVNQR8W X 2020-01-15,89.714266
VVNQR8W X 2020-01-16,104.448996
VVNQR8W X 2020-01-17,107.713610
VVNQR8W X 2020-01-18,121.798341
VVNQR8W X 2020-01-19,111.827070
VVNQR8W X 2020-01-20,110.583659
VVNQR8W X 2020-01-21,102.564143
VVNQR8W X 2020-01-22,108.058532
VVNQR8W X 2020-01-23,78.135265
VVNQR8W X 2020-01-24,68.095773
VVNQR8W X 2020-01-25,96.993587
VVNQR8W X 2020-01-26,108.985956
VVNQR8W X 2020-01-27,102.121042
VVNQR8W X 2020-01-28,107.869454
VVNQR8W X 2020-01-29,98.616174
VVNQR8W X 2020-01-30,77.734439
VVNQR8W X 2020-01-31,103.962187
VVNQR8W X 2020-02-01,112.916742
VVNQR8W X 2020-02-02,90.877090
VVNQR8W X 2020-02-03,114.693516
VVNQR8W X 2020-02-04,76.023388
VVNQR8W X 2020-02-05,104.716968
VVNQR8W X 2020-02-06,60.323353
VVNQR8W X 2020-02-07,108.437234
VVNQR8W X 2020-02-08,85.225189
VVNQR8W X 2020-02-09,81.497276
VVNQR8W X 2020-02-10,78.605008
VVNQR8W X 2020-02-11,76.454302
VVNQR8W X 2020-02-12,78.548114
VVNQR8W X 2020-02-13,70.038188
VVNQR8W X 2020-02-14,112.567519
VVNQR8W X 2020-02-15,48.778864
VVNQR8W X 2020-02-16,70.674163
VVNQR8W X 2020-02-17,115.569778
VVNQR8W X 2020-02-18,118.195888
VVNQR8W X 2020-02-19,79.047714
VVNQR8W X 2020-02-20,83.283197
VVNQR8W X 2020-02-21,64.932623
VVNQR8W X 2020-02-22,93.604065
VVNQR8W X 2020-02-23,76.721144
VVNQR8W X 2020-02-24,85.562784
VVNQR8W X 2020-02-25,101.853131
VVNQR8W X 2020-02-26,65.966377
VVNQR8W X 2020-02-27,61.533853
VVNQR8W X 2020-02-28,67.853828
VVNQR8W X 2020-02-29,78.906689
VVNQR8W X 2020-03-01,60.569220
VVNQR8W X 2020-03-02,74.155136
VVNQR8W X 2020-03-03,78.096274
VVNQR8W X 2020-03-04,95.366959
VVNQR8W X 2020-03-05,116.700354
VVNQR8W X 2020-03-06,89.199919
VVNQR8W X 2020-03-07,84.354534
VVNQR8W X 2020-03-08,105.352754
VVNQR8W X 2020-03-09,55.936679
VVNQR8W X 2020-03-10,74.727396
VVNQR8W X 2020-03-11,97.867212
VVNQR8W X 2020-03-12,73.738414
VVNQR8W X 2020-03-13,70.546892
VVNQR8W X 2020-03-14,77.022849
VVNQR8W X 2020-03-15,82.223095
VVNQR8W X 2020-03-16,93.283151
VVNQR8W X 2020-03-17,78.478442
VVNQR8W X 2020-03-18,92.414218
VVNQR8W X 2020-03-19,117.362347
VVNQR8W X 2020-03-20,100.931325
VVNQR8W X 2020-03-21,118.969877
VVNQR8W X 2020-03-22,121.108671
VVNQR8W X 2020-03-23,99.683508
VVNQR8W X 2020-03-24,119.386931
VVNQR8W X 2020-03-25,112.439317
VVNQR8W X 2020-03-26,81.358750
VVNQR8W X 2020-03-27,79.448881
VVNQR8W X 2020-03-28,58.070434
VVNQR8W X 2020-03-29,61.499329
VVNQR8W X 2020-03-30,84.723783
VVNQR8W X 2020-03-31,64.857640
VVNQR8W X 2020-04-01,71.957817
VVNQR8W X 2020-04-02,71.516792
VVNQR8W X 2020-04-03,55.798050
VVNQR8W X 2020-04-04,26.942159
VY4FGU0 X 2020-01-02,82.223463
VY4FGU0 X 2020-01-03,147.251809
VY4FGU0 X 2020-01-04,154.270115
VY4FGU0 X 2020-01-05,102.016690
VY4FGU0 X 2020-01-06,81.631675
VY4FGU0 X 2020-01-07,129.268960
VY4FGU0 X 2020-01-08,106.758533
VY4FGU0 X 2020-01-09,86.203392
VY4FGU0 X 2020-01-10,137.117710
VY4FGU0 X 2020-01-11,157.524425
VY4FGU0 X 2020-01-12,113.173270
VY4FGU0 X 2020-01-13,78.419048
VY4FGU0 X 2020-01-14,137.529713
VY4FGU0 X 2020-01-15,121.136290
VY4FGU0 X 2020-01-16,154.606177
VY4FGU0 X 2020-01-17,116.286831
VY4FGU0 X 2020-01-18,72.393097
VY4FGU0 X 2020-01-19,89.568553
VY4FGU0 X 2020-01-20,80.951229
VY4FGU0 X 2020-01-21,89.547131
VY4FGU0 X 2020-01-22,79.265429
VY4FGU0 X 2020-01-23,125.295325
VY4FGU0 X 2020-01-24,120.021212
VY4FGU0 X 2020-01-25,72.948154
VY4FGU0 X 2020-01-26,61.121706
VY4FGU0 X 2020-01-27,69.125579
VY4FGU0 X 2020-01-28,65.625368
VY4FGU0 X 2020-01-29,85.247782
VY4FGU0 X 2020-01-30,104.364495
VY4FGU0 X 2020-01-31,94.926950
VY4FGU0 X 2020-02-01,101.970689
VY4FGU0 X 2020-02-02,65.436325
VY4FGU0 X 2020-02-03,79.292075
VY4FGU0 X 2020-02-04,73.634556
VY4FGU0 X 2020-02-05,59.207111
VY4FGU0 X 2020-02-06,59.067642
VY4FGU0 X 2020-02-07,66.945653
VY4FGU0 X 2020-02-08,60.779798
VY4FGU0 X 2020-02-09,80.187421
VY4FGU0 X 2020-02-10,77.239996
VY4FGU0 X 2020-02-11,76.526516
VY4FGU0 X 2020-02-12,76.001468
VY4FGU0 X 2020-02-13,67.823540
VY4FGU0 X 2020-02-14,71.242069
VY4FGU0 X 2020-02-15,59.691966
VY4FGU0 X 2020-02-16,31.563239
VY4FGU0 X 2020-02-17,64.148762
VY4FGU0 X 2020-02-18,64.563696
VY4FGU0 X 2020-02-19,87.894959
VY4FGU0 X 2020-02-20,117.123646
VY4FGU0 X 2020-02-21,113.537823
VY4FGU0 X 2020-02-22,89.670512
VY4FGU0 X 2020-02-23,101.725841
VY4FGU0 X 2020-02-24,87.659853
VY4FGU0 X 2020-02-25,79.603087
VY4FGU0 X 2020-02-26,106.973427
VY4FGU0 X 2020-02-27,74.786558
VY4FGU0 X 2020-02-28,104.682317
VY4FGU0 X 2020-02-29,96.533829
VY4FGU0 X 2020-03-01,76.444529
VY4FGU0 X 2020-03-02,67.093880
VY4FGU0 X 2020-03-03,86.357405
VY4FGU0 X 2020-03-04,66.396143
VY4FGU0 X 2020-03-05,60.481980
VY4FGU0 X 2020-03-06,85.311833
VY4FGU0 X 2020-03-07,71.794797
VY4FGU0 X 2020-03-08,70.124176
VY4FGU0 X 2020-03-09,57.591808
VY4FGU0 X 2020-03-10,109.388464
VY4FGU0 X 2020-03-11,79.247844
VY4FGU0 X 2020-03-12,88.409841
VY4FGU0 X 2020-03-13,77.446557
VY4FGU0 X 2020-03-14,86.365835
VY4FGU0 X 2020-03-15,84.926321
VY4FGU0 X 2020-03-16,100.294987
VY4FGU0 X 2020-03-17,81.588600
VY4FGU0 X 2020-03-18,94.911339
VY4FGU0 X 2020-03-19,88.026046
VY4FGU0 X 2020-03-20,74.904980
VY4FGU0 X 2020-03-21,67.643658
VY4FGU0 X 2020-03-22,85.794270
VY4FGU0 X 2020-03-23,83.427989
VY4FGU0 X 2020-03-24,99.337865
VY4FGU0 X 2020-03-25,82.337045
VY4FGU0 X 2020-03-26,71.104661
VY4FGU0 X 2020-03-27,71.448040
VY4FGU0 X 2020-03-28,63.749783
VY4FGU0 X 2020-03-29,63.512632
VY4FGU0 X 2020-03-30,48.744381
VY4FGU0 X 2020-03-31,55.059999
VY4FGU0 X 2020-04-01,48.326421
VY4FGU0 X 2020-04-02,76.753772
VY4FGU0 X 2020-04-03,71.505917
VY4FGU0 X 2020-04-04,44.058498
W36JZQN X 2020-01-02,30.439609
W36JZQN X 2020-01-03,25.301963
W36JZQN X 2020-01-04,33.986350
W36JZQN X 2020-01-05,48.134919
W36JZQN X 2020-01-06,29.429146
W36JZQN X 2020-01-07,31.849143
W36JZQN X 2020-01-08,34.518376
W36JZQN X 2020-01-09,45.622008
W36JZQN X 2020-01-10,49.779778
W36JZQN X 2020-01-11,24.443291
W36JZQN X 2020-01-12,22.383205
W36JZQN X 2020-01-13,25.689283
W36JZQN X 2020-01-14,29.823390
W36JZQN X 2020-01-15,27.095281
W36JZQN X 2020-01-16,28.834905
W36JZQN X 2020-01-17,37.935123
W36JZQN X 2020-01-18,47.234819
W36JZQN X 2020-01-19,65.605319
W36JZQN X 2020-01-20,71.419282
W36JZQN X 2020-01-21,51.270280
W36JZQN X 2020-01-22,41.340241
W36JZQN X 2020-01-23,66.068077
W36JZQN X 2020-01-24,41.163397
W36JZQN X 2020-01-25,42.826319
W36JZQN X 2020-01-26,39.829806
W36JZQN X 2020-01-27,33.309708
W36JZQN X 2020-01-28,20.577943
W36JZQN X 2020-01-29,21.363871
W36JZQN X 2020-01-30,27.073571
W36JZQN X 2020-01-31,34.739847
W36JZQN X 2020-02-01,21.160959
W36JZQN X 2020-02-02,39.461613
W36JZQN X 2020-02-03,24.971446
W36JZQN X 2020-02-04,31.429271
W36JZQN X 2020-02-05,51.146015
W36JZQN X 2020-02-06,68.342418
W36JZQN X 2020-02-07,63.738479
W36JZQN X 2020-02-08,26.385968
W36JZQN X 2020-02-09,21.557271
W36JZQN X 2020-02-10,31.885535
W36JZQN X 2020-02-11,29.902806
W36JZQN X 2020-02-12,24.260156
W36JZQN X 2020-02-13,42.633774
W36JZQN X 2020-02-14,33.067993
W36JZQN X 2020-02-15,27.040766
W36JZQN X 2020-02-16,24.380329
W36JZQN X 2020-02-17,22.485488
W36JZQN X 2020-02-18,26.801675
W36JZQN X 2020-02-19,27.464516
W36JZQN X 2020-02-20,22.326586
W36JZQN X 2020-02-21,28.561668
W36JZQN X 2020-02-22,25.725859
W36JZQN X 2020-02-23,25.495803
W36JZQN X 2020-02-24,49.069341
W36JZQN X 2020-02-25,24.719258
W36JZQN X 2020-02-26,22.384615
W36JZQN X 2020-02-27,26.879126
W36JZQN X 2020-02-28,31.008259
W36JZQN X 2020-02-29,19.347165
W36JZQN X 2020-03-01,20.783601
W36JZQN X 2020-03-02,31.176930
W36JZQN X 2020-03-03,41.636702
W36JZQN X 2020-03-04,37.980644
W36JZQN X 2020-03-05,51.299242
W36JZQN X 2020-03-06,64.498801
W36JZQN X 2020-03-07,32.317505
W36JZQN X 2020-03-08,20.588857
W36JZQN X 2020-03-09,24.667709
W36JZQN X 2020-03-10,18.998979
W36JZQN X 2020-03-11,33.998503
W36JZQN X 2020-03-12,22.952665
W36JZQN X 2020-03-13,27.147774
W36JZQN X 2020-03-14,45.149892
W36JZQN X 2020-03-15,39.431638
W36JZQN X 2020-03-16,37.962021
W36JZQN X 2020-03-17,38.893958
W36JZQN X 2020-03-18,17.728263
W36JZQN X 2020-03-19,49.897224
W36JZQN X 2020-03-20,41.157942
W36JZQN X 2020-03-21,48.297176
W36JZQN X 2020-03-22,58.230873
W36JZQN X 2020-03-23,62.758471
W36JZQN X 2020-03-24,50.857724
W36JZQN X 2020-03-25,58.258410
W36JZQN X 2020-03-26,67.729205
W36JZQN X 2020-03-27,61.814249
W36JZQN X 2020-03-28,29.417200
W36JZQN X 2020-03-29,27.200012
W36JZQN X 2020-03-30,26.558755
W36JZQN X 2020-03-31,28.440317
W36JZQN X 2020-04-01,27.178306
W36JZQN X 2020-04-02,24.363340
W36JZQN X 2020-04-03,26.056193
W36JZQN X 2020-04-04,36.958849
WGVKA5G X 2020-01-02,96.703112
WGVKA5G X 2020-01-03,75.127443
WGVKA5G X 2020-01-04,85.923841
WGVKA5G X 2020-01-05,83.121771
WGVKA5G X 2020-01-06,137.476761
WGVKA5G X 2020-01-07,69.070034
WGVKA5G X 2020-01-08,117.719378
WGVKA5G X 2020-01-09,56.798665
WGVKA5G X 2020-01-10,63.244583
WGVKA5G X 2020-01-11,77.044247
WGVKA5G X 2020-01-12,153.717530
WGVKA5G X 2020-01-13,133.401566
WGVKA5G X 2020-01-14,165.683913
WGVKA5G X 2020-01-15,104.288103
WGVKA5G X 2020-01-16,92.162116
WGVKA5G X 2020-01-17,130.801360
WGVKA5G X 2020-01-18,120.893161
WGVKA5G X 2020-01-19,107.319851
WGVKA5G X 2020-01-20,174.395140
WGVKA5G X 2020-01-21,132.793052
WGVKA5G X 2020-01-22,79.471956
WGVKA5G X 2020-01-23,91.630165
WGVKA5G X 2020-01-24,66.794796
WGVKA5G X 2020-01-25,56.984298
WGVKA5G X 2020-01-26,60.682019
WGVKA5G X 2020-01-27,60.927048
WGVKA5G X 2020-01-28,109.306666
WGVKA5G X 2020-01-29,125.995041
WGVKA5G X 2020-01-30,127.785416
WGVKA5G X 2020-01-31,146.991349
WGVKA5G X 2020-02-01,106.842034
WGVKA5G X 2020-02-02,108.658298
WGVKA5G X 2020-02-03,118.508333
WGVKA5G X 2020-02-04,84.466108
WGVKA5G X 2020-02-05,84.890929
WGVKA5G X 2020-02-06,59.967854
WGVKA5G X 2020-02-07,86.570632
WGVKA5G X 2020-02-08,76.133093
WGVKA5G X 2020-02-09,96.531234
WGVKA5G X 2020-02-10,87.354430
WGVKA5G X 2020-02-11,67.231302
WGVKA5G X 2020-02-12,109.566812
WGVKA5G X 2020-02-13,93.562282
WGVKA5G X 2020-02-14,81.757063
WGVKA5G X 2020-02-15,43.874567
WGVKA5G X 2020-02-16,86.744238
WGVKA5G X 2020-02-17,68.990161
WGVKA5G X 2020-02-18,75.142242
WGVKA5G X 2020-02-19,87.294446
WGVKA5G X 2020-02-20,117.089504
WGVKA5G X 2020-02-21,59.834274
WGVKA5G X 2020-02-22,121.222767
WGVKA5G X 2020-02-23,108.830991
WGVKA5G X 2020-02-24,92.981599
WGVKA5G X 2020-02-25,93.803690
WGVKA5G X 2020-02-26,46.022306
WGVKA5G X 2020-02-27,98.868111
WGVKA5G X 2020-02-28,103.372124
WGVKA5G X 2020-02-29,89.941384
WGVKA5G X 2020-03-01,79.278610
WGVKA5G X 2020-03-02,46.865662
WGVKA5G X 2020-03-03,100.692202
WGVKA5G X 2020-03-04,93.950926
WGVKA5G X 2020-03-05,82.182579
WGVKA5G X 2020-03-06,99.296985
WGVKA5G X 2020-03-07,81.347016
WGVKA5G X 2020-03-08,76.805421
WGVKA5G X 2020-03-09,68.649241
WGVKA5G X 2020-03-10,94.923857
WGVKA5G X 2020-03-11,149.616500
WGVKA5G X 2020-03-12,88.329999
WGVKA5G X 2020-03-13,68.684504
WGVKA5G X 2020-03-14,86.077282
WGVKA5G X 2020-03-15,109.004955
WGVKA5G X 2020-03-16,92.810270
WGVKA5G X 2020-03-17,86.816488
WGVKA5G X 2020-03-18,78.028734
WGVKA5G X 2020-03-19,101.064107
WGVKA5G X 2020-03-20,91.563165
WGVKA5G X 2020-03-21,112.131325
WGVKA5G X 2020-03-22,106.924382
WGVKA5G X 2020-03-23,90.472393
WGVKA5G X 2020-03-24,81.458761
WGVKA5G X 2020-03-25,94.559947
WGVKA5G X 2020-03-26,91.429041
WGVKA5G X 2020-03-27,52.280315
WGVKA5G X 2020-03-28,60.054733
WGVKA5G X 2020-03-29,51.973448
WGVKA5G X 2020-03-30,53.874155
WGVKA5G X 2020-03-31,64.897778
WGVKA5G X 2020-04-01,84.195501
WGVKA5G X 2020-04-02,66.933401
WGVKA5G X 2020-04-03,87.348082
WGVKA5G X 2020-04-04,98.659321
WPWVL07 X 2020-01-02,23.000127
WPWVL07 X 2020-01-03,20.190421
WPWVL07 X 2020-01-04,20.130163
WPWVL07 X 2020-01-05,17.105450
WPWVL07 X 2020-01-06,22.925332
WPWVL07 X 2020-01-07,24.171159
WPWVL07 X 2020-01-08,21.326332
WPWVL07 X 2020-01-09,20.020519
WPWVL07 X 2020-01-10,26.159409
WPWVL07 X 2020-01-11,30.421146
WPWVL07 X 2020-01-12,22.121561
WPWVL07 X 2020-01-13,19.480847
WPWVL07 X 2020-01-14,17.474679
WPWVL07 X 2020-01-15,19.437325
WPWVL07 X 2020-01-16,18.139506
WPWVL07 X 2020-01-17,21.481345
WPWVL07 X 2020-01-18,45.549177
WPWVL07 X 2020-01-19,19.946442
WPWVL07 X 2020-01-20,20.333157
WPWVL07 X 2020-01-21,27.981790
WPWVL07 X 2020-01-22,21.315710
WPWVL07 X 2020-01-23,31.181528
WPWVL07 X 2020-01-24,35.942951
WPWVL07 X 2020-01-25,19.142481
WPWVL07 X 2020-01-26,23.168430
WPWVL07 X 2020-01-27,43.031552
WPWVL07 X 2020-01-28,32.794479
WPWVL07 X 2020-01-29,24.221016
WPWVL07 X 2020-01-30,28.052259
WPWVL07 X 2020-01-31,22.380242
WPWVL07 X 2020-02-01,31.299106
WPWVL07 X 2020-02-02,19.453454
WPWVL07 X 2020-02-03,17.768475
WPWVL07 X 2020-02-04,22.702977
WPWVL07 X 2020-02-05,22.241238
WPWVL07 X 2020-02-06,26.549671
WPWVL07 X 2020-02-07,26.277164
WPWVL07 X 2020-02-08,33.073298
WPWVL07 X 2020-02-09,34.330779
WPWVL07 X 2020-02-10,27.791377
WPWVL07 X 2020-02-11,18.631192
WPWVL07 X 2020-02-12,21.693603
WPWVL07 X 2020-02-13,20.685706
WPWVL07 X 2020-02-14,23.991987
WPWVL07 X 2020-02-15,20.838904
WPWVL07 X 2020-02-16,26.617844
WPWVL07 X 2020-02-17,18.849271
WPWVL07 X 2020-02-18,23.677790
WPWVL07 X 2020-02-19,20.748008
WPWVL07 X 2020-02-20,29.710675
WPWVL07 X 2020-02-21,23.297453
WPWVL07 X 2020-02-22,22.797587
WPWVL07 X 2020-02-23,20.737095
WPWVL07 X 2020-02-24,19.376183
WPWVL07 X 2020-02-25,35.264675
WPWVL07 X 2020-02-26,50.060904
WPWVL07 X 2020-02-27,25.322179
WPWVL07 X 2020-02-28,74.242370
WPWVL07 X 2020-02-29,20.778824
WPWVL07 X 2020-03-01,39.897341
WPWVL07 X 2020-03-02,25.426126
WPWVL07 X 2020-03-03,18.395183
WPWVL07 X 2020-03-04,54.552237
WPWVL07 X 2020-03-05,24.059034
WPWVL07 X 2020-03-06,19.648162
WPWVL07 X 2020-03-07,27.507778
WPWVL07 X 2020-03-08,42.740954
WPWVL07 X 2020-03-09,25.585780
WPWVL07 X 2020-03-10,30.812157
WPWVL07 X 2020-03-11,39.879334
WPWVL07 X 2020-03-12,22.346901
WPWVL07 X 2020-03-13,17.547194
WPWVL07 X 2020-03-14,18.580643
WPWVL07 X 2020-03-15,23.178813
WPWVL07 X 2020-03-16,25.997163
WPWVL07 X 2020-03-17,22.099383
WPWVL07 X 2020-03-18,23.462254
WPWVL07 X 2020-03-19,19.411538
WPWVL07 X 2020-03-20,24.248050
WPWVL07 X 2020-03-23,38.359602
WPWVL07 X 2020-03-24,23.804722
WPWVL07 X 2020-03-25,22.067810
WPWVL07 X 2020-03-26,38.691856
WPWVL07 X 2020-03-27,25.420638
WPWVL07 X 2020-03-28,19.810412
WPWVL07 X 2020-03-29,17.676001
WPWVL07 X 2020-03-30,28.846606
WPWVL07 X 2020-03-31,25.477492
WPWVL07 X 2020-04-01,23.502292
WPWVL07 X 2020-04-02,23.235261
WPWVL07 X 2020-04-03,17.417925
WPWVL07 X 2020-04-04,24.200159
WRZ2ZFG X 2020-01-02,54.524802
WRZ2ZFG X 2020-01-03,62.611418
WRZ2ZFG X 2020-01-04,72.512019
WRZ2ZFG X 2020-01-05,55.086452
WRZ2ZFG X 2020-01-06,52.633813
WRZ2ZFG X 2020-01-07,48.509599
WRZ2ZFG X 2020-01-08,65.850139
WRZ2ZFG X 2020-01-09,75.677859
WRZ2ZFG X 2020-01-10,54.763790
WRZ2ZFG X 2020-01-11,54.247687
WRZ2ZFG X 2020-01-12,47.877515
WRZ2ZFG X 2020-01-13,73.762026
WRZ2ZFG X 2020-01-14,87.887904
WRZ2ZFG X 2020-01-15,66.454208
WRZ2ZFG X 2020-01-16,71.270630
WRZ2ZFG X 2020-01-17,55.456341
WRZ2ZFG X 2020-01-18,60.184451
WRZ2ZFG X 2020-01-19,68.811921
WRZ2ZFG X 2020-01-20,71.699845
WRZ2ZFG X 2020-01-21,52.420672
WRZ2ZFG X 2020-01-22,44.384316
WRZ2ZFG X 2020-01-23,76.808114
WRZ2ZFG X 2020-01-24,57.237196
WRZ2ZFG X 2020-01-25,81.728507
WRZ2ZFG X 2020-01-26,78.769151
WRZ2ZFG X 2020-01-27,73.890966
WRZ2ZFG X 2020-01-28,69.505614
WRZ2ZFG X 2020-01-29,62.205179
WRZ2ZFG X 2020-01-30,62.494601
WRZ2ZFG X 2020-01-31,72.792620
WRZ2ZFG X 2020-02-01,52.397176
WRZ2ZFG X 2020-02-02,52.772181
WRZ2ZFG X 2020-02-03,53.833440
WRZ2ZFG X 2020-02-04,59.064643
WRZ2ZFG X 2020-02-05,86.515087
WRZ2ZFG X 2020-02-06,65.803392
WRZ2ZFG X 2020-02-07,65.238915
WRZ2ZFG X 2020-02-08,73.588008
WRZ2ZFG X 2020-02-09,60.056214
WRZ2ZFG X 2020-02-10,63.205179
WRZ2ZFG X 2020-02-11,57.696519
WRZ2ZFG X 2020-02-12,44.957984
WRZ2ZFG X 2020-02-13,83.299308
WRZ2ZFG X 2020-02-14,78.980776
WRZ2ZFG X 2020-02-15,87.460786
WRZ2ZFG X 2020-02-16,72.992948
WRZ2ZFG X 2020-02-17,70.427405
WRZ2ZFG X 2020-02-18,68.441534
WRZ2ZFG X 2020-02-19,78.255270
WRZ2ZFG X 2020-02-20,85.533882
WRZ2ZFG X 2020-02-21,68.541672
WRZ2ZFG X 2020-02-22,43.151771
WRZ2ZFG X 2020-02-23,54.617393
WRZ2ZFG X 2020-02-24,60.075627
WRZ2ZFG X 2020-02-25,51.346249
WRZ2ZFG X 2020-02-26,57.485010
WRZ2ZFG X 2020-02-27,59.840907
WRZ2ZFG X 2020-02-28,70.060610
WRZ2ZFG X 2020-02-29,69.486786
WRZ2ZFG X 2020-03-01,58.250614
WRZ2ZFG X 2020-03-02,88.260119
WRZ2ZFG X 2020-03-03,109.714537
WRZ2ZFG X 2020-03-04,69.926419
WRZ2ZFG X 2020-03-05,55.860923
WRZ2ZFG X 2020-03-06,52.865063
WRZ2ZFG X 2020-03-07,49.532602
WRZ2ZFG X 2020-03-08,61.832504
WRZ2ZFG X 2020-03-09,61.713373
WRZ2ZFG X 2020-03-10,59.576667
WRZ2ZFG X 2020-03-11,67.802411
WRZ2ZFG X 2020-03-12,65.047049
WRZ2ZFG X 2020-03-13,58.776706
WRZ2ZFG X 2020-03-14,60.028914
WRZ2ZFG X 2020-03-15,66.245306
WRZ2ZFG X 2020-03-16,67.101103
WRZ2ZFG X 2020-03-17,55.578530
WRZ2ZFG X 2020-03-18,60.264528
WRZ2ZFG X 2020-03-19,64.617067
WRZ2ZFG X 2020-03-20,72.374340
WRZ2ZFG X 2020-03-21,60.938972
WRZ2ZFG X 2020-03-22,51.289536
WRZ2ZFG X 2020-03-23,60.032849
WRZ2ZFG X 2020-03-24,66.030604
WRZ2ZFG X 2020-03-25,64.114544
WRZ2ZFG X 2020-03-26,67.891508
WRZ2ZFG X 2020-03-27,70.014468
WRZ2ZFG X 2020-03-28,74.084782
WRZ2ZFG X 2020-03-29,67.347246
WRZ2ZFG X 2020-03-30,69.712251
WRZ2ZFG X 2020-03-31,66.284972
WRZ2ZFG X 2020-04-01,64.570078
WRZ2ZFG X 2020-04-02,69.485837
WRZ2ZFG X 2020-04-03,71.739208
WRZ2ZFG X 2020-04-04,74.015163
WTO5E7Y X 2020-01-02,51.085206
WTO5E7Y X 2020-01-03,35.118045
WTO5E7Y X 2020-01-04,49.831948
WTO5E7Y X 2020-01-05,40.283139
WTO5E7Y X 2020-01-06,36.932484
WTO5E7Y X 2020-01-07,31.898665
WTO5E7Y X 2020-01-08,37.617057
WTO5E7Y X 2020-01-09,36.027902
WTO5E7Y X 2020-01-10,62.316988
WTO5E7Y X 2020-01-11,54.088455
WTO5E7Y X 2020-01-12,59.371599
WTO5E7Y X 2020-01-13,48.321963
WTO5E7Y X 2020-01-14,88.430307
WTO5E7Y X 2020-01-15,73.201775
WTO5E7Y X 2020-01-16,52.136099
WTO5E7Y X 2020-01-17,39.158675
WTO5E7Y X 2020-01-18,40.337321
WTO5E7Y X 2020-01-19,39.945824
WTO5E7Y X 2020-01-20,44.432636
WTO5E7Y X 2020-01-21,40.609407
WTO5E7Y X 2020-01-22,48.593623
WTO5E7Y X 2020-01-23,43.054165
WTO5E7Y X 2020-01-24,37.565118
WTO5E7Y X 2020-01-25,47.363278
WTO5E7Y X 2020-01-26,61.832345
WTO5E7Y X 2020-01-27,56.255510
WTO5E7Y X 2020-01-28,39.948952
WTO5E7Y X 2020-01-29,34.306048
WTO5E7Y X 2020-01-30,47.182579
WTO5E7Y X 2020-01-31,40.457151
WTO5E7Y X 2020-02-01,36.594253
WTO5E7Y X 2020-02-02,50.925214
WTO5E7Y X 2020-02-03,88.785272
WTO5E7Y X 2020-02-04,67.211761
WTO5E7Y X 2020-02-05,67.818052
WTO5E7Y X 2020-02-06,61.845488
WTO5E7Y X 2020-02-07,41.849716
WTO5E7Y X 2020-02-08,38.585532
WTO5E7Y X 2020-02-09,36.304402
WTO5E7Y X 2020-02-10,65.594751
WTO5E7Y X 2020-02-11,79.162921
WTO5E7Y X 2020-02-12,41.919298
WTO5E7Y X 2020-02-13,54.599500
WTO5E7Y X 2020-02-14,42.392883
WTO5E7Y X 2020-02-15,77.646388
WTO5E7Y X 2020-02-16,66.871736
WTO5E7Y X 2020-02-17,75.583038
WTO5E7Y X 2020-02-18,52.148249
WTO5E7Y X 2020-02-19,43.129504
WTO5E7Y X 2020-02-20,35.809516
WTO5E7Y X 2020-02-21,48.075540
WTO5E7Y X 2020-02-22,45.289533
WTO5E7Y X 2020-02-23,65.645989
WTO5E7Y X 2020-02-24,66.305426
WTO5E7Y X 2020-02-25,40.856128
WTO5E7Y X 2020-02-26,44.218696
WTO5E7Y X 2020-02-27,78.953714
WTO5E7Y X 2020-02-28,64.742541
WTO5E7Y X 2020-02-29,39.308771
WTO5E7Y X 2020-03-01,36.581280
WTO5E7Y X 2020-03-02,43.310746
WTO5E7Y X 2020-03-03,68.564889
WTO5E7Y X 2020-03-04,73.789888
WTO5E7Y X 2020-03-05,61.326410
WTO5E7Y X 2020-03-06,56.300841
WTO5E7Y X 2020-03-07,40.638845
WTO5E7Y X 2020-03-08,69.619837
WTO5E7Y X 2020-03-09,64.921960
WTO5E7Y X 2020-03-10,63.274306
WTO5E7Y X 2020-03-11,59.557033
WTO5E7Y X 2020-03-12,96.208247
WTO5E7Y X 2020-03-13,44.146136
WTO5E7Y X 2020-03-14,42.491989
WTO5E7Y X 2020-03-15,80.253881
WTO5E7Y X 2020-03-16,64.033677
WTO5E7Y X 2020-03-17,49.145720
WTO5E7Y X 2020-03-18,38.383290
WTO5E7Y X 2020-03-19,43.737405
WTO5E7Y X 2020-03-20,40.162254
WTO5E7Y X 2020-03-21,37.779361
WTO5E7Y X 2020-03-22,53.048882
WTO5E7Y X 2020-03-23,73.503599
WTO5E7Y X 2020-03-24,59.368890
WTO5E7Y X 2020-03-25,68.192565
WTO5E7Y X 2020-03-26,73.146353
WTO5E7Y X 2020-03-27,66.652945
WTO5E7Y X 2020-03-28,54.920525
WTO5E7Y X 2020-03-29,48.908604
WTO5E7Y X 2020-03-30,53.608341
WTO5E7Y X 2020-03-31,47.677615
WTO5E7Y X 2020-04-01,41.382093
WTO5E7Y X 2020-04-02,55.978433
WTO5E7Y X 2020-04-03,61.656714
WTO5E7Y X 2020-04-04,64.571693
XAW49QB X 2020-01-02,89.331052
XAW49QB X 2020-01-03,105.914255
XAW49QB X 2020-01-04,37.685198
XAW49QB X 2020-01-05,29.684246
XAW49QB X 2020-01-06,77.690192
XAW49QB X 2020-01-07,93.099738
XAW49QB X 2020-01-08,98.403583
XAW49QB X 2020-01-09,65.749952
XAW49QB X 2020-01-10,127.590824
XAW49QB X 2020-01-11,36.182294
XAW49QB X 2020-01-12,125.413214
XAW49QB X 2020-01-13,97.757974
XAW49QB X 2020-01-14,86.894782
XAW49QB X 2020-01-15,83.308759
XAW49QB X 2020-01-16,105.240152
XAW49QB X 2020-01-17,57.657965
XAW49QB X 2020-01-18,57.954700
XAW49QB X 2020-01-19,43.771063
XAW49QB X 2020-01-20,99.636859
XAW49QB X 2020-01-21,57.644956
XAW49QB X 2020-01-22,86.594384
XAW49QB X 2020-01-23,87.249989
XAW49QB X 2020-01-24,99.954114
XAW49QB X 2020-01-25,130.031499
XAW49QB X 2020-01-26,99.744946
XAW49QB X 2020-01-27,99.091812
XAW49QB X 2020-01-28,80.521399
XAW49QB X 2020-01-29,40.097840
XAW49QB X 2020-01-30,42.173860
XAW49QB X 2020-01-31,76.544980
XAW49QB X 2020-02-01,32.484637
XAW49QB X 2020-02-02,30.321368
XAW49QB X 2020-02-03,33.293489
XAW49QB X 2020-02-04,28.540067
XAW49QB X 2020-02-05,24.769567
XAW49QB X 2020-02-06,50.195737
XAW49QB X 2020-02-07,84.358325
XAW49QB X 2020-02-08,63.884371
XAW49QB X 2020-02-09,84.588325
XAW49QB X 2020-02-10,72.426399
XAW49QB X 2020-02-11,60.126160
XAW49QB X 2020-02-12,23.610758
XAW49QB X 2020-02-13,35.936626
XAW49QB X 2020-02-14,52.831407
XAW49QB X 2020-02-15,53.404183
XAW49QB X 2020-02-16,65.832230
XAW49QB X 2020-02-17,75.311684
XAW49QB X 2020-02-18,23.306056
XAW49QB X 2020-02-19,43.394940
XAW49QB X 2020-02-20,42.787272
XAW49QB X 2020-02-21,44.059874
XAW49QB X 2020-02-22,54.908212
XAW49QB X 2020-02-23,42.136009
XAW49QB X 2020-02-24,30.396504
XAW49QB X 2020-02-25,72.062510
XAW49QB X 2020-02-26,39.118134
XAW49QB X 2020-02-27,29.569582
XAW49QB X 2020-02-28,33.323009
XAW49QB X 2020-02-29,64.433091
XAW49QB X 2020-03-01,42.278092
XAW49QB X 2020-03-02,51.572749
XAW49QB X 2020-03-03,47.212794
XAW49QB X 2020-03-04,38.056511
XAW49QB X 2020-03-05,58.795337
XAW49QB X 2020-03-06,52.000107
XAW49QB X 2020-03-07,28.865702
XAW49QB X 2020-03-08,41.028110
XAW49QB X 2020-03-09,60.921112
XAW49QB X 2020-03-10,45.456333
XAW49QB X 2020-03-11,25.622878
XAW49QB X 2020-03-12,45.862623
XAW49QB X 2020-03-13,35.419270
XAW49QB X 2020-03-14,38.979969
XAW49QB X 2020-03-15,43.513816
XAW49QB X 2020-03-16,61.896044
XAW49QB X 2020-03-17,47.892687
XAW49QB X 2020-03-18,67.112819
XAW49QB X 2020-03-19,62.736578
XAW49QB X 2020-03-20,59.981829
XAW49QB X 2020-03-21,54.371019
XAW49QB X 2020-03-22,31.129167
XAW49QB X 2020-03-23,57.821229
XAW49QB X 2020-03-24,60.334749
XAW49QB X 2020-03-25,43.398807
XAW49QB X 2020-03-26,48.803030
XAW49QB X 2020-03-27,42.889472
XAW49QB X 2020-03-28,69.618647
XAW49QB X 2020-03-29,51.172407
XAW49QB X 2020-03-30,46.842908
XAW49QB X 2020-03-31,55.615880
XAW49QB X 2020-04-01,59.883910
XAW49QB X 2020-04-02,66.345469
XAW49QB X 2020-04-03,72.944551
XAW49QB X 2020-04-04,53.803815
XHQS1Q9 X 2020-01-02,86.692190
XHQS1Q9 X 2020-01-03,81.791825
XHQS1Q9 X 2020-01-04,58.868837
XHQS1Q9 X 2020-01-05,43.955632
XHQS1Q9 X 2020-01-06,51.255242
XHQS1Q9 X 2020-01-07,107.073000
XHQS1Q9 X 2020-01-08,105.353221
XHQS1Q9 X 2020-01-09,81.901446
XHQS1Q9 X 2020-01-10,89.828789
XHQS1Q9 X 2020-01-11,87.598402
XHQS1Q9 X 2020-01-12,88.157044
XHQS1Q9 X 2020-01-13,60.460386
XHQS1Q9 X 2020-01-14,95.970470
XHQS1Q9 X 2020-01-15,97.293742
XHQS1Q9 X 2020-01-16,91.473024
XHQS1Q9 X 2020-01-17,72.310334
XHQS1Q9 X 2020-01-18,93.403692
XHQS1Q9 X 2020-01-19,94.518882
XHQS1Q9 X 2020-01-20,73.162350
XHQS1Q9 X 2020-01-21,87.214210
XHQS1Q9 X 2020-01-22,85.224683
XHQS1Q9 X 2020-01-23,99.661635
XHQS1Q9 X 2020-01-24,103.046392
XHQS1Q9 X 2020-01-25,93.188073
XHQS1Q9 X 2020-01-26,90.504929
XHQS1Q9 X 2020-01-27,89.396230
XHQS1Q9 X 2020-01-28,79.541159
XHQS1Q9 X 2020-01-29,63.516738
XHQS1Q9 X 2020-01-30,30.541241
XHQS1Q9 X 2020-01-31,48.439034
XHQS1Q9 X 2020-02-01,48.888255
XHQS1Q9 X 2020-02-02,28.863246
XHQS1Q9 X 2020-02-03,26.502470
XHQS1Q9 X 2020-02-04,35.512148
XHQS1Q9 X 2020-02-05,30.881921
XHQS1Q9 X 2020-02-06,30.421033
XHQS1Q9 X 2020-02-07,67.657769
XHQS1Q9 X 2020-02-08,55.475573
XHQS1Q9 X 2020-02-09,92.980177
XHQS1Q9 X 2020-02-10,85.802033
XHQS1Q9 X 2020-02-11,32.384138
XHQS1Q9 X 2020-02-12,25.443361
XHQS1Q9 X 2020-02-13,37.906087
XHQS1Q9 X 2020-02-14,74.914090
XHQS1Q9 X 2020-02-15,57.890243
XHQS1Q9 X 2020-02-16,54.629778
XHQS1Q9 X 2020-02-17,55.269697
XHQS1Q9 X 2020-02-18,48.372804
XHQS1Q9 X 2020-02-19,40.736816
XHQS1Q9 X 2020-02-20,39.009038
XHQS1Q9 X 2020-02-21,44.381896
XHQS1Q9 X 2020-02-22,58.574071
XHQS1Q9 X 2020-02-23,26.011941
XHQS1Q9 X 2020-02-24,26.913506
XHQS1Q9 X 2020-02-25,39.914351
XHQS1Q9 X 2020-02-26,33.472548
XHQS1Q9 X 2020-02-27,57.656644
XHQS1Q9 X 2020-02-28,46.141944
XHQS1Q9 X 2020-02-29,68.195693
XHQS1Q9 X 2020-03-01,68.580472
XHQS1Q9 X 2020-03-02,42.180847
XHQS1Q9 X 2020-03-03,53.578745
XHQS1Q9 X 2020-03-04,49.327194
XHQS1Q9 X 2020-03-05,40.410121
XHQS1Q9 X 2020-03-06,51.964431
XHQS1Q9 X 2020-03-07,57.648698
XHQS1Q9 X 2020-03-08,39.386909
XHQS1Q9 X 2020-03-09,42.665279
XHQS1Q9 X 2020-03-10,59.534493
XHQS1Q9 X 2020-03-11,35.796381
XHQS1Q9 X 2020-03-12,29.125942
XHQS1Q9 X 2020-03-13,37.526571
XHQS1Q9 X 2020-03-14,31.808919
XHQS1Q9 X 2020-03-15,43.752464
XHQS1Q9 X 2020-03-16,60.309587
XHQS1Q9 X 2020-03-17,63.491722
XHQS1Q9 X 2020-03-18,44.893524
XHQS1Q9 X 2020-03-19,77.635722
XHQS1Q9 X 2020-03-20,68.568644
XHQS1Q9 X 2020-03-21,49.993385
XHQS1Q9 X 2020-03-22,26.875139
XHQS1Q9 X 2020-03-23,31.981201
XHQS1Q9 X 2020-03-24,62.644720
XHQS1Q9 X 2020-03-25,41.739546
XHQS1Q9 X 2020-03-26,35.655806
XHQS1Q9 X 2020-03-27,42.443024
XHQS1Q9 X 2020-03-28,56.564263
XHQS1Q9 X 2020-03-29,63.079383
XHQS1Q9 X 2020-03-30,38.897781
XHQS1Q9 X 2020-03-31,46.135384
XHQS1Q9 X 2020-04-01,55.563624
XHQS1Q9 X 2020-04-02,54.102717
XHQS1Q9 X 2020-04-03,48.845549
XHQS1Q9 X 2020-04-04,37.254157
XJEXV7V X 2020-01-02,26.273128
XJEXV7V X 2020-01-03,22.158513
XJEXV7V X 2020-01-04,25.926692
XJEXV7V X 2020-01-05,20.562099
XJEXV7V X 2020-01-06,29.524413
XJEXV7V X 2020-01-07,22.199682
XJEXV7V X 2020-01-08,19.195552
XJEXV7V X 2020-01-09,17.610602
XJEXV7V X 2020-01-10,18.138163
XJEXV7V X 2020-01-11,26.275151
XJEXV7V X 2020-01-12,28.052589
XJEXV7V X 2020-01-13,19.188992
XJEXV7V X 2020-01-14,18.045808
XJEXV7V X 2020-01-15,48.646062
XJEXV7V X 2020-01-16,93.811635
XJEXV7V X 2020-01-17,25.519618
XJEXV7V X 2020-01-18,28.953377
XJEXV7V X 2020-01-19,24.927822
XJEXV7V X 2020-01-20,24.639774
XJEXV7V X 2020-01-21,29.196095
XJEXV7V X 2020-01-22,25.068341
XJEXV7V X 2020-01-23,28.633044
XJEXV7V X 2020-01-24,25.747722
XJEXV7V X 2020-01-25,20.755167
XJEXV7V X 2020-01-26,29.844569
XJEXV7V X 2020-01-27,24.307341
XJEXV7V X 2020-01-28,21.762882
XJEXV7V X 2020-01-29,21.367468
XJEXV7V X 2020-01-30,21.949650
XJEXV7V X 2020-01-31,19.435333
XJEXV7V X 2020-02-01,17.777307
XJEXV7V X 2020-02-02,19.164511
XJEXV7V X 2020-02-03,18.667677
XJEXV7V X 2020-02-04,16.723520
XJEXV7V X 2020-02-05,18.445048
XJEXV7V X 2020-02-06,17.916246
XJEXV7V X 2020-02-07,19.872031
XJEXV7V X 2020-02-08,33.440364
XJEXV7V X 2020-02-09,25.868499
XJEXV7V X 2020-02-10,26.380560
XJEXV7V X 2020-02-11,33.381951
XJEXV7V X 2020-02-12,17.701899
XJEXV7V X 2020-02-13,21.401698
XJEXV7V X 2020-02-14,18.057821
XJEXV7V X 2020-02-15,18.843868
XJEXV7V X 2020-02-16,15.082960
XJEXV7V X 2020-02-17,16.223806
XJEXV7V X 2020-02-18,21.859727
XJEXV7V X 2020-02-19,19.537280
XJEXV7V X 2020-02-20,23.168876
XJEXV7V X 2020-02-21,28.682464
XJEXV7V X 2020-02-22,29.692153
XJEXV7V X 2020-02-23,20.950563
XJEXV7V X 2020-02-24,24.705556
XJEXV7V X 2020-02-25,22.398819
XJEXV7V X 2020-02-26,21.552435
XJEXV7V X 2020-02-27,23.605320
XJEXV7V X 2020-02-28,22.849503
XJEXV7V X 2020-02-29,31.551237
XJEXV7V X 2020-03-01,21.210284
XJEXV7V X 2020-03-02,25.208091
XJEXV7V X 2020-03-03,30.233919
XJEXV7V X 2020-03-04,28.596090
XJEXV7V X 2020-03-05,25.714551
XJEXV7V X 2020-03-06,25.309779
XJEXV7V X 2020-03-07,21.288985
XJEXV7V X 2020-03-08,17.247348
XJEXV7V X 2020-03-09,26.778229
XJEXV7V X 2020-03-10,22.422737
XJEXV7V X 2020-03-11,25.129775
XJEXV7V X 2020-03-12,19.827666
XJEXV7V X 2020-03-13,16.422157
XJEXV7V X 2020-03-14,16.303845
XJEXV7V X 2020-03-15,19.202933
XJEXV7V X 2020-03-16,23.087289
XJEXV7V X 2020-03-17,20.614136
XJEXV7V X 2020-03-18,22.960472
XJEXV7V X 2020-03-19,18.291971
XJEXV7V X 2020-03-20,21.175788
XJEXV7V X 2020-03-21,21.804248
XJEXV7V X 2020-03-22,23.826868
XJEXV7V X 2020-03-23,27.792102
XJEXV7V X 2020-03-24,21.100619
XJEXV7V X 2020-03-25,22.557265
XJEXV7V X 2020-03-26,28.669283
XJEXV7V X 2020-03-27,31.324784
XJEXV7V X 2020-03-28,21.743479
XJEXV7V X 2020-03-29,22.772383
XJEXV7V X 2020-03-30,24.077634
XJEXV7V X 2020-03-31,22.645376
XJEXV7V X 2020-04-01,32.731940
XJEXV7V X 2020-04-02,20.784044
XJEXV7V X 2020-04-03,26.605397
XJEXV7V X 2020-04-04,69.912085
XK6U4CD X 2020-01-02,113.431667
XK6U4CD X 2020-01-03,35.120603
XK6U4CD X 2020-01-04,34.198111
XK6U4CD X 2020-01-05,71.093833
XK6U4CD X 2020-01-06,47.012530
XK6U4CD X 2020-01-07,42.764250
XK6U4CD X 2020-01-08,34.160148
XK6U4CD X 2020-01-09,33.297770
XK6U4CD X 2020-01-10,79.751246
XK6U4CD X 2020-01-11,78.607013
XK6U4CD X 2020-01-12,38.318087
XK6U4CD X 2020-01-13,30.643108
XK6U4CD X 2020-01-14,79.174892
XK6U4CD X 2020-01-15,40.996157
XK6U4CD X 2020-01-16,120.243270
XK6U4CD X 2020-01-17,141.757968
XK6U4CD X 2020-01-18,31.131345
XK6U4CD X 2020-01-19,74.716325
XK6U4CD X 2020-01-20,91.032001
XK6U4CD X 2020-01-21,61.298917
XK6U4CD X 2020-01-22,51.138279
XK6U4CD X 2020-01-23,50.002564
XK6U4CD X 2020-01-24,56.932373
XK6U4CD X 2020-01-25,35.847601
XK6U4CD X 2020-01-26,30.315950
XK6U4CD X 2020-01-27,33.363730
XK6U4CD X 2020-01-28,31.920540
XK6U4CD X 2020-01-29,34.942239
XK6U4CD X 2020-01-30,44.675533
XK6U4CD X 2020-01-31,43.699684
XK6U4CD X 2020-02-01,99.448897
XK6U4CD X 2020-02-02,88.439496
XK6U4CD X 2020-02-03,71.260405
XK6U4CD X 2020-02-04,49.481328
XK6U4CD X 2020-02-05,36.163937
XK6U4CD X 2020-02-06,60.103385
XK6U4CD X 2020-02-07,76.878450
XK6U4CD X 2020-02-08,82.502201
XK6U4CD X 2020-02-09,39.481294
XK6U4CD X 2020-02-10,100.309003
XK6U4CD X 2020-02-11,84.012758
XK6U4CD X 2020-02-12,40.410329
XK6U4CD X 2020-02-13,97.306317
XK6U4CD X 2020-02-14,103.981354
XK6U4CD X 2020-02-15,63.662535
XK6U4CD X 2020-02-16,62.872608
XK6U4CD X 2020-02-17,32.455107
XK6U4CD X 2020-02-18,41.308853
XK6U4CD X 2020-02-19,76.705479
XK6U4CD X 2020-02-20,80.949028
XK6U4CD X 2020-02-21,54.442352
XK6U4CD X 2020-02-22,71.045197
XK6U4CD X 2020-02-23,43.190443
XK6U4CD X 2020-02-24,42.727333
XK6U4CD X 2020-02-25,53.726474
XK6U4CD X 2020-02-26,49.445730
XK6U4CD X 2020-02-27,49.614702
XK6U4CD X 2020-02-28,46.230095
XK6U4CD X 2020-02-29,42.252147
XK6U4CD X 2020-03-01,47.556722
XK6U4CD X 2020-03-02,64.582479
XK6U4CD X 2020-03-03,42.019540
XK6U4CD X 2020-03-04,70.813299
XK6U4CD X 2020-03-05,93.322202
XK6U4CD X 2020-03-06,59.477171
XK6U4CD X 2020-03-07,45.685405
XK6U4CD X 2020-03-08,59.352926
XK6U4CD X 2020-03-09,39.526713
XK6U4CD X 2020-03-10,31.681651
XK6U4CD X 2020-03-11,41.098708
XK6U4CD X 2020-03-12,47.612242
XK6U4CD X 2020-03-13,62.347325
XK6U4CD X 2020-03-14,33.573298
XK6U4CD X 2020-03-15,54.670440
XK6U4CD X 2020-03-16,73.876675
XK6U4CD X 2020-03-17,69.730329
XK6U4CD X 2020-03-18,54.775833
XK6U4CD X 2020-03-19,104.558462
XK6U4CD X 2020-03-20,45.702016
XK6U4CD X 2020-03-21,91.391067
XK6U4CD X 2020-03-22,76.225893
XK6U4CD X 2020-03-23,56.324951
XK6U4CD X 2020-03-24,52.029627
XK6U4CD X 2020-03-25,74.228583
XK6U4CD X 2020-03-26,43.898250
XK6U4CD X 2020-03-27,73.992168
XK6U4CD X 2020-03-28,26.922857
XK6U4CD X 2020-03-29,35.703269
XK6U4CD X 2020-03-30,54.437651
XK6U4CD X 2020-03-31,51.348750
XK6U4CD X 2020-04-01,63.303850
XK6U4CD X 2020-04-02,65.063433
XK6U4CD X 2020-04-03,45.198522
XK6U4CD X 2020-04-04,57.441528
XNRDN2C X 2020-01-02,50.972321
XNRDN2C X 2020-01-03,33.761995
XNRDN2C X 2020-01-04,64.178905
XNRDN2C X 2020-01-05,30.702981
XNRDN2C X 2020-01-06,33.419905
XNRDN2C X 2020-01-07,60.002978
XNRDN2C X 2020-01-08,84.036321
XNRDN2C X 2020-01-09,27.435970
XNRDN2C X 2020-01-10,76.771626
XNRDN2C X 2020-01-11,41.336028
XNRDN2C X 2020-01-12,29.953541
XNRDN2C X 2020-01-13,32.904786
XNRDN2C X 2020-01-14,70.165126
XNRDN2C X 2020-01-15,61.383304
XNRDN2C X 2020-01-16,65.174282
XNRDN2C X 2020-01-17,31.632940
XNRDN2C X 2020-01-18,32.424524
XNRDN2C X 2020-01-19,56.455032
XNRDN2C X 2020-01-20,33.445892
XNRDN2C X 2020-01-21,64.430512
XNRDN2C X 2020-01-22,92.852429
XNRDN2C X 2020-01-23,99.609435
XNRDN2C X 2020-01-24,128.904725
XNRDN2C X 2020-01-25,60.918126
XNRDN2C X 2020-01-26,26.646332
XNRDN2C X 2020-01-27,43.525612
XNRDN2C X 2020-01-28,36.637739
XNRDN2C X 2020-01-29,43.440266
XNRDN2C X 2020-01-30,46.781960
XNRDN2C X 2020-01-31,53.284706
XNRDN2C X 2020-02-01,78.451341
XNRDN2C X 2020-02-02,55.578470
XNRDN2C X 2020-02-03,68.875052
XNRDN2C X 2020-02-04,73.837360
XNRDN2C X 2020-02-05,55.669233
XNRDN2C X 2020-02-06,72.752071
XNRDN2C X 2020-02-07,42.257409
XNRDN2C X 2020-02-08,26.170967
XNRDN2C X 2020-02-09,55.296070
XNRDN2C X 2020-02-10,64.195313
XNRDN2C X 2020-02-11,48.216878
XNRDN2C X 2020-02-12,51.794536
XNRDN2C X 2020-02-13,50.513573
XNRDN2C X 2020-02-14,67.372176
XNRDN2C X 2020-02-15,28.412127
XNRDN2C X 2020-02-16,52.349164
XNRDN2C X 2020-02-17,53.347016
XNRDN2C X 2020-02-18,49.552373
XNRDN2C X 2020-02-19,42.143725
XNRDN2C X 2020-02-20,36.735689
XNRDN2C X 2020-02-21,49.723382
XNRDN2C X 2020-02-22,64.573893
XNRDN2C X 2020-02-23,51.294423
XNRDN2C X 2020-02-24,64.758089
XNRDN2C X 2020-02-25,44.114841
XNRDN2C X 2020-02-26,56.742852
XNRDN2C X 2020-02-27,38.266349
XNRDN2C X 2020-02-28,23.525519
XNRDN2C X 2020-02-29,39.404042
XNRDN2C X 2020-03-01,34.364546
XNRDN2C X 2020-03-02,67.206745
XNRDN2C X 2020-03-03,32.611480
XNRDN2C X 2020-03-04,32.293262
XNRDN2C X 2020-03-05,37.622190
XNRDN2C X 2020-03-06,64.881107
XNRDN2C X 2020-03-07,30.609407
XNRDN2C X 2020-03-08,29.826512
XNRDN2C X 2020-03-09,49.018496
XNRDN2C X 2020-03-10,41.374750
XNRDN2C X 2020-03-11,37.513179
XNRDN2C X 2020-03-12,56.169238
XNRDN2C X 2020-03-13,41.267968
XNRDN2C X 2020-03-14,52.089562
XNRDN2C X 2020-03-15,36.956873
XNRDN2C X 2020-03-16,72.820905
XNRDN2C X 2020-03-17,45.209754
XNRDN2C X 2020-03-18,68.207550
XNRDN2C X 2020-03-19,44.176932
XNRDN2C X 2020-03-20,94.069917
XNRDN2C X 2020-03-21,31.597635
XNRDN2C X 2020-03-22,49.504917
XNRDN2C X 2020-03-23,40.740931
XNRDN2C X 2020-03-24,42.817828
XNRDN2C X 2020-03-25,31.628417
XNRDN2C X 2020-03-26,35.028339
XNRDN2C X 2020-03-27,45.044151
XNRDN2C X 2020-03-28,28.637948
XNRDN2C X 2020-03-29,57.247754
XNRDN2C X 2020-03-30,23.889216
XNRDN2C X 2020-03-31,31.058396
XNRDN2C X 2020-04-01,52.486516
XNRDN2C X 2020-04-02,41.743898
XNRDN2C X 2020-04-03,22.930787
XNRDN2C X 2020-04-04,20.993689
XU3X4HU X 2020-01-02,51.572627
XU3X4HU X 2020-01-03,34.333655
XU3X4HU X 2020-01-04,40.496898
XU3X4HU X 2020-01-05,32.219052
XU3X4HU X 2020-01-06,62.051550
XU3X4HU X 2020-01-07,40.794276
XU3X4HU X 2020-01-08,44.167940
XU3X4HU X 2020-01-09,30.459296
XU3X4HU X 2020-01-10,42.112484
XU3X4HU X 2020-01-11,28.457087
XU3X4HU X 2020-01-12,98.492475
XU3X4HU X 2020-01-13,39.548909
XU3X4HU X 2020-01-14,35.917484
XU3X4HU X 2020-01-15,41.633899
XU3X4HU X 2020-01-16,29.780139
XU3X4HU X 2020-01-17,47.852762
XU3X4HU X 2020-01-18,31.365783
XU3X4HU X 2020-01-19,38.901729
XU3X4HU X 2020-01-20,42.989722
XU3X4HU X 2020-01-21,42.316085
XU3X4HU X 2020-01-22,54.592755
XU3X4HU X 2020-01-23,34.072788
XU3X4HU X 2020-01-24,28.409813
XU3X4HU X 2020-01-25,58.986695
XU3X4HU X 2020-01-26,41.212704
XU3X4HU X 2020-01-27,62.115905
XU3X4HU X 2020-01-28,33.006348
XU3X4HU X 2020-01-29,36.456153
XU3X4HU X 2020-01-30,46.566738
XU3X4HU X 2020-01-31,40.254583
XU3X4HU X 2020-02-01,43.728778
XU3X4HU X 2020-02-02,42.603392
XU3X4HU X 2020-02-03,62.429452
XU3X4HU X 2020-02-04,32.070278
XU3X4HU X 2020-02-05,44.116468
XU3X4HU X 2020-02-06,50.726974
XU3X4HU X 2020-02-07,36.410601
XU3X4HU X 2020-02-08,38.247886
XU3X4HU X 2020-02-09,36.588950
XU3X4HU X 2020-02-10,31.927892
XU3X4HU X 2020-02-11,42.185019
XU3X4HU X 2020-02-12,38.884694
XU3X4HU X 2020-02-13,39.777811
XU3X4HU X 2020-02-14,48.306098
XU3X4HU X 2020-02-15,48.580103
XU3X4HU X 2020-02-16,65.150757
XU3X4HU X 2020-02-17,46.190571
XU3X4HU X 2020-02-18,33.840618
XU3X4HU X 2020-02-19,37.584468
XU3X4HU X 2020-02-20,40.099006
XU3X4HU X 2020-02-21,34.401028
XU3X4HU X 2020-02-22,55.959042
XU3X4HU X 2020-02-23,31.107937
XU3X4HU X 2020-02-24,37.645427
XU3X4HU X 2020-02-25,31.650247
XU3X4HU X 2020-02-26,29.174536
XU3X4HU X 2020-02-27,43.181040
XU3X4HU X 2020-02-28,44.878843
XU3X4HU X 2020-02-29,54.058774
XU3X4HU X 2020-03-01,26.206622
XU3X4HU X 2020-03-02,40.322587
XU3X4HU X 2020-03-03,48.138770
XU3X4HU X 2020-03-04,47.061794
XU3X4HU X 2020-03-05,65.234548
XU3X4HU X 2020-03-06,32.167478
XU3X4HU X 2020-03-07,37.699237
XU3X4HU X 2020-03-08,28.758283
XU3X4HU X 2020-03-09,34.589528
XU3X4HU X 2020-03-10,35.969303
XU3X4HU X 2020-03-11,45.267439
XU3X4HU X 2020-03-12,42.797057
XU3X4HU X 2020-03-13,29.934706
XU3X4HU X 2020-03-14,24.760394
XU3X4HU X 2020-03-15,38.938062
XU3X4HU X 2020-03-16,46.870513
XU3X4HU X 2020-03-17,49.200918
XU3X4HU X 2020-03-18,46.220811
XU3X4HU X 2020-03-19,43.980340
XU3X4HU X 2020-03-20,36.873960
XU3X4HU X 2020-03-21,43.381811
XU3X4HU X 2020-03-22,65.919180
XU3X4HU X 2020-03-23,36.652468
XU3X4HU X 2020-03-24,36.355320
XU3X4HU X 2020-03-25,47.271788
XU3X4HU X 2020-03-26,37.249615
XU3X4HU X 2020-03-27,50.373529
XU3X4HU X 2020-03-28,35.400484
XU3X4HU X 2020-03-29,28.960921
XU3X4HU X 2020-03-30,30.955726
XU3X4HU X 2020-03-31,38.362997
XU3X4HU X 2020-04-01,63.487182
XU3X4HU X 2020-04-02,34.278860
XU3X4HU X 2020-04-03,42.661799
XU3X4HU X 2020-04-04,31.365627
Y38MGCB X 2020-01-02,41.869564
Y38MGCB X 2020-01-03,52.573704
Y38MGCB X 2020-01-04,39.449270
Y38MGCB X 2020-01-05,38.182159
Y38MGCB X 2020-01-06,48.264500
Y38MGCB X 2020-01-07,77.956020
Y38MGCB X 2020-01-08,38.385295
Y38MGCB X 2020-01-09,36.827112
Y38MGCB X 2020-01-10,33.167960
Y38MGCB X 2020-01-11,34.196103
Y38MGCB X 2020-01-12,36.919089
Y38MGCB X 2020-01-13,42.952078
Y38MGCB X 2020-01-14,38.573741
Y38MGCB X 2020-01-15,51.638921
Y38MGCB X 2020-01-16,61.037005
Y38MGCB X 2020-01-17,53.905971
Y38MGCB X 2020-01-18,81.557324
Y38MGCB X 2020-01-19,53.751706
Y38MGCB X 2020-01-20,56.875847
Y38MGCB X 2020-01-21,32.936480
Y38MGCB X 2020-01-22,43.423421
Y38MGCB X 2020-01-23,66.336288
Y38MGCB X 2020-01-24,47.749722
Y38MGCB X 2020-01-25,46.881254
Y38MGCB X 2020-01-26,37.718020
Y38MGCB X 2020-01-27,39.340345
Y38MGCB X 2020-01-28,51.837565
Y38MGCB X 2020-01-29,63.383397
Y38MGCB X 2020-01-30,39.517607
Y38MGCB X 2020-01-31,44.962884
Y38MGCB X 2020-02-01,59.203758
Y38MGCB X 2020-02-02,33.791720
Y38MGCB X 2020-02-03,24.445123
Y38MGCB X 2020-02-04,27.114619
Y38MGCB X 2020-02-05,38.281540
Y38MGCB X 2020-02-06,46.347671
Y38MGCB X 2020-02-07,61.723449
Y38MGCB X 2020-02-08,43.885368
Y38MGCB X 2020-02-09,25.341241
Y38MGCB X 2020-02-10,20.954197
Y38MGCB X 2020-02-11,34.271091
Y38MGCB X 2020-02-12,49.898105
Y38MGCB X 2020-02-13,56.654774
Y38MGCB X 2020-02-14,105.297683
Y38MGCB X 2020-02-15,50.573599
Y38MGCB X 2020-02-16,36.484210
Y38MGCB X 2020-02-17,37.460712
Y38MGCB X 2020-02-18,44.220009
Y38MGCB X 2020-02-19,58.158896
Y38MGCB X 2020-02-20,58.560800
Y38MGCB X 2020-02-21,57.072052
Y38MGCB X 2020-02-22,50.095987
Y38MGCB X 2020-02-23,42.517876
Y38MGCB X 2020-02-24,51.791602
Y38MGCB X 2020-02-25,36.853238
Y38MGCB X 2020-02-26,36.257989
Y38MGCB X 2020-02-27,49.730262
Y38MGCB X 2020-02-28,65.158446
Y38MGCB X 2020-02-29,49.146060
Y38MGCB X 2020-03-01,28.376325
Y38MGCB X 2020-03-02,21.120690
Y38MGCB X 2020-03-03,27.709604
Y38MGCB X 2020-03-04,103.690897
Y38MGCB X 2020-03-05,60.689378
Y38MGCB X 2020-03-06,49.394046
Y38MGCB X 2020-03-07,46.434401
Y38MGCB X 2020-03-08,58.145643
Y38MGCB X 2020-03-09,77.795792
Y38MGCB X 2020-03-10,55.260003
Y38MGCB X 2020-03-11,63.681443
Y38MGCB X 2020-03-12,38.852270
Y38MGCB X 2020-03-13,43.391448
Y38MGCB X 2020-03-14,37.164628
Y38MGCB X 2020-03-15,44.733452
Y38MGCB X 2020-03-16,57.523952
Y38MGCB X 2020-03-17,55.754753
Y38MGCB X 2020-03-18,55.332528
Y38MGCB X 2020-03-19,57.006603
Y38MGCB X 2020-03-20,58.442407
Y38MGCB X 2020-03-21,43.503127
Y38MGCB X 2020-03-22,51.390107
Y38MGCB X 2020-03-23,54.267627
Y38MGCB X 2020-03-24,33.478087
Y38MGCB X 2020-03-25,38.882975
Y38MGCB X 2020-03-26,33.491567
Y38MGCB X 2020-03-27,32.176488
Y38MGCB X 2020-03-28,31.070021
Y38MGCB X 2020-03-29,57.643463
Y38MGCB X 2020-03-30,69.390148
Y38MGCB X 2020-03-31,40.842381
Y38MGCB X 2020-04-01,29.136112
Y38MGCB X 2020-04-02,35.962837
Y38MGCB X 2020-04-03,47.729341
Y38MGCB X 2020-04-04,28.744548
Y52UFLS X 2020-01-02,82.417795
Y52UFLS X 2020-01-03,47.992803
Y52UFLS X 2020-01-04,25.907870
Y52UFLS X 2020-01-05,58.460512
Y52UFLS X 2020-01-06,57.880392
Y52UFLS X 2020-01-07,60.628587
Y52UFLS X 2020-01-08,41.541022
Y52UFLS X 2020-01-09,35.517057
Y52UFLS X 2020-01-10,42.946979
Y52UFLS X 2020-01-11,37.459190
Y52UFLS X 2020-01-12,49.991786
Y52UFLS X 2020-01-13,37.696716
Y52UFLS X 2020-01-14,54.689480
Y52UFLS X 2020-01-15,33.375766
Y52UFLS X 2020-01-16,37.164476
Y52UFLS X 2020-01-17,71.478746
Y52UFLS X 2020-01-18,33.332758
Y52UFLS X 2020-01-19,45.400513
Y52UFLS X 2020-01-20,61.325296
Y52UFLS X 2020-01-21,58.542890
Y52UFLS X 2020-01-22,50.250582
Y52UFLS X 2020-01-23,48.715727
Y52UFLS X 2020-01-24,72.372222
Y52UFLS X 2020-01-25,75.626902
Y52UFLS X 2020-01-26,56.049642
Y52UFLS X 2020-01-27,59.885821
Y52UFLS X 2020-01-28,21.966343
Y52UFLS X 2020-01-29,25.995970
Y52UFLS X 2020-01-30,30.040987
Y52UFLS X 2020-01-31,33.121761
Y52UFLS X 2020-02-01,27.689559
Y52UFLS X 2020-02-02,25.292112
Y52UFLS X 2020-02-03,41.710456
Y52UFLS X 2020-02-04,33.098129
Y52UFLS X 2020-02-05,39.016810
Y52UFLS X 2020-02-06,42.122042
Y52UFLS X 2020-02-07,45.759873
Y52UFLS X 2020-02-08,64.470671
Y52UFLS X 2020-02-09,51.061901
Y52UFLS X 2020-02-10,36.702335
Y52UFLS X 2020-02-11,20.703671
Y52UFLS X 2020-02-12,31.031925
Y52UFLS X 2020-02-13,33.899417
Y52UFLS X 2020-02-14,53.729249
Y52UFLS X 2020-02-15,53.238667
Y52UFLS X 2020-02-16,30.356170
Y52UFLS X 2020-02-17,32.630025
Y52UFLS X 2020-02-18,27.160497
Y52UFLS X 2020-02-19,33.847659
Y52UFLS X 2020-02-20,33.506073
Y52UFLS X 2020-02-21,27.841849
Y52UFLS X 2020-02-22,29.721358
Y52UFLS X 2020-02-23,23.612979
Y52UFLS X 2020-02-24,28.326165
Y52UFLS X 2020-02-25,34.262467
Y52UFLS X 2020-02-26,38.844056
Y52UFLS X 2020-02-27,36.579905
Y52UFLS X 2020-02-28,39.422794
Y52UFLS X 2020-02-29,40.648057
Y52UFLS X 2020-03-01,26.978231
Y52UFLS X 2020-03-02,35.451922
Y52UFLS X 2020-03-03,50.050563
Y52UFLS X 2020-03-04,43.131786
Y52UFLS X 2020-03-05,47.235151
Y52UFLS X 2020-03-06,58.273450
Y52UFLS X 2020-03-07,36.646823
Y52UFLS X 2020-03-08,44.474095
Y52UFLS X 2020-03-09,40.829294
Y52UFLS X 2020-03-10,37.427767
Y52UFLS X 2020-03-11,26.000689
Y52UFLS X 2020-03-12,24.985730
Y52UFLS X 2020-03-13,34.513315
Y52UFLS X 2020-03-14,48.316454
Y52UFLS X 2020-03-15,45.329599
Y52UFLS X 2020-03-16,52.907997
Y52UFLS X 2020-03-17,61.970287
Y52UFLS X 2020-03-18,52.473247
Y52UFLS X 2020-03-19,53.318726
Y52UFLS X 2020-03-20,38.587901
Y52UFLS X 2020-03-21,25.791276
Y52UFLS X 2020-03-22,35.405662
Y52UFLS X 2020-03-23,58.322417
Y52UFLS X 2020-03-24,62.340598
Y52UFLS X 2020-03-25,63.920175
Y52UFLS X 2020-03-26,49.667042
Y52UFLS X 2020-03-27,62.817459
Y52UFLS X 2020-03-28,93.079063
Y52UFLS X 2020-03-29,32.681868
Y52UFLS X 2020-03-30,36.418941
Y52UFLS X 2020-03-31,29.251799
Y52UFLS X 2020-04-01,30.471168
Y52UFLS X 2020-04-02,27.071443
Y52UFLS X 2020-04-03,28.575218
Y52UFLS X 2020-04-04,44.091599
YBSLUIZ X 2020-01-02,33.785877
YBSLUIZ X 2020-01-03,35.132146
YBSLUIZ X 2020-01-04,30.728353
YBSLUIZ X 2020-01-05,30.549058
YBSLUIZ X 2020-01-06,31.960357
YBSLUIZ X 2020-01-07,55.286157
YBSLUIZ X 2020-01-08,41.574536
YBSLUIZ X 2020-01-09,35.929009
YBSLUIZ X 2020-01-10,43.446081
YBSLUIZ X 2020-01-11,33.743219
YBSLUIZ X 2020-01-12,85.449687
YBSLUIZ X 2020-01-13,114.055138
YBSLUIZ X 2020-01-14,53.466058
YBSLUIZ X 2020-01-15,43.413274
YBSLUIZ X 2020-01-16,34.767099
YBSLUIZ X 2020-01-17,67.811655
YBSLUIZ X 2020-01-18,29.435991
YBSLUIZ X 2020-01-19,38.499631
YBSLUIZ X 2020-01-20,92.666242
YBSLUIZ X 2020-01-21,111.389829
YBSLUIZ X 2020-01-22,55.993505
YBSLUIZ X 2020-01-23,56.207583
YBSLUIZ X 2020-01-24,37.605436
YBSLUIZ X 2020-01-25,47.872806
YBSLUIZ X 2020-01-26,53.940038
YBSLUIZ X 2020-01-27,52.550476
YBSLUIZ X 2020-01-28,51.136951
YBSLUIZ X 2020-01-29,64.649325
YBSLUIZ X 2020-01-30,74.190560
YBSLUIZ X 2020-01-31,40.444372
YBSLUIZ X 2020-02-01,56.070772
YBSLUIZ X 2020-02-02,35.227738
YBSLUIZ X 2020-02-03,31.153415
YBSLUIZ X 2020-02-04,26.323478
YBSLUIZ X 2020-02-05,28.863741
YBSLUIZ X 2020-02-06,59.677889
YBSLUIZ X 2020-02-07,55.451354
YBSLUIZ X 2020-02-08,33.959177
YBSLUIZ X 2020-02-09,36.227304
YBSLUIZ X 2020-02-10,39.161249
YBSLUIZ X 2020-02-11,58.654101
YBSLUIZ X 2020-02-12,39.382282
YBSLUIZ X 2020-02-13,28.206585
YBSLUIZ X 2020-02-14,66.244462
YBSLUIZ X 2020-02-15,40.661101
YBSLUIZ X 2020-02-16,51.497521
YBSLUIZ X 2020-02-17,38.745646
YBSLUIZ X 2020-02-18,26.222422
YBSLUIZ X 2020-02-19,67.873171
YBSLUIZ X 2020-02-20,34.597041
YBSLUIZ X 2020-02-21,68.377293
YBSLUIZ X 2020-02-22,41.441107
YBSLUIZ X 2020-02-23,36.917849
YBSLUIZ X 2020-02-24,36.205796
YBSLUIZ X 2020-02-25,37.559308
YBSLUIZ X 2020-02-26,27.223722
YBSLUIZ X 2020-02-27,46.117156
YBSLUIZ X 2020-02-28,54.580365
YBSLUIZ X 2020-02-29,38.122403
YBSLUIZ X 2020-03-01,28.404079
YBSLUIZ X 2020-03-02,25.193421
YBSLUIZ X 2020-03-03,42.490696
YBSLUIZ X 2020-03-04,40.511214
YBSLUIZ X 2020-03-05,28.682880
YBSLUIZ X 2020-03-06,27.557627
YBSLUIZ X 2020-03-07,37.110684
YBSLUIZ X 2020-03-08,30.039431
YBSLUIZ X 2020-03-09,30.418045
YBSLUIZ X 2020-03-10,35.209575
YBSLUIZ X 2020-03-11,68.227722
YBSLUIZ X 2020-03-12,34.169315
YBSLUIZ X 2020-03-13,36.737173
YBSLUIZ X 2020-03-14,50.666837
YBSLUIZ X 2020-03-15,46.007050
YBSLUIZ X 2020-03-16,48.727421
YBSLUIZ X 2020-03-17,79.457608
YBSLUIZ X 2020-03-18,40.907177
YBSLUIZ X 2020-03-19,66.523767
YBSLUIZ X 2020-03-20,29.576581
YBSLUIZ X 2020-03-21,34.246997
YBSLUIZ X 2020-03-22,49.676823
YBSLUIZ X 2020-03-23,42.655776
YBSLUIZ X 2020-03-24,35.166313
YBSLUIZ X 2020-03-25,37.882509
YBSLUIZ X 2020-03-26,43.708325
YBSLUIZ X 2020-03-27,37.052717
YBSLUIZ X 2020-03-28,38.356062
YBSLUIZ X 2020-03-29,23.746081
YBSLUIZ X 2020-03-30,40.415046
YBSLUIZ X 2020-03-31,40.197504
YBSLUIZ X 2020-04-01,37.902607
YBSLUIZ X 2020-04-02,25.487404
YBSLUIZ X 2020-04-03,26.678190
YBSLUIZ X 2020-04-04,41.009194
YJDNZNX X 2020-01-03,43.902442
YJDNZNX X 2020-01-04,24.298804
YJDNZNX X 2020-01-05,27.212519
YJDNZNX X 2020-01-06,55.287151
YJDNZNX X 2020-01-07,63.602073
YJDNZNX X 2020-01-08,46.794569
YJDNZNX X 2020-01-09,28.967865
YJDNZNX X 2020-01-10,42.144992
YJDNZNX X 2020-01-11,28.059341
YJDNZNX X 2020-01-12,41.015575
YJDNZNX X 2020-01-13,44.280490
YJDNZNX X 2020-01-14,46.139612
YJDNZNX X 2020-01-15,30.258880
YJDNZNX X 2020-01-16,30.471079
YJDNZNX X 2020-01-17,34.207243
YJDNZNX X 2020-01-18,60.022718
YJDNZNX X 2020-01-19,29.980509
YJDNZNX X 2020-01-20,35.487452
YJDNZNX X 2020-01-21,42.067451
YJDNZNX X 2020-01-22,25.874254
YJDNZNX X 2020-01-23,33.022299
YJDNZNX X 2020-01-24,32.533323
YJDNZNX X 2020-01-25,25.132504
YJDNZNX X 2020-01-29,50.826829
YJDNZNX X 2020-01-30,31.618450
YJDNZNX X 2020-01-31,40.938102
YJDNZNX X 2020-02-01,35.751966
YJDNZNX X 2020-02-02,26.598788
YJDNZNX X 2020-02-03,25.308544
YJDNZNX X 2020-02-04,36.636325
YJDNZNX X 2020-02-05,26.980575
YJDNZNX X 2020-02-06,25.008214
YJDNZNX X 2020-02-07,29.568273
YJDNZNX X 2020-02-08,37.047737
YJDNZNX X 2020-02-09,56.074070
YJDNZNX X 2020-02-10,40.778839
YJDNZNX X 2020-02-11,34.253044
YJDNZNX X 2020-02-12,31.946496
YJDNZNX X 2020-02-13,29.467321
YJDNZNX X 2020-02-14,53.957487
YJDNZNX X 2020-02-15,54.600036
YJDNZNX X 2020-02-18,32.748288
YJDNZNX X 2020-02-19,33.757456
YJDNZNX X 2020-02-20,23.441063
YJDNZNX X 2020-02-21,34.286151
YJDNZNX X 2020-02-22,38.957444
YJDNZNX X 2020-02-23,25.792626
YJDNZNX X 2020-02-24,24.382184
YJDNZNX X 2020-02-25,44.389231
YJDNZNX X 2020-02-26,43.037135
YJDNZNX X 2020-02-27,33.349893
YJDNZNX X 2020-02-28,35.562542
YJDNZNX X 2020-02-29,27.513017
YJDNZNX X 2020-03-01,31.323533
YJDNZNX X 2020-03-02,23.694126
YJDNZNX X 2020-03-03,37.433929
YJDNZNX X 2020-03-04,28.192325
YJDNZNX X 2020-03-05,30.517626
YJDNZNX X 2020-03-06,33.325298
YJDNZNX X 2020-03-07,39.319238
YJDNZNX X 2020-03-08,43.922450
YJDNZNX X 2020-03-09,32.237419
YJDNZNX X 2020-03-10,41.323052
YJDNZNX X 2020-03-11,22.960387
YJDNZNX X 2020-03-12,30.815948
YJDNZNX X 2020-03-13,20.353766
YJDNZNX X 2020-03-14,23.549279
YJDNZNX X 2020-03-16,34.982896
YJDNZNX X 2020-03-17,28.130224
YJDNZNX X 2020-03-18,31.722753
YJDNZNX X 2020-03-19,24.239963
YJDNZNX X 2020-03-20,35.169074
YJDNZNX X 2020-03-21,27.515181
YJDNZNX X 2020-03-22,24.472989
YJDNZNX X 2020-03-23,32.300046
YJDNZNX X 2020-03-24,53.993081
YJDNZNX X 2020-03-25,51.536644
YJDNZNX X 2020-03-26,54.060118
YJDNZNX X 2020-03-27,43.834751
YJDNZNX X 2020-03-28,42.750960
YJDNZNX X 2020-03-29,79.364821
YJDNZNX X 2020-03-30,24.525171
YJDNZNX X 2020-03-31,30.507071
YJDNZNX X 2020-04-01,27.198509
YJNLXFF X 2020-01-02,82.001844
YJNLXFF X 2020-01-03,103.600603
YJNLXFF X 2020-01-04,108.424157
YJNLXFF X 2020-01-05,91.110280
YJNLXFF X 2020-01-06,92.482471
YJNLXFF X 2020-01-07,133.710837
YJNLXFF X 2020-01-08,111.083540
YJNLXFF X 2020-01-09,116.905877
YJNLXFF X 2020-01-10,122.443229
YJNLXFF X 2020-01-11,97.667925
YJNLXFF X 2020-01-12,105.843071
YJNLXFF X 2020-01-13,80.093472
YJNLXFF X 2020-01-14,73.624897
YJNLXFF X 2020-01-15,92.087560
YJNLXFF X 2020-01-16,146.674111
YJNLXFF X 2020-01-17,98.150310
YJNLXFF X 2020-01-18,117.351242
YJNLXFF X 2020-01-19,111.235989
YJNLXFF X 2020-01-20,140.905623
YJNLXFF X 2020-01-21,108.605909
YJNLXFF X 2020-01-22,107.083603
YJNLXFF X 2020-01-23,97.820659
YJNLXFF X 2020-01-24,53.126044
YJNLXFF X 2020-01-25,113.610210
YJNLXFF X 2020-01-26,97.120852
YJNLXFF X 2020-01-27,98.175540
YJNLXFF X 2020-01-28,97.965940
YJNLXFF X 2020-01-29,126.685815
YJNLXFF X 2020-01-30,84.847754
YJNLXFF X 2020-01-31,89.177278
YJNLXFF X 2020-02-01,70.917420
YJNLXFF X 2020-02-02,99.311384
YJNLXFF X 2020-02-03,112.640833
YJNLXFF X 2020-02-04,105.149687
YJNLXFF X 2020-02-05,82.741988
YJNLXFF X 2020-02-06,102.678433
YJNLXFF X 2020-02-07,83.239587
YJNLXFF X 2020-02-08,74.583480
YJNLXFF X 2020-02-09,67.755647
YJNLXFF X 2020-02-10,96.432660
YJNLXFF X 2020-02-11,75.035280
YJNLXFF X 2020-02-12,124.508036
YJNLXFF X 2020-02-13,110.176369
YJNLXFF X 2020-02-14,65.360799
YJNLXFF X 2020-02-15,65.056345
YJNLXFF X 2020-02-16,68.734033
YJNLXFF X 2020-02-17,71.871750
YJNLXFF X 2020-02-18,59.620599
YJNLXFF X 2020-02-19,107.075641
YJNLXFF X 2020-02-20,88.714429
YJNLXFF X 2020-02-21,67.427288
YJNLXFF X 2020-02-22,71.910528
YJNLXFF X 2020-02-23,123.658766
YJNLXFF X 2020-02-24,46.964120
YJNLXFF X 2020-02-25,91.864107
YJNLXFF X 2020-02-26,54.304149
YJNLXFF X 2020-02-27,106.034615
YJNLXFF X 2020-02-28,94.056409
YJNLXFF X 2020-02-29,86.829103
YJNLXFF X 2020-03-01,99.930746
YJNLXFF X 2020-03-02,60.685315
YJNLXFF X 2020-03-03,72.060909
YJNLXFF X 2020-03-04,83.745952
YJNLXFF X 2020-03-05,85.826738
YJNLXFF X 2020-03-06,70.056865
YJNLXFF X 2020-03-07,87.227189
YJNLXFF X 2020-03-08,78.781792
YJNLXFF X 2020-03-09,45.022857
YJNLXFF X 2020-03-10,74.512210
YJNLXFF X 2020-03-11,59.472226
YJNLXFF X 2020-03-12,94.557417
YJNLXFF X 2020-03-13,85.964661
YJNLXFF X 2020-03-14,66.873591
YJNLXFF X 2020-03-15,64.740296
YJNLXFF X 2020-03-16,52.196710
YJNLXFF X 2020-03-17,100.035837
YJNLXFF X 2020-03-18,65.007933
YJNLXFF X 2020-03-19,71.659775
YJNLXFF X 2020-03-20,75.690178
YJNLXFF X 2020-03-21,78.613620
YJNLXFF X 2020-03-22,64.576984
YJNLXFF X 2020-03-23,68.540655
YJNLXFF X 2020-03-24,135.632735
YJNLXFF X 2020-03-25,84.785202
YJNLXFF X 2020-03-26,51.359206
YJNLXFF X 2020-03-27,52.755192
YJNLXFF X 2020-03-28,62.659669
YJNLXFF X 2020-03-29,68.741399
YJNLXFF X 2020-03-30,53.821844
YJNLXFF X 2020-03-31,73.347381
YJNLXFF X 2020-04-01,70.268906
YJNLXFF X 2020-04-02,75.723540
YJNLXFF X 2020-04-03,61.474856
YJNLXFF X 2020-04-04,92.455306
YTSD0FF X 2020-01-02,110.988279
YTSD0FF X 2020-01-03,120.244684
YTSD0FF X 2020-01-04,163.958467
YTSD0FF X 2020-01-05,103.130189
YTSD0FF X 2020-01-06,115.725325
YTSD0FF X 2020-01-07,44.901825
YTSD0FF X 2020-01-08,42.901754
YTSD0FF X 2020-01-09,100.068115
YTSD0FF X 2020-01-10,85.377214
YTSD0FF X 2020-01-11,148.166431
YTSD0FF X 2020-01-12,53.408033
YTSD0FF X 2020-01-13,44.775860
YTSD0FF X 2020-01-14,107.630817
YTSD0FF X 2020-01-15,108.904294
YTSD0FF X 2020-01-16,97.005650
YTSD0FF X 2020-01-17,130.958852
YTSD0FF X 2020-01-18,98.884427
YTSD0FF X 2020-01-19,102.983663
YTSD0FF X 2020-01-20,95.507208
YTSD0FF X 2020-01-21,70.891632
YTSD0FF X 2020-01-22,100.626063
YTSD0FF X 2020-01-23,93.863098
YTSD0FF X 2020-01-24,116.388276
YTSD0FF X 2020-01-25,87.750565
YTSD0FF X 2020-01-26,90.331256
YTSD0FF X 2020-01-27,24.659696
YTSD0FF X 2020-01-28,54.178827
YTSD0FF X 2020-01-29,69.097520
YTSD0FF X 2020-01-30,55.835341
YTSD0FF X 2020-01-31,54.566546
YTSD0FF X 2020-02-01,105.983914
YTSD0FF X 2020-02-02,119.029146
YTSD0FF X 2020-02-03,107.958683
YTSD0FF X 2020-02-04,87.304544
YTSD0FF X 2020-02-05,60.286311
YTSD0FF X 2020-02-06,110.097720
YTSD0FF X 2020-02-07,123.024414
YTSD0FF X 2020-02-08,88.703730
YTSD0FF X 2020-02-09,79.990745
YTSD0FF X 2020-02-10,99.106429
YTSD0FF X 2020-02-11,92.489108
YTSD0FF X 2020-02-12,56.315198
YTSD0FF X 2020-02-13,63.683317
YTSD0FF X 2020-02-14,89.533614
YTSD0FF X 2020-02-15,53.003921
YTSD0FF X 2020-02-16,52.595833
YTSD0FF X 2020-02-17,78.246960
YTSD0FF X 2020-02-18,68.584359
YTSD0FF X 2020-02-19,89.862795
YTSD0FF X 2020-02-20,106.355324
YTSD0FF X 2020-02-21,83.173595
YTSD0FF X 2020-02-22,53.164794
YTSD0FF X 2020-02-23,77.270606
YTSD0FF X 2020-02-24,46.972043
YTSD0FF X 2020-02-25,51.587187
YTSD0FF X 2020-02-26,47.223292
YTSD0FF X 2020-02-27,58.310077
YTSD0FF X 2020-02-28,68.065500
YTSD0FF X 2020-02-29,58.670246
YTSD0FF X 2020-03-01,61.048913
YTSD0FF X 2020-03-02,81.679689
YTSD0FF X 2020-03-03,58.972513
YTSD0FF X 2020-03-04,43.126402
YTSD0FF X 2020-03-05,80.000829
YTSD0FF X 2020-03-06,70.922560
YTSD0FF X 2020-03-07,64.412393
YTSD0FF X 2020-03-08,69.420333
YTSD0FF X 2020-03-09,60.071643
YTSD0FF X 2020-03-10,65.234058
YTSD0FF X 2020-03-11,49.394525
YTSD0FF X 2020-03-12,57.523097
YTSD0FF X 2020-03-13,44.602709
YTSD0FF X 2020-03-14,74.862176
YTSD0FF X 2020-03-15,46.364194
YTSD0FF X 2020-03-16,59.244843
YTSD0FF X 2020-03-17,79.578377
YTSD0FF X 2020-03-18,55.061529
YTSD0FF X 2020-03-19,38.007607
YTSD0FF X 2020-03-20,70.975848
YTSD0FF X 2020-03-21,106.422895
YTSD0FF X 2020-03-22,53.623079
YTSD0FF X 2020-03-23,62.945095
YTSD0FF X 2020-03-24,79.156270
YTSD0FF X 2020-03-25,77.439744
YTSD0FF X 2020-03-26,53.362976
YTSD0FF X 2020-03-27,80.255213
YTSD0FF X 2020-03-28,60.022519
YTSD0FF X 2020-03-29,46.820898
YTSD0FF X 2020-03-30,67.164187
YTSD0FF X 2020-03-31,72.449727
YTSD0FF X 2020-04-01,87.368904
YTSD0FF X 2020-04-02,69.005425
YTSD0FF X 2020-04-03,70.658824
YTSD0FF X 2020-04-04,52.920267
YY9I2R1 X 2020-01-02,31.847459
YY9I2R1 X 2020-01-03,32.837303
YY9I2R1 X 2020-01-04,33.845120
YY9I2R1 X 2020-01-05,28.552044
YY9I2R1 X 2020-01-06,35.666089
YY9I2R1 X 2020-01-07,46.690115
YY9I2R1 X 2020-01-08,29.682612
YY9I2R1 X 2020-01-09,39.293734
YY9I2R1 X 2020-01-10,24.563714
YY9I2R1 X 2020-01-11,27.026687
YY9I2R1 X 2020-01-12,40.388356
YY9I2R1 X 2020-01-13,23.260357
YY9I2R1 X 2020-01-14,28.608279
YY9I2R1 X 2020-01-15,32.623709
YY9I2R1 X 2020-01-16,28.950265
YY9I2R1 X 2020-01-17,34.254454
YY9I2R1 X 2020-01-18,31.416751
YY9I2R1 X 2020-01-19,27.397831
YY9I2R1 X 2020-01-20,26.152149
YY9I2R1 X 2020-01-21,27.191275
YY9I2R1 X 2020-01-22,25.237203
YY9I2R1 X 2020-01-23,24.771911
YY9I2R1 X 2020-01-24,27.289051
YY9I2R1 X 2020-01-25,29.271726
YY9I2R1 X 2020-01-26,24.409890
YY9I2R1 X 2020-01-27,25.304702
YY9I2R1 X 2020-01-28,32.553026
YY9I2R1 X 2020-01-29,32.757048
YY9I2R1 X 2020-01-30,37.662669
YY9I2R1 X 2020-01-31,39.034858
YY9I2R1 X 2020-02-01,29.157107
YY9I2R1 X 2020-02-02,34.071793
YY9I2R1 X 2020-02-03,32.125384
YY9I2R1 X 2020-02-04,40.673375
YY9I2R1 X 2020-02-05,48.189250
YY9I2R1 X 2020-02-06,28.106967
YY9I2R1 X 2020-02-07,20.790562
YY9I2R1 X 2020-02-08,34.937879
YY9I2R1 X 2020-02-09,27.657689
YY9I2R1 X 2020-02-10,34.836634
YY9I2R1 X 2020-02-11,23.824848
YY9I2R1 X 2020-02-12,26.135075
YY9I2R1 X 2020-02-13,37.575018
YY9I2R1 X 2020-02-14,30.377520
YY9I2R1 X 2020-02-15,31.321086
YY9I2R1 X 2020-02-16,36.663953
YY9I2R1 X 2020-02-17,38.866535
YY9I2R1 X 2020-02-18,21.689106
YY9I2R1 X 2020-02-19,24.233700
YY9I2R1 X 2020-02-20,33.016934
YY9I2R1 X 2020-02-21,28.658780
YY9I2R1 X 2020-02-22,25.826277
YY9I2R1 X 2020-02-23,20.164683
YY9I2R1 X 2020-02-24,26.194423
YY9I2R1 X 2020-02-25,38.095466
YY9I2R1 X 2020-02-26,38.701256
YY9I2R1 X 2020-02-27,22.420494
YY9I2R1 X 2020-02-28,19.557161
YY9I2R1 X 2020-02-29,21.410927
YY9I2R1 X 2020-03-01,26.825665
YY9I2R1 X 2020-03-02,27.707091
YY9I2R1 X 2020-03-03,32.805693
YY9I2R1 X 2020-03-04,28.534716
YY9I2R1 X 2020-03-05,31.539061
YY9I2R1 X 2020-03-06,29.492993
YY9I2R1 X 2020-03-07,30.409685
YY9I2R1 X 2020-03-08,31.643658
YY9I2R1 X 2020-03-09,26.848547
YY9I2R1 X 2020-03-10,30.043603
YY9I2R1 X 2020-03-11,31.705837
YY9I2R1 X 2020-03-12,35.534612
YY9I2R1 X 2020-03-13,22.007774
YY9I2R1 X 2020-03-14,33.781073
YY9I2R1 X 2020-03-15,29.515007
YY9I2R1 X 2020-03-16,19.766625
YY9I2R1 X 2020-03-17,36.752603
YY9I2R1 X 2020-03-18,30.088681
YY9I2R1 X 2020-03-19,25.014130
YY9I2R1 X 2020-03-20,28.151387
YY9I2R1 X 2020-03-21,20.885666
YY9I2R1 X 2020-03-22,32.775865
YY9I2R1 X 2020-03-23,41.367998
YY9I2R1 X 2020-03-24,29.446860
YY9I2R1 X 2020-03-25,32.351681
YY9I2R1 X 2020-03-26,25.505083
YY9I2R1 X 2020-03-27,19.031300
YY9I2R1 X 2020-03-28,29.707739
YY9I2R1 X 2020-03-29,28.755469
YY9I2R1 X 2020-03-30,25.544786
YY9I2R1 X 2020-03-31,21.682360
YY9I2R1 X 2020-04-01,20.826326
YY9I2R1 X 2020-04-02,19.799874
YY9I2R1 X 2020-04-03,30.815184
YY9I2R1 X 2020-04-04,23.825245
YYOM5TU X 2020-01-02,103.723726
YYOM5TU X 2020-01-03,106.742380
YYOM5TU X 2020-01-04,82.413008
YYOM5TU X 2020-01-05,87.678063
YYOM5TU X 2020-01-06,92.530565
YYOM5TU X 2020-01-07,94.435128
YYOM5TU X 2020-01-08,101.393282
YYOM5TU X 2020-01-09,89.084861
YYOM5TU X 2020-01-10,100.985015
YYOM5TU X 2020-01-11,86.098389
YYOM5TU X 2020-01-12,54.531295
YYOM5TU X 2020-01-13,70.839924
YYOM5TU X 2020-01-14,96.448415
YYOM5TU X 2020-01-15,81.933234
YYOM5TU X 2020-01-16,85.067376
YYOM5TU X 2020-01-17,75.591624
YYOM5TU X 2020-01-18,74.455782
YYOM5TU X 2020-01-19,76.196005
YYOM5TU X 2020-01-20,88.269556
YYOM5TU X 2020-01-21,89.810102
YYOM5TU X 2020-01-22,106.033263
YYOM5TU X 2020-01-23,92.496278
YYOM5TU X 2020-01-24,101.595955
YYOM5TU X 2020-01-25,62.682156
YYOM5TU X 2020-01-26,80.551901
YYOM5TU X 2020-01-27,64.329821
YYOM5TU X 2020-01-28,74.498734
YYOM5TU X 2020-01-29,68.131798
YYOM5TU X 2020-01-30,71.880066
YYOM5TU X 2020-01-31,78.005794
YYOM5TU X 2020-02-01,115.808809
YYOM5TU X 2020-02-02,74.153504
YYOM5TU X 2020-02-03,78.995224
YYOM5TU X 2020-02-04,74.757242
YYOM5TU X 2020-02-05,57.222835
YYOM5TU X 2020-02-06,59.214873
YYOM5TU X 2020-02-07,75.862560
YYOM5TU X 2020-02-08,61.714794
YYOM5TU X 2020-02-09,58.004328
YYOM5TU X 2020-02-10,67.572016
YYOM5TU X 2020-02-11,99.084196
YYOM5TU X 2020-02-12,93.653750
YYOM5TU X 2020-02-13,95.138163
YYOM5TU X 2020-02-14,117.798980
YYOM5TU X 2020-02-15,92.324427
YYOM5TU X 2020-02-16,52.267846
YYOM5TU X 2020-02-17,79.949790
YYOM5TU X 2020-02-18,54.914927
YYOM5TU X 2020-02-19,78.709416
YYOM5TU X 2020-02-20,65.753413
YYOM5TU X 2020-02-21,77.364333
YYOM5TU X 2020-02-22,82.785638
YYOM5TU X 2020-02-23,54.350487
YYOM5TU X 2020-02-24,76.096711
YYOM5TU X 2020-02-25,112.275385
YYOM5TU X 2020-02-26,91.423283
YYOM5TU X 2020-02-27,73.315687
YYOM5TU X 2020-02-28,102.766889
YYOM5TU X 2020-02-29,93.353127
YYOM5TU X 2020-03-01,89.903989
YYOM5TU X 2020-03-02,50.462390
YYOM5TU X 2020-03-03,77.310041
YYOM5TU X 2020-03-04,60.085676
YYOM5TU X 2020-03-05,55.149722
YYOM5TU X 2020-03-06,65.168306
YYOM5TU X 2020-03-07,85.137856
YYOM5TU X 2020-03-08,62.753090
YYOM5TU X 2020-03-09,86.690040
YYOM5TU X 2020-03-10,55.257461
YYOM5TU X 2020-03-11,62.828393
YYOM5TU X 2020-03-12,81.927238
YYOM5TU X 2020-03-13,75.671143
YYOM5TU X 2020-03-14,71.124683
YYOM5TU X 2020-03-15,71.657619
YYOM5TU X 2020-03-16,64.209142
YYOM5TU X 2020-03-17,101.120243
YYOM5TU X 2020-03-18,88.265563
YYOM5TU X 2020-03-19,92.406061
YYOM5TU X 2020-03-20,76.998155
YYOM5TU X 2020-03-21,115.072492
YYOM5TU X 2020-03-22,97.555001
YYOM5TU X 2020-03-23,53.319023
YYOM5TU X 2020-03-24,61.259204
YYOM5TU X 2020-03-25,87.592468
YYOM5TU X 2020-03-26,79.111833
YYOM5TU X 2020-03-27,79.149925
YYOM5TU X 2020-03-28,41.581270
YYOM5TU X 2020-03-29,53.612303
YYOM5TU X 2020-03-30,68.880849
YYOM5TU X 2020-03-31,50.066341
YYOM5TU X 2020-04-01,59.910235
YYOM5TU X 2020-04-02,81.082700
YYOM5TU X 2020-04-03,59.507962
YYOM5TU X 2020-04-04,38.392237
Z2XYMS4 X 2020-01-02,81.178024
Z2XYMS4 X 2020-01-03,54.026844
Z2XYMS4 X 2020-01-04,63.370668
Z2XYMS4 X 2020-01-05,47.478975
Z2XYMS4 X 2020-01-06,39.825643
Z2XYMS4 X 2020-01-07,38.149577
Z2XYMS4 X 2020-01-08,47.152476
Z2XYMS4 X 2020-01-09,38.217978
Z2XYMS4 X 2020-01-10,37.030997
Z2XYMS4 X 2020-01-11,69.606435
Z2XYMS4 X 2020-01-12,42.150341
Z2XYMS4 X 2020-01-13,33.448132
Z2XYMS4 X 2020-01-14,111.776131
Z2XYMS4 X 2020-01-15,49.868783
Z2XYMS4 X 2020-01-16,84.639849
Z2XYMS4 X 2020-01-17,94.978161
Z2XYMS4 X 2020-01-18,34.134661
Z2XYMS4 X 2020-01-19,110.027627
Z2XYMS4 X 2020-01-20,79.400354
Z2XYMS4 X 2020-01-21,39.782595
Z2XYMS4 X 2020-01-22,48.854299
Z2XYMS4 X 2020-01-23,71.003881
Z2XYMS4 X 2020-01-24,35.629560
Z2XYMS4 X 2020-01-25,52.080601
Z2XYMS4 X 2020-01-26,48.226250
Z2XYMS4 X 2020-01-27,28.808561
Z2XYMS4 X 2020-01-28,60.146587
Z2XYMS4 X 2020-01-29,49.963204
Z2XYMS4 X 2020-01-30,45.719919
Z2XYMS4 X 2020-01-31,39.897016
Z2XYMS4 X 2020-02-01,97.387606
Z2XYMS4 X 2020-02-02,61.166483
Z2XYMS4 X 2020-02-03,52.476008
Z2XYMS4 X 2020-02-04,80.724040
Z2XYMS4 X 2020-02-05,39.034531
Z2XYMS4 X 2020-02-06,38.411269
Z2XYMS4 X 2020-02-07,43.911544
Z2XYMS4 X 2020-02-08,61.080111
Z2XYMS4 X 2020-02-09,48.652112
Z2XYMS4 X 2020-02-10,73.336455
Z2XYMS4 X 2020-02-11,71.851519
Z2XYMS4 X 2020-02-12,69.755103
Z2XYMS4 X 2020-02-13,46.912466
Z2XYMS4 X 2020-02-14,43.491751
Z2XYMS4 X 2020-02-15,44.002423
Z2XYMS4 X 2020-02-16,56.834239
Z2XYMS4 X 2020-02-17,50.397773
Z2XYMS4 X 2020-02-18,42.635954
Z2XYMS4 X 2020-02-19,73.149675
Z2XYMS4 X 2020-02-20,69.167792
Z2XYMS4 X 2020-02-21,76.042661
Z2XYMS4 X 2020-02-22,77.815944
Z2XYMS4 X 2020-02-23,43.759685
Z2XYMS4 X 2020-02-24,41.837516
Z2XYMS4 X 2020-02-25,43.194516
Z2XYMS4 X 2020-02-26,47.937634
Z2XYMS4 X 2020-02-27,73.825802
Z2XYMS4 X 2020-02-28,39.141356
Z2XYMS4 X 2020-02-29,70.849627
Z2XYMS4 X 2020-03-01,43.999196
Z2XYMS4 X 2020-03-02,59.647532
Z2XYMS4 X 2020-03-03,60.567305
Z2XYMS4 X 2020-03-04,55.286580
Z2XYMS4 X 2020-03-05,41.661101
Z2XYMS4 X 2020-03-06,45.379414
Z2XYMS4 X 2020-03-07,43.037130
Z2XYMS4 X 2020-03-08,106.815558
Z2XYMS4 X 2020-03-09,48.730983
Z2XYMS4 X 2020-03-10,36.701091
Z2XYMS4 X 2020-03-11,39.465968
Z2XYMS4 X 2020-03-12,43.808321
Z2XYMS4 X 2020-03-13,47.908179
Z2XYMS4 X 2020-03-14,29.570478
Z2XYMS4 X 2020-03-15,46.535198
Z2XYMS4 X 2020-03-16,54.470407
Z2XYMS4 X 2020-03-17,43.395377
Z2XYMS4 X 2020-03-18,65.615563
Z2XYMS4 X 2020-03-19,40.653980
Z2XYMS4 X 2020-03-20,44.486956
Z2XYMS4 X 2020-03-21,65.854794
Z2XYMS4 X 2020-03-22,43.114132
Z2XYMS4 X 2020-03-23,69.849104
Z2XYMS4 X 2020-03-24,69.409290
Z2XYMS4 X 2020-03-25,75.416762
Z2XYMS4 X 2020-03-26,63.572944
Z2XYMS4 X 2020-03-27,72.732626
Z2XYMS4 X 2020-03-28,29.724238
Z2XYMS4 X 2020-03-29,97.012996
Z2XYMS4 X 2020-03-30,64.906393
Z2XYMS4 X 2020-03-31,62.569068
Z2XYMS4 X 2020-04-01,70.847750
Z2XYMS4 X 2020-04-02,55.620598
Z2XYMS4 X 2020-04-03,41.729718
Z2XYMS4 X 2020-04-04,27.667452
ZIESWTR X 2020-01-02,70.481244
ZIESWTR X 2020-01-03,44.583874
ZIESWTR X 2020-01-04,25.716130
ZIESWTR X 2020-01-05,37.172290
ZIESWTR X 2020-01-06,55.637508
ZIESWTR X 2020-01-07,63.472143
ZIESWTR X 2020-01-08,36.595201
ZIESWTR X 2020-01-09,30.657188
ZIESWTR X 2020-01-10,38.858389
ZIESWTR X 2020-01-11,37.751798
ZIESWTR X 2020-01-12,40.481188
ZIESWTR X 2020-01-13,35.022574
ZIESWTR X 2020-01-14,54.559877
ZIESWTR X 2020-01-15,31.600365
ZIESWTR X 2020-01-16,37.413480
ZIESWTR X 2020-01-17,69.593187
ZIESWTR X 2020-01-18,32.837635
ZIESWTR X 2020-01-19,44.896994
ZIESWTR X 2020-01-20,55.134742
ZIESWTR X 2020-01-21,64.049183
ZIESWTR X 2020-01-22,49.366230
ZIESWTR X 2020-01-23,51.786504
ZIESWTR X 2020-01-24,73.315766
ZIESWTR X 2020-01-25,75.454096
ZIESWTR X 2020-01-26,54.978776
ZIESWTR X 2020-01-27,71.324726
ZIESWTR X 2020-01-28,21.694808
ZIESWTR X 2020-01-29,20.978451
ZIESWTR X 2020-01-30,42.545962
ZIESWTR X 2020-01-31,24.089616
ZIESWTR X 2020-02-01,26.973769
ZIESWTR X 2020-02-02,24.281816
ZIESWTR X 2020-02-03,38.032942
ZIESWTR X 2020-02-04,34.422194
ZIESWTR X 2020-02-05,30.829002
ZIESWTR X 2020-02-06,46.725216
ZIESWTR X 2020-02-07,39.515438
ZIESWTR X 2020-02-08,69.385560
ZIESWTR X 2020-02-09,49.244710
ZIESWTR X 2020-02-10,30.955396
ZIESWTR X 2020-02-11,22.286222
ZIESWTR X 2020-02-12,28.070988
ZIESWTR X 2020-02-13,24.454826
ZIESWTR X 2020-02-14,53.370384
ZIESWTR X 2020-02-15,57.724776
ZIESWTR X 2020-02-16,29.727529
ZIESWTR X 2020-02-17,30.567066
ZIESWTR X 2020-02-18,26.044410
ZIESWTR X 2020-02-19,36.418317
ZIESWTR X 2020-02-20,27.846336
ZIESWTR X 2020-02-21,30.460509
ZIESWTR X 2020-02-22,29.853222
ZIESWTR X 2020-02-23,24.037791
ZIESWTR X 2020-02-24,31.459190
ZIESWTR X 2020-02-25,28.839598
ZIESWTR X 2020-02-26,34.952084
ZIESWTR X 2020-02-27,37.632372
ZIESWTR X 2020-02-28,35.494325
ZIESWTR X 2020-02-29,29.069000
ZIESWTR X 2020-03-01,30.044978
ZIESWTR X 2020-03-02,35.129157
ZIESWTR X 2020-03-03,45.266060
ZIESWTR X 2020-03-04,41.837675
ZIESWTR X 2020-03-05,47.205037
ZIESWTR X 2020-03-06,59.914386
ZIESWTR X 2020-03-07,33.275156
ZIESWTR X 2020-03-08,55.578053
ZIESWTR X 2020-03-09,41.166202
ZIESWTR X 2020-03-10,38.529272
ZIESWTR X 2020-03-11,27.206393
ZIESWTR X 2020-03-12,24.629361
ZIESWTR X 2020-03-13,29.346912
ZIESWTR X 2020-03-14,51.671362
ZIESWTR X 2020-03-15,46.941978
ZIESWTR X 2020-03-16,53.844388
ZIESWTR X 2020-03-17,61.448810
ZIESWTR X 2020-03-18,51.596185
ZIESWTR X 2020-03-19,51.230726
ZIESWTR X 2020-03-20,32.711746
ZIESWTR X 2020-03-21,27.319112
ZIESWTR X 2020-03-22,41.883919
ZIESWTR X 2020-03-23,70.185194
ZIESWTR X 2020-03-24,64.044950
ZIESWTR X 2020-03-25,64.142148
ZIESWTR X 2020-03-26,63.431563
ZIESWTR X 2020-03-27,70.949163
ZIESWTR X 2020-03-28,96.326672
ZIESWTR X 2020-03-29,37.929698
ZIESWTR X 2020-03-30,35.510465
ZIESWTR X 2020-03-31,29.916276
ZIESWTR X 2020-04-01,37.534768
ZIESWTR X 2020-04-02,37.337987
ZIESWTR X 2020-04-03,27.529421
ZIESWTR X 2020-04-04,43.372922
ZZDJZMS X 2020-01-02,64.763157
ZZDJZMS X 2020-01-03,81.012829
ZZDJZMS X 2020-01-04,63.498722
ZZDJZMS X 2020-01-05,76.923045
ZZDJZMS X 2020-01-06,88.192060
ZZDJZMS X 2020-01-07,68.283007
ZZDJZMS X 2020-01-08,68.900406
ZZDJZMS X 2020-01-09,51.604070
ZZDJZMS X 2020-01-10,37.594950
ZZDJZMS X 2020-01-11,80.397889
ZZDJZMS X 2020-01-12,67.402714
ZZDJZMS X 2020-01-13,51.505631
ZZDJZMS X 2020-01-14,29.839341
ZZDJZMS X 2020-01-15,38.916824
ZZDJZMS X 2020-01-16,42.519513
ZZDJZMS X 2020-01-17,37.271095
ZZDJZMS X 2020-01-18,53.223917
ZZDJZMS X 2020-01-19,34.783447
ZZDJZMS X 2020-01-20,35.377575
ZZDJZMS X 2020-01-21,46.577470
ZZDJZMS X 2020-01-22,63.437032
ZZDJZMS X 2020-01-23,74.178944
ZZDJZMS X 2020-01-24,46.300328
ZZDJZMS X 2020-01-25,59.244083
ZZDJZMS X 2020-01-26,84.087212
ZZDJZMS X 2020-01-27,33.725408
ZZDJZMS X 2020-01-28,60.816880
ZZDJZMS X 2020-01-29,67.240063
ZZDJZMS X 2020-01-30,30.557500
ZZDJZMS X 2020-01-31,42.762864
ZZDJZMS X 2020-02-01,34.967745
ZZDJZMS X 2020-02-02,32.689549
ZZDJZMS X 2020-02-03,37.606402
ZZDJZMS X 2020-02-04,67.611854
ZZDJZMS X 2020-02-05,63.947926
ZZDJZMS X 2020-02-06,56.375329
ZZDJZMS X 2020-02-07,61.340255
ZZDJZMS X 2020-02-08,49.935926
ZZDJZMS X 2020-02-09,41.503968
ZZDJZMS X 2020-02-10,30.425354
ZZDJZMS X 2020-02-11,61.216389
ZZDJZMS X 2020-02-12,74.338111
ZZDJZMS X 2020-02-13,36.220333
ZZDJZMS X 2020-02-14,59.017471
ZZDJZMS X 2020-02-15,61.657586
ZZDJZMS X 2020-02-16,24.025336
ZZDJZMS X 2020-02-17,35.349683
ZZDJZMS X 2020-02-18,60.827280
ZZDJZMS X 2020-02-19,56.690917
ZZDJZMS X 2020-02-20,54.717750
ZZDJZMS X 2020-02-21,55.891570
ZZDJZMS X 2020-02-22,68.962989
ZZDJZMS X 2020-02-23,66.051747
ZZDJZMS X 2020-02-24,67.893102
ZZDJZMS X 2020-02-25,68.010365
ZZDJZMS X 2020-02-26,33.477456
ZZDJZMS X 2020-02-27,44.315045
ZZDJZMS X 2020-02-28,58.327647
ZZDJZMS X 2020-02-29,40.761504
ZZDJZMS X 2020-03-01,56.980734
ZZDJZMS X 2020-03-02,52.770704
ZZDJZMS X 2020-03-03,42.174198
ZZDJZMS X 2020-03-04,65.352312
ZZDJZMS X 2020-03-05,29.309365
ZZDJZMS X 2020-03-06,39.251373
ZZDJZMS X 2020-03-07,38.315737
ZZDJZMS X 2020-03-08,60.071915
ZZDJZMS X 2020-03-09,34.678345
ZZDJZMS X 2020-03-10,69.567784
ZZDJZMS X 2020-03-11,68.432663
ZZDJZMS X 2020-03-12,69.392278
ZZDJZMS X 2020-03-13,46.001545
ZZDJZMS X 2020-03-14,55.115233
ZZDJZMS X 2020-03-15,58.964768
ZZDJZMS X 2020-03-16,46.570405
ZZDJZMS X 2020-03-17,41.401403
ZZDJZMS X 2020-03-18,76.908897
ZZDJZMS X 2020-03-19,53.611090
ZZDJZMS X 2020-03-20,53.657149
ZZDJZMS X 2020-03-21,38.816206
ZZDJZMS X 2020-03-22,50.821159
ZZDJZMS X 2020-03-23,53.700276
ZZDJZMS X 2020-03-24,55.066832
ZZDJZMS X 2020-03-25,52.330021
ZZDJZMS X 2020-03-26,35.555706
ZZDJZMS X 2020-03-27,60.446298
ZZDJZMS X 2020-03-28,70.518061
ZZDJZMS X 2020-03-29,71.486103
ZZDJZMS X 2020-03-30,37.427783
ZZDJZMS X 2020-03-31,69.415878
ZZDJZMS X 2020-04-01,67.427651
ZZDJZMS X 2020-04-02,56.376977
ZZDJZMS X 2020-04-03,44.216028
ZZDJZMS X 2020-04-04,56.569929
